ISO-10303-21;
HEADER;
FILE_DESCRIPTION(('Open CASCADE Model'),'2;1');
FILE_NAME('Open CASCADE Shape Model','2026-06-25T00:23:21',('Author'),(
    'Open CASCADE'),'Open CASCADE STEP processor 7.8','build123d',
  'Unknown');
FILE_SCHEMA(('AUTOMOTIVE_DESIGN { 1 0 10303 214 1 1 1 1 }'));
ENDSEC;
DATA;
#1 = APPLICATION_PROTOCOL_DEFINITION('international standard',
  'automotive_design',2000,#2);
#2 = APPLICATION_CONTEXT(
  'core data for automotive mechanical design processes');
#3 = SHAPE_DEFINITION_REPRESENTATION(#4,#10);
#4 = PRODUCT_DEFINITION_SHAPE('','',#5);
#5 = PRODUCT_DEFINITION('design','',#6,#9);
#6 = PRODUCT_DEFINITION_FORMATION('','',#7);
#7 = PRODUCT('ASSEMBLY','ASSEMBLY','',(#8));
#8 = PRODUCT_CONTEXT('',#2,'mechanical');
#9 = PRODUCT_DEFINITION_CONTEXT('part definition',#2,'design');
#10 = SHAPE_REPRESENTATION('',(#11,#15,#19,#23,#27),#31);
#11 = AXIS2_PLACEMENT_3D('',#12,#13,#14);
#12 = CARTESIAN_POINT('',(0.,0.,0.));
#13 = DIRECTION('',(0.,0.,1.));
#14 = DIRECTION('',(1.,0.,-0.));
#15 = AXIS2_PLACEMENT_3D('',#16,#17,#18);
#16 = CARTESIAN_POINT('',(0.,0.,0.));
#17 = DIRECTION('',(0.,0.,1.));
#18 = DIRECTION('',(1.,0.,-0.));
#19 = AXIS2_PLACEMENT_3D('',#20,#21,#22);
#20 = CARTESIAN_POINT('',(0.,0.,0.));
#21 = DIRECTION('',(0.,0.,1.));
#22 = DIRECTION('',(1.,0.,-0.));
#23 = AXIS2_PLACEMENT_3D('',#24,#25,#26);
#24 = CARTESIAN_POINT('',(0.,0.,0.));
#25 = DIRECTION('',(0.,0.,1.));
#26 = DIRECTION('',(1.,0.,-0.));
#27 = AXIS2_PLACEMENT_3D('',#28,#29,#30);
#28 = CARTESIAN_POINT('',(0.,0.,0.));
#29 = DIRECTION('',(0.,0.,1.));
#30 = DIRECTION('',(1.,0.,-0.));
#31 = ( GEOMETRIC_REPRESENTATION_CONTEXT(3) 
GLOBAL_UNCERTAINTY_ASSIGNED_CONTEXT((#35)) GLOBAL_UNIT_ASSIGNED_CONTEXT(
(#32,#33,#34)) REPRESENTATION_CONTEXT('Context #1',
  '3D Context with UNIT and UNCERTAINTY') );
#32 = ( LENGTH_UNIT() NAMED_UNIT(*) SI_UNIT(.MILLI.,.METRE.) );
#33 = ( NAMED_UNIT(*) PLANE_ANGLE_UNIT() SI_UNIT($,.RADIAN.) );
#34 = ( NAMED_UNIT(*) SI_UNIT($,.STERADIAN.) SOLID_ANGLE_UNIT() );
#35 = UNCERTAINTY_MEASURE_WITH_UNIT(LENGTH_MEASURE(1.E-07),#32,
  'distance_accuracy_value','confusion accuracy');
#36 = PRODUCT_RELATED_PRODUCT_CATEGORY('part',$,(#7));
#37 = SHAPE_DEFINITION_REPRESENTATION(#38,#44);
#38 = PRODUCT_DEFINITION_SHAPE('','',#39);
#39 = PRODUCT_DEFINITION('design','',#40,#43);
#40 = PRODUCT_DEFINITION_FORMATION('','',#41);
#41 = PRODUCT('Braquet','Braquet','',(#42));
#42 = PRODUCT_CONTEXT('',#2,'mechanical');
#43 = PRODUCT_DEFINITION_CONTEXT('part definition',#2,'design');
#44 = SHAPE_REPRESENTATION('',(#11,#45),#49);
#45 = AXIS2_PLACEMENT_3D('',#46,#47,#48);
#46 = CARTESIAN_POINT('',(0.,0.,0.));
#47 = DIRECTION('',(0.,0.,1.));
#48 = DIRECTION('',(1.,0.,-0.));
#49 = ( GEOMETRIC_REPRESENTATION_CONTEXT(3) 
GLOBAL_UNCERTAINTY_ASSIGNED_CONTEXT((#53)) GLOBAL_UNIT_ASSIGNED_CONTEXT(
(#50,#51,#52)) REPRESENTATION_CONTEXT('Context #1',
  '3D Context with UNIT and UNCERTAINTY') );
#50 = ( LENGTH_UNIT() NAMED_UNIT(*) SI_UNIT(.MILLI.,.METRE.) );
#51 = ( NAMED_UNIT(*) PLANE_ANGLE_UNIT() SI_UNIT($,.RADIAN.) );
#52 = ( NAMED_UNIT(*) SI_UNIT($,.STERADIAN.) SOLID_ANGLE_UNIT() );
#53 = UNCERTAINTY_MEASURE_WITH_UNIT(LENGTH_MEASURE(1.E-07),#50,
  'distance_accuracy_value','confusion accuracy');
#54 = CONTEXT_DEPENDENT_SHAPE_REPRESENTATION(#55,#57);
#55 = ( REPRESENTATION_RELATIONSHIP('','',#44,#10) 
REPRESENTATION_RELATIONSHIP_WITH_TRANSFORMATION(#56) 
SHAPE_REPRESENTATION_RELATIONSHIP() );
#56 = ITEM_DEFINED_TRANSFORMATION('','',#11,#15);
#57 = PRODUCT_DEFINITION_SHAPE('Placement','Placement of an item',#58);
#58 = NEXT_ASSEMBLY_USAGE_OCCURRENCE('2','=>[0:1:1:2]','',#5,#39,$);
#59 = PRODUCT_RELATED_PRODUCT_CATEGORY('part',$,(#41));
#60 = SHAPE_DEFINITION_REPRESENTATION(#61,#67);
#61 = PRODUCT_DEFINITION_SHAPE('','',#62);
#62 = PRODUCT_DEFINITION('design','',#63,#66);
#63 = PRODUCT_DEFINITION_FORMATION('','',#64);
#64 = PRODUCT('SOLID','SOLID','',(#65));
#65 = PRODUCT_CONTEXT('',#2,'mechanical');
#66 = PRODUCT_DEFINITION_CONTEXT('part definition',#2,'design');
#67 = ADVANCED_BREP_SHAPE_REPRESENTATION('',(#11,#68),#5783);
#68 = MANIFOLD_SOLID_BREP('',#69);
#69 = CLOSED_SHELL('',(#70,#548,#1084,#1133,#1508,#2038,#2286,#2333,
    #2691,#2908,#2957,#3006,#3221,#3270,#3297,#3352,#3407,#3462,#3489,
    #3658,#3665,#3692,#3747,#3802,#3829,#3876,#3903,#3930,#3957,#3984,
    #4011,#4038,#4045,#4100,#4155,#4231,#4280,#4329,#4356,#4381,#4388,
    #4464,#4513,#4562,#4589,#4596,#4646,#4696,#4746,#4796,#4824,#4851,
    #4858,#4885,#4940,#5016,#5116,#5165,#5192,#5247,#5274,#5329,#5384,
    #5493,#5520,#5524,#5528,#5532,#5587,#5642,#5697,#5704,#5711,#5718,
    #5725,#5732,#5739,#5743,#5754,#5759,#5763,#5767,#5771,#5775,#5779));
#70 = ADVANCED_FACE('',(#71,#443,#478,#513),#85,.F.);
#71 = FACE_BOUND('',#72,.F.);
#72 = EDGE_LOOP('',(#73,#108,#136,#164,#192,#220,#248,#276,#304,#332,
    #360,#388,#417));
#73 = ORIENTED_EDGE('',*,*,#74,.T.);
#74 = EDGE_CURVE('',#75,#77,#79,.T.);
#75 = VERTEX_POINT('',#76);
#76 = CARTESIAN_POINT('',(-16.,20.,15.));
#77 = VERTEX_POINT('',#78);
#78 = CARTESIAN_POINT('',(-16.,-5.,15.));
#79 = SURFACE_CURVE('',#80,(#84,#96),.PCURVE_S1.);
#80 = LINE('',#81,#82);
#81 = CARTESIAN_POINT('',(-16.,20.,15.));
#82 = VECTOR('',#83,1.);
#83 = DIRECTION('',(0.,-1.,0.));
#84 = PCURVE('',#85,#90);
#85 = PLANE('',#86);
#86 = AXIS2_PLACEMENT_3D('',#87,#88,#89);
#87 = CARTESIAN_POINT('',(-16.,9.856164383562,1.853698630137));
#88 = DIRECTION('',(1.,0.,0.));
#89 = DIRECTION('',(0.,1.,0.));
#90 = DEFINITIONAL_REPRESENTATION('',(#91),#95);
#91 = LINE('',#92,#93);
#92 = CARTESIAN_POINT('',(10.143835616438,13.146301369863));
#93 = VECTOR('',#94,1.);
#94 = DIRECTION('',(-1.,0.));
#95 = ( GEOMETRIC_REPRESENTATION_CONTEXT(2) 
PARAMETRIC_REPRESENTATION_CONTEXT() REPRESENTATION_CONTEXT('2D SPACE',''
  ) );
#96 = PCURVE('',#97,#102);
#97 = PLANE('',#98);
#98 = AXIS2_PLACEMENT_3D('',#99,#100,#101);
#99 = CARTESIAN_POINT('',(-16.,20.,15.));
#100 = DIRECTION('',(0.,0.,-1.));
#101 = DIRECTION('',(0.,-1.,0.));
#102 = DEFINITIONAL_REPRESENTATION('',(#103),#107);
#103 = LINE('',#104,#105);
#104 = CARTESIAN_POINT('',(0.,-0.));
#105 = VECTOR('',#106,1.);
#106 = DIRECTION('',(1.,0.));
#107 = ( GEOMETRIC_REPRESENTATION_CONTEXT(2) 
PARAMETRIC_REPRESENTATION_CONTEXT() REPRESENTATION_CONTEXT('2D SPACE',''
  ) );
#108 = ORIENTED_EDGE('',*,*,#109,.T.);
#109 = EDGE_CURVE('',#77,#110,#112,.T.);
#110 = VERTEX_POINT('',#111);
#111 = CARTESIAN_POINT('',(-16.,-5.,10.2));
#112 = SURFACE_CURVE('',#113,(#117,#124),.PCURVE_S1.);
#113 = LINE('',#114,#115);
#114 = CARTESIAN_POINT('',(-16.,-5.,15.));
#115 = VECTOR('',#116,1.);
#116 = DIRECTION('',(0.,0.,-1.));
#117 = PCURVE('',#85,#118);
#118 = DEFINITIONAL_REPRESENTATION('',(#119),#123);
#119 = LINE('',#120,#121);
#120 = CARTESIAN_POINT('',(-14.85616438356,13.146301369863));
#121 = VECTOR('',#122,1.);
#122 = DIRECTION('',(0.,-1.));
#123 = ( GEOMETRIC_REPRESENTATION_CONTEXT(2) 
PARAMETRIC_REPRESENTATION_CONTEXT() REPRESENTATION_CONTEXT('2D SPACE',''
  ) );
#124 = PCURVE('',#125,#130);
#125 = PLANE('',#126);
#126 = AXIS2_PLACEMENT_3D('',#127,#128,#129);
#127 = CARTESIAN_POINT('',(-14.5,-6.5,15.));
#128 = DIRECTION('',(-0.707106781187,-0.707106781187,0.));
#129 = DIRECTION('',(0.,0.,-1.));
#130 = DEFINITIONAL_REPRESENTATION('',(#131),#135);
#131 = LINE('',#132,#133);
#132 = CARTESIAN_POINT('',(0.,-2.12132034356));
#133 = VECTOR('',#134,1.);
#134 = DIRECTION('',(1.,0.));
#135 = ( GEOMETRIC_REPRESENTATION_CONTEXT(2) 
PARAMETRIC_REPRESENTATION_CONTEXT() REPRESENTATION_CONTEXT('2D SPACE',''
  ) );
#136 = ORIENTED_EDGE('',*,*,#137,.T.);
#137 = EDGE_CURVE('',#110,#138,#140,.T.);
#138 = VERTEX_POINT('',#139);
#139 = CARTESIAN_POINT('',(-16.,13.,10.2));
#140 = SURFACE_CURVE('',#141,(#145,#152),.PCURVE_S1.);
#141 = LINE('',#142,#143);
#142 = CARTESIAN_POINT('',(-16.,-8.,10.2));
#143 = VECTOR('',#144,1.);
#144 = DIRECTION('',(0.,1.,0.));
#145 = PCURVE('',#85,#146);
#146 = DEFINITIONAL_REPRESENTATION('',(#147),#151);
#147 = LINE('',#148,#149);
#148 = CARTESIAN_POINT('',(-17.85616438356,8.346301369863));
#149 = VECTOR('',#150,1.);
#150 = DIRECTION('',(1.,0.));
#151 = ( GEOMETRIC_REPRESENTATION_CONTEXT(2) 
PARAMETRIC_REPRESENTATION_CONTEXT() REPRESENTATION_CONTEXT('2D SPACE',''
  ) );
#152 = PCURVE('',#153,#158);
#153 = PLANE('',#154);
#154 = AXIS2_PLACEMENT_3D('',#155,#156,#157);
#155 = CARTESIAN_POINT('',(-16.,-8.,10.2));
#156 = DIRECTION('',(0.,0.,1.));
#157 = DIRECTION('',(0.,1.,0.));
#158 = DEFINITIONAL_REPRESENTATION('',(#159),#163);
#159 = LINE('',#160,#161);
#160 = CARTESIAN_POINT('',(0.,0.));
#161 = VECTOR('',#162,1.);
#162 = DIRECTION('',(1.,0.));
#163 = ( GEOMETRIC_REPRESENTATION_CONTEXT(2) 
PARAMETRIC_REPRESENTATION_CONTEXT() REPRESENTATION_CONTEXT('2D SPACE',''
  ) );
#164 = ORIENTED_EDGE('',*,*,#165,.T.);
#165 = EDGE_CURVE('',#138,#166,#168,.T.);
#166 = VERTEX_POINT('',#167);
#167 = CARTESIAN_POINT('',(-16.,13.,-0.2));
#168 = SURFACE_CURVE('',#169,(#173,#180),.PCURVE_S1.);
#169 = LINE('',#170,#171);
#170 = CARTESIAN_POINT('',(-16.,13.,10.2));
#171 = VECTOR('',#172,1.);
#172 = DIRECTION('',(0.,0.,-1.));
#173 = PCURVE('',#85,#174);
#174 = DEFINITIONAL_REPRESENTATION('',(#175),#179);
#175 = LINE('',#176,#177);
#176 = CARTESIAN_POINT('',(3.143835616438,8.346301369863));
#177 = VECTOR('',#178,1.);
#178 = DIRECTION('',(0.,-1.));
#179 = ( GEOMETRIC_REPRESENTATION_CONTEXT(2) 
PARAMETRIC_REPRESENTATION_CONTEXT() REPRESENTATION_CONTEXT('2D SPACE',''
  ) );
#180 = PCURVE('',#181,#186);
#181 = PLANE('',#182);
#182 = AXIS2_PLACEMENT_3D('',#183,#184,#185);
#183 = CARTESIAN_POINT('',(-16.,13.,10.2));
#184 = DIRECTION('',(0.,1.,0.));
#185 = DIRECTION('',(0.,0.,-1.));
#186 = DEFINITIONAL_REPRESENTATION('',(#187),#191);
#187 = LINE('',#188,#189);
#188 = CARTESIAN_POINT('',(0.,0.));
#189 = VECTOR('',#190,1.);
#190 = DIRECTION('',(1.,0.));
#191 = ( GEOMETRIC_REPRESENTATION_CONTEXT(2) 
PARAMETRIC_REPRESENTATION_CONTEXT() REPRESENTATION_CONTEXT('2D SPACE',''
  ) );
#192 = ORIENTED_EDGE('',*,*,#193,.T.);
#193 = EDGE_CURVE('',#166,#194,#196,.T.);
#194 = VERTEX_POINT('',#195);
#195 = CARTESIAN_POINT('',(-16.,5.,-0.2));
#196 = SURFACE_CURVE('',#197,(#201,#208),.PCURVE_S1.);
#197 = LINE('',#198,#199);
#198 = CARTESIAN_POINT('',(-16.,13.,-0.2));
#199 = VECTOR('',#200,1.);
#200 = DIRECTION('',(0.,-1.,0.));
#201 = PCURVE('',#85,#202);
#202 = DEFINITIONAL_REPRESENTATION('',(#203),#207);
#203 = LINE('',#204,#205);
#204 = CARTESIAN_POINT('',(3.143835616438,-2.053698630137));
#205 = VECTOR('',#206,1.);
#206 = DIRECTION('',(-1.,0.));
#207 = ( GEOMETRIC_REPRESENTATION_CONTEXT(2) 
PARAMETRIC_REPRESENTATION_CONTEXT() REPRESENTATION_CONTEXT('2D SPACE',''
  ) );
#208 = PCURVE('',#209,#214);
#209 = PLANE('',#210);
#210 = AXIS2_PLACEMENT_3D('',#211,#212,#213);
#211 = CARTESIAN_POINT('',(-16.,13.,-0.2));
#212 = DIRECTION('',(0.,0.,-1.));
#213 = DIRECTION('',(0.,-1.,0.));
#214 = DEFINITIONAL_REPRESENTATION('',(#215),#219);
#215 = LINE('',#216,#217);
#216 = CARTESIAN_POINT('',(0.,-0.));
#217 = VECTOR('',#218,1.);
#218 = DIRECTION('',(1.,0.));
#219 = ( GEOMETRIC_REPRESENTATION_CONTEXT(2) 
PARAMETRIC_REPRESENTATION_CONTEXT() REPRESENTATION_CONTEXT('2D SPACE',''
  ) );
#220 = ORIENTED_EDGE('',*,*,#221,.T.);
#221 = EDGE_CURVE('',#194,#222,#224,.T.);
#222 = VERTEX_POINT('',#223);
#223 = CARTESIAN_POINT('',(-16.,5.,-3.8));
#224 = SURFACE_CURVE('',#225,(#229,#236),.PCURVE_S1.);
#225 = LINE('',#226,#227);
#226 = CARTESIAN_POINT('',(-16.,5.,-0.2));
#227 = VECTOR('',#228,1.);
#228 = DIRECTION('',(0.,0.,-1.));
#229 = PCURVE('',#85,#230);
#230 = DEFINITIONAL_REPRESENTATION('',(#231),#235);
#231 = LINE('',#232,#233);
#232 = CARTESIAN_POINT('',(-4.856164383562,-2.053698630137));
#233 = VECTOR('',#234,1.);
#234 = DIRECTION('',(0.,-1.));
#235 = ( GEOMETRIC_REPRESENTATION_CONTEXT(2) 
PARAMETRIC_REPRESENTATION_CONTEXT() REPRESENTATION_CONTEXT('2D SPACE',''
  ) );
#236 = PCURVE('',#237,#242);
#237 = PLANE('',#238);
#238 = AXIS2_PLACEMENT_3D('',#239,#240,#241);
#239 = CARTESIAN_POINT('',(-16.,5.,-0.2));
#240 = DIRECTION('',(0.,1.,0.));
#241 = DIRECTION('',(0.,0.,-1.));
#242 = DEFINITIONAL_REPRESENTATION('',(#243),#247);
#243 = LINE('',#244,#245);
#244 = CARTESIAN_POINT('',(0.,0.));
#245 = VECTOR('',#246,1.);
#246 = DIRECTION('',(1.,0.));
#247 = ( GEOMETRIC_REPRESENTATION_CONTEXT(2) 
PARAMETRIC_REPRESENTATION_CONTEXT() REPRESENTATION_CONTEXT('2D SPACE',''
  ) );
#248 = ORIENTED_EDGE('',*,*,#249,.T.);
#249 = EDGE_CURVE('',#222,#250,#252,.T.);
#250 = VERTEX_POINT('',#251);
#251 = CARTESIAN_POINT('',(-16.,11.6,-3.8));
#252 = SURFACE_CURVE('',#253,(#257,#264),.PCURVE_S1.);
#253 = LINE('',#254,#255);
#254 = CARTESIAN_POINT('',(-16.,5.,-3.8));
#255 = VECTOR('',#256,1.);
#256 = DIRECTION('',(0.,1.,0.));
#257 = PCURVE('',#85,#258);
#258 = DEFINITIONAL_REPRESENTATION('',(#259),#263);
#259 = LINE('',#260,#261);
#260 = CARTESIAN_POINT('',(-4.856164383562,-5.653698630137));
#261 = VECTOR('',#262,1.);
#262 = DIRECTION('',(1.,0.));
#263 = ( GEOMETRIC_REPRESENTATION_CONTEXT(2) 
PARAMETRIC_REPRESENTATION_CONTEXT() REPRESENTATION_CONTEXT('2D SPACE',''
  ) );
#264 = PCURVE('',#265,#270);
#265 = PLANE('',#266);
#266 = AXIS2_PLACEMENT_3D('',#267,#268,#269);
#267 = CARTESIAN_POINT('',(-16.,5.,-3.8));
#268 = DIRECTION('',(0.,0.,1.));
#269 = DIRECTION('',(0.,1.,0.));
#270 = DEFINITIONAL_REPRESENTATION('',(#271),#275);
#271 = LINE('',#272,#273);
#272 = CARTESIAN_POINT('',(0.,0.));
#273 = VECTOR('',#274,1.);
#274 = DIRECTION('',(1.,0.));
#275 = ( GEOMETRIC_REPRESENTATION_CONTEXT(2) 
PARAMETRIC_REPRESENTATION_CONTEXT() REPRESENTATION_CONTEXT('2D SPACE',''
  ) );
#276 = ORIENTED_EDGE('',*,*,#277,.T.);
#277 = EDGE_CURVE('',#250,#278,#280,.T.);
#278 = VERTEX_POINT('',#279);
#279 = CARTESIAN_POINT('',(-16.,11.6,-10.6));
#280 = SURFACE_CURVE('',#281,(#285,#292),.PCURVE_S1.);
#281 = LINE('',#282,#283);
#282 = CARTESIAN_POINT('',(-16.,11.6,-3.8));
#283 = VECTOR('',#284,1.);
#284 = DIRECTION('',(0.,0.,-1.));
#285 = PCURVE('',#85,#286);
#286 = DEFINITIONAL_REPRESENTATION('',(#287),#291);
#287 = LINE('',#288,#289);
#288 = CARTESIAN_POINT('',(1.743835616438,-5.653698630137));
#289 = VECTOR('',#290,1.);
#290 = DIRECTION('',(0.,-1.));
#291 = ( GEOMETRIC_REPRESENTATION_CONTEXT(2) 
PARAMETRIC_REPRESENTATION_CONTEXT() REPRESENTATION_CONTEXT('2D SPACE',''
  ) );
#292 = PCURVE('',#293,#298);
#293 = PLANE('',#294);
#294 = AXIS2_PLACEMENT_3D('',#295,#296,#297);
#295 = CARTESIAN_POINT('',(-16.,11.6,-3.8));
#296 = DIRECTION('',(0.,1.,0.));
#297 = DIRECTION('',(0.,0.,-1.));
#298 = DEFINITIONAL_REPRESENTATION('',(#299),#303);
#299 = LINE('',#300,#301);
#300 = CARTESIAN_POINT('',(0.,0.));
#301 = VECTOR('',#302,1.);
#302 = DIRECTION('',(1.,0.));
#303 = ( GEOMETRIC_REPRESENTATION_CONTEXT(2) 
PARAMETRIC_REPRESENTATION_CONTEXT() REPRESENTATION_CONTEXT('2D SPACE',''
  ) );
#304 = ORIENTED_EDGE('',*,*,#305,.T.);
#305 = EDGE_CURVE('',#278,#306,#308,.T.);
#306 = VERTEX_POINT('',#307);
#307 = CARTESIAN_POINT('',(-16.,-20.8,-10.6));
#308 = SURFACE_CURVE('',#309,(#313,#320),.PCURVE_S1.);
#309 = LINE('',#310,#311);
#310 = CARTESIAN_POINT('',(-16.,11.6,-10.6));
#311 = VECTOR('',#312,1.);
#312 = DIRECTION('',(0.,-1.,0.));
#313 = PCURVE('',#85,#314);
#314 = DEFINITIONAL_REPRESENTATION('',(#315),#319);
#315 = LINE('',#316,#317);
#316 = CARTESIAN_POINT('',(1.743835616438,-12.45369863013));
#317 = VECTOR('',#318,1.);
#318 = DIRECTION('',(-1.,0.));
#319 = ( GEOMETRIC_REPRESENTATION_CONTEXT(2) 
PARAMETRIC_REPRESENTATION_CONTEXT() REPRESENTATION_CONTEXT('2D SPACE',''
  ) );
#320 = PCURVE('',#321,#326);
#321 = PLANE('',#322);
#322 = AXIS2_PLACEMENT_3D('',#323,#324,#325);
#323 = CARTESIAN_POINT('',(-16.,11.6,-10.6));
#324 = DIRECTION('',(0.,0.,-1.));
#325 = DIRECTION('',(0.,-1.,0.));
#326 = DEFINITIONAL_REPRESENTATION('',(#327),#331);
#327 = LINE('',#328,#329);
#328 = CARTESIAN_POINT('',(0.,-0.));
#329 = VECTOR('',#330,1.);
#330 = DIRECTION('',(1.,0.));
#331 = ( GEOMETRIC_REPRESENTATION_CONTEXT(2) 
PARAMETRIC_REPRESENTATION_CONTEXT() REPRESENTATION_CONTEXT('2D SPACE',''
  ) );
#332 = ORIENTED_EDGE('',*,*,#333,.T.);
#333 = EDGE_CURVE('',#306,#334,#336,.T.);
#334 = VERTEX_POINT('',#335);
#335 = CARTESIAN_POINT('',(-16.,-20.8,-16.6));
#336 = SURFACE_CURVE('',#337,(#341,#348),.PCURVE_S1.);
#337 = LINE('',#338,#339);
#338 = CARTESIAN_POINT('',(-16.,-20.8,-10.6));
#339 = VECTOR('',#340,1.);
#340 = DIRECTION('',(0.,0.,-1.));
#341 = PCURVE('',#85,#342);
#342 = DEFINITIONAL_REPRESENTATION('',(#343),#347);
#343 = LINE('',#344,#345);
#344 = CARTESIAN_POINT('',(-30.65616438356,-12.45369863013));
#345 = VECTOR('',#346,1.);
#346 = DIRECTION('',(0.,-1.));
#347 = ( GEOMETRIC_REPRESENTATION_CONTEXT(2) 
PARAMETRIC_REPRESENTATION_CONTEXT() REPRESENTATION_CONTEXT('2D SPACE',''
  ) );
#348 = PCURVE('',#349,#354);
#349 = PLANE('',#350);
#350 = AXIS2_PLACEMENT_3D('',#351,#352,#353);
#351 = CARTESIAN_POINT('',(-14.5,-22.3,-10.6));
#352 = DIRECTION('',(-0.707106781187,-0.707106781187,0.));
#353 = DIRECTION('',(0.,0.,-1.));
#354 = DEFINITIONAL_REPRESENTATION('',(#355),#359);
#355 = LINE('',#356,#357);
#356 = CARTESIAN_POINT('',(0.,-2.12132034356));
#357 = VECTOR('',#358,1.);
#358 = DIRECTION('',(1.,0.));
#359 = ( GEOMETRIC_REPRESENTATION_CONTEXT(2) 
PARAMETRIC_REPRESENTATION_CONTEXT() REPRESENTATION_CONTEXT('2D SPACE',''
  ) );
#360 = ORIENTED_EDGE('',*,*,#361,.F.);
#361 = EDGE_CURVE('',#362,#334,#364,.T.);
#362 = VERTEX_POINT('',#363);
#363 = CARTESIAN_POINT('',(-16.,15.,-16.6));
#364 = SURFACE_CURVE('',#365,(#369,#376),.PCURVE_S1.);
#365 = LINE('',#366,#367);
#366 = CARTESIAN_POINT('',(-16.,20.,-16.6));
#367 = VECTOR('',#368,1.);
#368 = DIRECTION('',(0.,-1.,0.));
#369 = PCURVE('',#85,#370);
#370 = DEFINITIONAL_REPRESENTATION('',(#371),#375);
#371 = LINE('',#372,#373);
#372 = CARTESIAN_POINT('',(10.143835616438,-18.45369863013));
#373 = VECTOR('',#374,1.);
#374 = DIRECTION('',(-1.,0.));
#375 = ( GEOMETRIC_REPRESENTATION_CONTEXT(2) 
PARAMETRIC_REPRESENTATION_CONTEXT() REPRESENTATION_CONTEXT('2D SPACE',''
  ) );
#376 = PCURVE('',#377,#382);
#377 = PLANE('',#378);
#378 = AXIS2_PLACEMENT_3D('',#379,#380,#381);
#379 = CARTESIAN_POINT('',(-16.,6.2,-16.6));
#380 = DIRECTION('',(0.,0.,1.));
#381 = DIRECTION('',(0.,1.,0.));
#382 = DEFINITIONAL_REPRESENTATION('',(#383),#387);
#383 = LINE('',#384,#385);
#384 = CARTESIAN_POINT('',(13.8,0.));
#385 = VECTOR('',#386,1.);
#386 = DIRECTION('',(-1.,0.));
#387 = ( GEOMETRIC_REPRESENTATION_CONTEXT(2) 
PARAMETRIC_REPRESENTATION_CONTEXT() REPRESENTATION_CONTEXT('2D SPACE',''
  ) );
#388 = ORIENTED_EDGE('',*,*,#389,.T.);
#389 = EDGE_CURVE('',#362,#390,#392,.T.);
#390 = VERTEX_POINT('',#391);
#391 = CARTESIAN_POINT('',(-16.,20.,-11.6));
#392 = SURFACE_CURVE('',#393,(#398,#405),.PCURVE_S1.);
#393 = CIRCLE('',#394,5.);
#394 = AXIS2_PLACEMENT_3D('',#395,#396,#397);
#395 = CARTESIAN_POINT('',(-16.,15.,-11.6));
#396 = DIRECTION('',(1.,0.,-0.));
#397 = DIRECTION('',(0.,0.,1.));
#398 = PCURVE('',#85,#399);
#399 = DEFINITIONAL_REPRESENTATION('',(#400),#404);
#400 = CIRCLE('',#401,5.);
#401 = AXIS2_PLACEMENT_2D('',#402,#403);
#402 = CARTESIAN_POINT('',(5.143835616438,-13.45369863013));
#403 = DIRECTION('',(0.,1.));
#404 = ( GEOMETRIC_REPRESENTATION_CONTEXT(2) 
PARAMETRIC_REPRESENTATION_CONTEXT() REPRESENTATION_CONTEXT('2D SPACE',''
  ) );
#405 = PCURVE('',#406,#411);
#406 = CYLINDRICAL_SURFACE('',#407,5.);
#407 = AXIS2_PLACEMENT_3D('',#408,#409,#410);
#408 = CARTESIAN_POINT('',(-16.,15.,-11.6));
#409 = DIRECTION('',(1.,0.,0.));
#410 = DIRECTION('',(0.,0.,-1.));
#411 = DEFINITIONAL_REPRESENTATION('',(#412),#416);
#412 = LINE('',#413,#414);
#413 = CARTESIAN_POINT('',(-3.14159265359,0.));
#414 = VECTOR('',#415,1.);
#415 = DIRECTION('',(1.,0.));
#416 = ( GEOMETRIC_REPRESENTATION_CONTEXT(2) 
PARAMETRIC_REPRESENTATION_CONTEXT() REPRESENTATION_CONTEXT('2D SPACE',''
  ) );
#417 = ORIENTED_EDGE('',*,*,#418,.T.);
#418 = EDGE_CURVE('',#390,#75,#419,.T.);
#419 = SURFACE_CURVE('',#420,(#424,#431),.PCURVE_S1.);
#420 = LINE('',#421,#422);
#421 = CARTESIAN_POINT('',(-16.,20.,-16.6));
#422 = VECTOR('',#423,1.);
#423 = DIRECTION('',(0.,0.,1.));
#424 = PCURVE('',#85,#425);
#425 = DEFINITIONAL_REPRESENTATION('',(#426),#430);
#426 = LINE('',#427,#428);
#427 = CARTESIAN_POINT('',(10.143835616438,-18.45369863013));
#428 = VECTOR('',#429,1.);
#429 = DIRECTION('',(0.,1.));
#430 = ( GEOMETRIC_REPRESENTATION_CONTEXT(2) 
PARAMETRIC_REPRESENTATION_CONTEXT() REPRESENTATION_CONTEXT('2D SPACE',''
  ) );
#431 = PCURVE('',#432,#437);
#432 = PLANE('',#433);
#433 = AXIS2_PLACEMENT_3D('',#434,#435,#436);
#434 = CARTESIAN_POINT('',(-16.,20.,-16.6));
#435 = DIRECTION('',(0.,-1.,0.));
#436 = DIRECTION('',(0.,0.,1.));
#437 = DEFINITIONAL_REPRESENTATION('',(#438),#442);
#438 = LINE('',#439,#440);
#439 = CARTESIAN_POINT('',(0.,0.));
#440 = VECTOR('',#441,1.);
#441 = DIRECTION('',(1.,0.));
#442 = ( GEOMETRIC_REPRESENTATION_CONTEXT(2) 
PARAMETRIC_REPRESENTATION_CONTEXT() REPRESENTATION_CONTEXT('2D SPACE',''
  ) );
#443 = FACE_BOUND('',#444,.F.);
#444 = EDGE_LOOP('',(#445));
#445 = ORIENTED_EDGE('',*,*,#446,.T.);
#446 = EDGE_CURVE('',#447,#447,#449,.T.);
#447 = VERTEX_POINT('',#448);
#448 = CARTESIAN_POINT('',(-16.,16.5,-0.5));
#449 = SURFACE_CURVE('',#450,(#455,#466),.PCURVE_S1.);
#450 = CIRCLE('',#451,1.5);
#451 = AXIS2_PLACEMENT_3D('',#452,#453,#454);
#452 = CARTESIAN_POINT('',(-16.,16.5,-2.));
#453 = DIRECTION('',(-1.,0.,1.110223024625E-16));
#454 = DIRECTION('',(1.110223024625E-16,0.,1.));
#455 = PCURVE('',#85,#456);
#456 = DEFINITIONAL_REPRESENTATION('',(#457),#465);
#457 = ( BOUNDED_CURVE() B_SPLINE_CURVE(2,(#458,#459,#460,#461,#462,#463
,#464),.UNSPECIFIED.,.T.,.F.) B_SPLINE_CURVE_WITH_KNOTS((1,2,2,2,2,1),(
    -2.094395102393,0.,2.094395102393,4.188790204786,6.28318530718,
8.377580409573),.UNSPECIFIED.) CURVE() GEOMETRIC_REPRESENTATION_ITEM() 
RATIONAL_B_SPLINE_CURVE((1.,0.5,1.,0.5,1.,0.5,1.)) REPRESENTATION_ITEM(
  '') );
#458 = CARTESIAN_POINT('',(6.643835616438,-2.353698630137));
#459 = CARTESIAN_POINT('',(9.241911827792,-2.353698630137));
#460 = CARTESIAN_POINT('',(7.942873722115,-4.603698630137));
#461 = CARTESIAN_POINT('',(6.643835616438,-6.853698630137));
#462 = CARTESIAN_POINT('',(5.344797510762,-4.603698630137));
#463 = CARTESIAN_POINT('',(4.045759405085,-2.353698630137));
#464 = CARTESIAN_POINT('',(6.643835616438,-2.353698630137));
#465 = ( GEOMETRIC_REPRESENTATION_CONTEXT(2) 
PARAMETRIC_REPRESENTATION_CONTEXT() REPRESENTATION_CONTEXT('2D SPACE',''
  ) );
#466 = PCURVE('',#467,#472);
#467 = CYLINDRICAL_SURFACE('',#468,1.5);
#468 = AXIS2_PLACEMENT_3D('',#469,#470,#471);
#469 = CARTESIAN_POINT('',(-13.,16.5,-2.));
#470 = DIRECTION('',(-1.,0.,1.110223024625E-16));
#471 = DIRECTION('',(1.110223024625E-16,0.,1.));
#472 = DEFINITIONAL_REPRESENTATION('',(#473),#477);
#473 = LINE('',#474,#475);
#474 = CARTESIAN_POINT('',(0.,3.));
#475 = VECTOR('',#476,1.);
#476 = DIRECTION('',(1.,0.));
#477 = ( GEOMETRIC_REPRESENTATION_CONTEXT(2) 
PARAMETRIC_REPRESENTATION_CONTEXT() REPRESENTATION_CONTEXT('2D SPACE',''
  ) );
#478 = FACE_BOUND('',#479,.F.);
#479 = EDGE_LOOP('',(#480));
#480 = ORIENTED_EDGE('',*,*,#481,.T.);
#481 = EDGE_CURVE('',#482,#482,#484,.T.);
#482 = VERTEX_POINT('',#483);
#483 = CARTESIAN_POINT('',(-16.,-3.673940397442E-16,14.1));
#484 = SURFACE_CURVE('',#485,(#490,#501),.PCURVE_S1.);
#485 = CIRCLE('',#486,1.5);
#486 = AXIS2_PLACEMENT_3D('',#487,#488,#489);
#487 = CARTESIAN_POINT('',(-16.,0.,12.6));
#488 = DIRECTION('',(-1.,0.,1.110223024625E-16));
#489 = DIRECTION('',(1.110223024625E-16,0.,1.));
#490 = PCURVE('',#85,#491);
#491 = DEFINITIONAL_REPRESENTATION('',(#492),#500);
#492 = ( BOUNDED_CURVE() B_SPLINE_CURVE(2,(#493,#494,#495,#496,#497,#498
,#499),.UNSPECIFIED.,.T.,.F.) B_SPLINE_CURVE_WITH_KNOTS((1,2,2,2,2,1),(
    -2.094395102393,0.,2.094395102393,4.188790204786,6.28318530718,
8.377580409573),.UNSPECIFIED.) CURVE() GEOMETRIC_REPRESENTATION_ITEM() 
RATIONAL_B_SPLINE_CURVE((1.,0.5,1.,0.5,1.,0.5,1.)) REPRESENTATION_ITEM(
  '') );
#493 = CARTESIAN_POINT('',(-9.856164383562,12.246301369863));
#494 = CARTESIAN_POINT('',(-7.258088172208,12.246301369863));
#495 = CARTESIAN_POINT('',(-8.557126277885,9.996301369863));
#496 = CARTESIAN_POINT('',(-9.856164383562,7.746301369863));
#497 = CARTESIAN_POINT('',(-11.15520248923,9.996301369863));
#498 = CARTESIAN_POINT('',(-12.45424059491,12.246301369863));
#499 = CARTESIAN_POINT('',(-9.856164383562,12.246301369863));
#500 = ( GEOMETRIC_REPRESENTATION_CONTEXT(2) 
PARAMETRIC_REPRESENTATION_CONTEXT() REPRESENTATION_CONTEXT('2D SPACE',''
  ) );
#501 = PCURVE('',#502,#507);
#502 = CYLINDRICAL_SURFACE('',#503,1.5);
#503 = AXIS2_PLACEMENT_3D('',#504,#505,#506);
#504 = CARTESIAN_POINT('',(-13.,0.,12.6));
#505 = DIRECTION('',(-1.,0.,1.110223024625E-16));
#506 = DIRECTION('',(1.110223024625E-16,0.,1.));
#507 = DEFINITIONAL_REPRESENTATION('',(#508),#512);
#508 = LINE('',#509,#510);
#509 = CARTESIAN_POINT('',(0.,3.));
#510 = VECTOR('',#511,1.);
#511 = DIRECTION('',(1.,0.));
#512 = ( GEOMETRIC_REPRESENTATION_CONTEXT(2) 
PARAMETRIC_REPRESENTATION_CONTEXT() REPRESENTATION_CONTEXT('2D SPACE',''
  ) );
#513 = FACE_BOUND('',#514,.F.);
#514 = EDGE_LOOP('',(#515));
#515 = ORIENTED_EDGE('',*,*,#516,.T.);
#516 = EDGE_CURVE('',#517,#517,#519,.T.);
#517 = VERTEX_POINT('',#518);
#518 = CARTESIAN_POINT('',(-16.,16.5,10.1));
#519 = SURFACE_CURVE('',#520,(#525,#536),.PCURVE_S1.);
#520 = CIRCLE('',#521,1.5);
#521 = AXIS2_PLACEMENT_3D('',#522,#523,#524);
#522 = CARTESIAN_POINT('',(-16.,16.5,8.6));
#523 = DIRECTION('',(-1.,0.,1.110223024625E-16));
#524 = DIRECTION('',(1.110223024625E-16,0.,1.));
#525 = PCURVE('',#85,#526);
#526 = DEFINITIONAL_REPRESENTATION('',(#527),#535);
#527 = ( BOUNDED_CURVE() B_SPLINE_CURVE(2,(#528,#529,#530,#531,#532,#533
,#534),.UNSPECIFIED.,.T.,.F.) B_SPLINE_CURVE_WITH_KNOTS((1,2,2,2,2,1),(
    -2.094395102393,0.,2.094395102393,4.188790204786,6.28318530718,
8.377580409573),.UNSPECIFIED.) CURVE() GEOMETRIC_REPRESENTATION_ITEM() 
RATIONAL_B_SPLINE_CURVE((1.,0.5,1.,0.5,1.,0.5,1.)) REPRESENTATION_ITEM(
  '') );
#528 = CARTESIAN_POINT('',(6.643835616438,8.246301369863));
#529 = CARTESIAN_POINT('',(9.241911827792,8.246301369863));
#530 = CARTESIAN_POINT('',(7.942873722115,5.996301369863));
#531 = CARTESIAN_POINT('',(6.643835616438,3.746301369863));
#532 = CARTESIAN_POINT('',(5.344797510762,5.996301369863));
#533 = CARTESIAN_POINT('',(4.045759405085,8.246301369863));
#534 = CARTESIAN_POINT('',(6.643835616438,8.246301369863));
#535 = ( GEOMETRIC_REPRESENTATION_CONTEXT(2) 
PARAMETRIC_REPRESENTATION_CONTEXT() REPRESENTATION_CONTEXT('2D SPACE',''
  ) );
#536 = PCURVE('',#537,#542);
#537 = CYLINDRICAL_SURFACE('',#538,1.5);
#538 = AXIS2_PLACEMENT_3D('',#539,#540,#541);
#539 = CARTESIAN_POINT('',(-13.,16.5,8.6));
#540 = DIRECTION('',(-1.,0.,1.110223024625E-16));
#541 = DIRECTION('',(1.110223024625E-16,0.,1.));
#542 = DEFINITIONAL_REPRESENTATION('',(#543),#547);
#543 = LINE('',#544,#545);
#544 = CARTESIAN_POINT('',(0.,3.));
#545 = VECTOR('',#546,1.);
#546 = DIRECTION('',(1.,0.));
#547 = ( GEOMETRIC_REPRESENTATION_CONTEXT(2) 
PARAMETRIC_REPRESENTATION_CONTEXT() REPRESENTATION_CONTEXT('2D SPACE',''
  ) );
#548 = ADVANCED_FACE('',(#549,#680,#715,#746,#777,#812,#1022,#1053),#97,
  .F.);
#549 = FACE_BOUND('',#550,.F.);
#550 = EDGE_LOOP('',(#551,#552,#575,#603,#631,#659));
#551 = ORIENTED_EDGE('',*,*,#74,.F.);
#552 = ORIENTED_EDGE('',*,*,#553,.T.);
#553 = EDGE_CURVE('',#75,#554,#556,.T.);
#554 = VERTEX_POINT('',#555);
#555 = CARTESIAN_POINT('',(16.,20.,15.));
#556 = SURFACE_CURVE('',#557,(#561,#568),.PCURVE_S1.);
#557 = LINE('',#558,#559);
#558 = CARTESIAN_POINT('',(-16.,20.,15.));
#559 = VECTOR('',#560,1.);
#560 = DIRECTION('',(1.,0.,0.));
#561 = PCURVE('',#97,#562);
#562 = DEFINITIONAL_REPRESENTATION('',(#563),#567);
#563 = LINE('',#564,#565);
#564 = CARTESIAN_POINT('',(0.,-0.));
#565 = VECTOR('',#566,1.);
#566 = DIRECTION('',(0.,-1.));
#567 = ( GEOMETRIC_REPRESENTATION_CONTEXT(2) 
PARAMETRIC_REPRESENTATION_CONTEXT() REPRESENTATION_CONTEXT('2D SPACE',''
  ) );
#568 = PCURVE('',#432,#569);
#569 = DEFINITIONAL_REPRESENTATION('',(#570),#574);
#570 = LINE('',#571,#572);
#571 = CARTESIAN_POINT('',(31.6,0.));
#572 = VECTOR('',#573,1.);
#573 = DIRECTION('',(0.,-1.));
#574 = ( GEOMETRIC_REPRESENTATION_CONTEXT(2) 
PARAMETRIC_REPRESENTATION_CONTEXT() REPRESENTATION_CONTEXT('2D SPACE',''
  ) );
#575 = ORIENTED_EDGE('',*,*,#576,.T.);
#576 = EDGE_CURVE('',#554,#577,#579,.T.);
#577 = VERTEX_POINT('',#578);
#578 = CARTESIAN_POINT('',(16.,-5.,15.));
#579 = SURFACE_CURVE('',#580,(#584,#591),.PCURVE_S1.);
#580 = LINE('',#581,#582);
#581 = CARTESIAN_POINT('',(16.,20.,15.));
#582 = VECTOR('',#583,1.);
#583 = DIRECTION('',(0.,-1.,0.));
#584 = PCURVE('',#97,#585);
#585 = DEFINITIONAL_REPRESENTATION('',(#586),#590);
#586 = LINE('',#587,#588);
#587 = CARTESIAN_POINT('',(0.,-32.));
#588 = VECTOR('',#589,1.);
#589 = DIRECTION('',(1.,0.));
#590 = ( GEOMETRIC_REPRESENTATION_CONTEXT(2) 
PARAMETRIC_REPRESENTATION_CONTEXT() REPRESENTATION_CONTEXT('2D SPACE',''
  ) );
#591 = PCURVE('',#592,#597);
#592 = PLANE('',#593);
#593 = AXIS2_PLACEMENT_3D('',#594,#595,#596);
#594 = CARTESIAN_POINT('',(16.,9.856164383562,1.853698630137));
#595 = DIRECTION('',(1.,0.,0.));
#596 = DIRECTION('',(0.,1.,0.));
#597 = DEFINITIONAL_REPRESENTATION('',(#598),#602);
#598 = LINE('',#599,#600);
#599 = CARTESIAN_POINT('',(10.143835616438,13.146301369863));
#600 = VECTOR('',#601,1.);
#601 = DIRECTION('',(-1.,0.));
#602 = ( GEOMETRIC_REPRESENTATION_CONTEXT(2) 
PARAMETRIC_REPRESENTATION_CONTEXT() REPRESENTATION_CONTEXT('2D SPACE',''
  ) );
#603 = ORIENTED_EDGE('',*,*,#604,.F.);
#604 = EDGE_CURVE('',#605,#577,#607,.T.);
#605 = VERTEX_POINT('',#606);
#606 = CARTESIAN_POINT('',(13.,-8.,15.));
#607 = SURFACE_CURVE('',#608,(#612,#619),.PCURVE_S1.);
#608 = LINE('',#609,#610);
#609 = CARTESIAN_POINT('',(13.5,-7.5,15.));
#610 = VECTOR('',#611,1.);
#611 = DIRECTION('',(0.707106781187,0.707106781187,0.));
#612 = PCURVE('',#97,#613);
#613 = DEFINITIONAL_REPRESENTATION('',(#614),#618);
#614 = LINE('',#615,#616);
#615 = CARTESIAN_POINT('',(27.5,-29.5));
#616 = VECTOR('',#617,1.);
#617 = DIRECTION('',(-0.707106781187,-0.707106781187));
#618 = ( GEOMETRIC_REPRESENTATION_CONTEXT(2) 
PARAMETRIC_REPRESENTATION_CONTEXT() REPRESENTATION_CONTEXT('2D SPACE',''
  ) );
#619 = PCURVE('',#620,#625);
#620 = PLANE('',#621);
#621 = AXIS2_PLACEMENT_3D('',#622,#623,#624);
#622 = CARTESIAN_POINT('',(14.5,-6.5,15.));
#623 = DIRECTION('',(-0.707106781187,0.707106781187,0.));
#624 = DIRECTION('',(0.,0.,1.));
#625 = DEFINITIONAL_REPRESENTATION('',(#626),#630);
#626 = LINE('',#627,#628);
#627 = CARTESIAN_POINT('',(-0.,-1.414213562373));
#628 = VECTOR('',#629,1.);
#629 = DIRECTION('',(-0.,1.));
#630 = ( GEOMETRIC_REPRESENTATION_CONTEXT(2) 
PARAMETRIC_REPRESENTATION_CONTEXT() REPRESENTATION_CONTEXT('2D SPACE',''
  ) );
#631 = ORIENTED_EDGE('',*,*,#632,.F.);
#632 = EDGE_CURVE('',#633,#605,#635,.T.);
#633 = VERTEX_POINT('',#634);
#634 = CARTESIAN_POINT('',(-13.,-8.,15.));
#635 = SURFACE_CURVE('',#636,(#640,#647),.PCURVE_S1.);
#636 = LINE('',#637,#638);
#637 = CARTESIAN_POINT('',(-16.,-8.,15.));
#638 = VECTOR('',#639,1.);
#639 = DIRECTION('',(1.,0.,0.));
#640 = PCURVE('',#97,#641);
#641 = DEFINITIONAL_REPRESENTATION('',(#642),#646);
#642 = LINE('',#643,#644);
#643 = CARTESIAN_POINT('',(28.,0.));
#644 = VECTOR('',#645,1.);
#645 = DIRECTION('',(0.,-1.));
#646 = ( GEOMETRIC_REPRESENTATION_CONTEXT(2) 
PARAMETRIC_REPRESENTATION_CONTEXT() REPRESENTATION_CONTEXT('2D SPACE',''
  ) );
#647 = PCURVE('',#648,#653);
#648 = PLANE('',#649);
#649 = AXIS2_PLACEMENT_3D('',#650,#651,#652);
#650 = CARTESIAN_POINT('',(-16.,-8.,15.));
#651 = DIRECTION('',(0.,1.,0.));
#652 = DIRECTION('',(0.,0.,-1.));
#653 = DEFINITIONAL_REPRESENTATION('',(#654),#658);
#654 = LINE('',#655,#656);
#655 = CARTESIAN_POINT('',(0.,0.));
#656 = VECTOR('',#657,1.);
#657 = DIRECTION('',(0.,-1.));
#658 = ( GEOMETRIC_REPRESENTATION_CONTEXT(2) 
PARAMETRIC_REPRESENTATION_CONTEXT() REPRESENTATION_CONTEXT('2D SPACE',''
  ) );
#659 = ORIENTED_EDGE('',*,*,#660,.F.);
#660 = EDGE_CURVE('',#77,#633,#661,.T.);
#661 = SURFACE_CURVE('',#662,(#666,#673),.PCURVE_S1.);
#662 = LINE('',#663,#664);
#663 = CARTESIAN_POINT('',(-21.5,0.5,15.));
#664 = VECTOR('',#665,1.);
#665 = DIRECTION('',(0.707106781187,-0.707106781187,0.));
#666 = PCURVE('',#97,#667);
#667 = DEFINITIONAL_REPRESENTATION('',(#668),#672);
#668 = LINE('',#669,#670);
#669 = CARTESIAN_POINT('',(19.5,5.5));
#670 = VECTOR('',#671,1.);
#671 = DIRECTION('',(0.707106781187,-0.707106781187));
#672 = ( GEOMETRIC_REPRESENTATION_CONTEXT(2) 
PARAMETRIC_REPRESENTATION_CONTEXT() REPRESENTATION_CONTEXT('2D SPACE',''
  ) );
#673 = PCURVE('',#125,#674);
#674 = DEFINITIONAL_REPRESENTATION('',(#675),#679);
#675 = LINE('',#676,#677);
#676 = CARTESIAN_POINT('',(0.,-9.899494936612));
#677 = VECTOR('',#678,1.);
#678 = DIRECTION('',(-0.,1.));
#679 = ( GEOMETRIC_REPRESENTATION_CONTEXT(2) 
PARAMETRIC_REPRESENTATION_CONTEXT() REPRESENTATION_CONTEXT('2D SPACE',''
  ) );
#680 = FACE_BOUND('',#681,.F.);
#681 = EDGE_LOOP('',(#682));
#682 = ORIENTED_EDGE('',*,*,#683,.T.);
#683 = EDGE_CURVE('',#684,#684,#686,.T.);
#684 = VERTEX_POINT('',#685);
#685 = CARTESIAN_POINT('',(7.7,11.,15.));
#686 = SURFACE_CURVE('',#687,(#692,#703),.PCURVE_S1.);
#687 = CIRCLE('',#688,1.5);
#688 = AXIS2_PLACEMENT_3D('',#689,#690,#691);
#689 = CARTESIAN_POINT('',(6.2,11.,15.));
#690 = DIRECTION('',(0.,0.,1.));
#691 = DIRECTION('',(1.,0.,0.));
#692 = PCURVE('',#97,#693);
#693 = DEFINITIONAL_REPRESENTATION('',(#694),#702);
#694 = ( BOUNDED_CURVE() B_SPLINE_CURVE(2,(#695,#696,#697,#698,#699,#700
,#701),.UNSPECIFIED.,.T.,.F.) B_SPLINE_CURVE_WITH_KNOTS((1,2,2,2,2,1),(
    -2.094395102393,0.,2.094395102393,4.188790204786,6.28318530718,
8.377580409573),.UNSPECIFIED.) CURVE() GEOMETRIC_REPRESENTATION_ITEM() 
RATIONAL_B_SPLINE_CURVE((1.,0.5,1.,0.5,1.,0.5,1.)) REPRESENTATION_ITEM(
  '') );
#695 = CARTESIAN_POINT('',(9.,-23.7));
#696 = CARTESIAN_POINT('',(6.401923788647,-23.7));
#697 = CARTESIAN_POINT('',(7.700961894323,-21.45));
#698 = CARTESIAN_POINT('',(9.,-19.2));
#699 = CARTESIAN_POINT('',(10.299038105677,-21.45));
#700 = CARTESIAN_POINT('',(11.598076211353,-23.7));
#701 = CARTESIAN_POINT('',(9.,-23.7));
#702 = ( GEOMETRIC_REPRESENTATION_CONTEXT(2) 
PARAMETRIC_REPRESENTATION_CONTEXT() REPRESENTATION_CONTEXT('2D SPACE',''
  ) );
#703 = PCURVE('',#704,#709);
#704 = CYLINDRICAL_SURFACE('',#705,1.5);
#705 = AXIS2_PLACEMENT_3D('',#706,#707,#708);
#706 = CARTESIAN_POINT('',(6.2,11.,-3.));
#707 = DIRECTION('',(0.,0.,1.));
#708 = DIRECTION('',(1.,0.,0.));
#709 = DEFINITIONAL_REPRESENTATION('',(#710),#714);
#710 = LINE('',#711,#712);
#711 = CARTESIAN_POINT('',(0.,18.));
#712 = VECTOR('',#713,1.);
#713 = DIRECTION('',(1.,0.));
#714 = ( GEOMETRIC_REPRESENTATION_CONTEXT(2) 
PARAMETRIC_REPRESENTATION_CONTEXT() REPRESENTATION_CONTEXT('2D SPACE',''
  ) );
#715 = FACE_BOUND('',#716,.F.);
#716 = EDGE_LOOP('',(#717));
#717 = ORIENTED_EDGE('',*,*,#718,.F.);
#718 = EDGE_CURVE('',#719,#719,#721,.T.);
#719 = VERTEX_POINT('',#720);
#720 = CARTESIAN_POINT('',(11.229367061317,-4.,15.));
#721 = SURFACE_CURVE('',#722,(#727,#734),.PCURVE_S1.);
#722 = CIRCLE('',#723,1.229367061317);
#723 = AXIS2_PLACEMENT_3D('',#724,#725,#726);
#724 = CARTESIAN_POINT('',(10.,-4.,15.));
#725 = DIRECTION('',(0.,-1.224646799147E-16,-1.));
#726 = DIRECTION('',(1.,0.,0.));
#727 = PCURVE('',#97,#728);
#728 = DEFINITIONAL_REPRESENTATION('',(#729),#733);
#729 = CIRCLE('',#730,1.229367061317);
#730 = AXIS2_PLACEMENT_2D('',#731,#732);
#731 = CARTESIAN_POINT('',(24.,-26.));
#732 = DIRECTION('',(0.,-1.));
#733 = ( GEOMETRIC_REPRESENTATION_CONTEXT(2) 
PARAMETRIC_REPRESENTATION_CONTEXT() REPRESENTATION_CONTEXT('2D SPACE',''
  ) );
#734 = PCURVE('',#735,#740);
#735 = CYLINDRICAL_SURFACE('',#736,1.229367061317);
#736 = AXIS2_PLACEMENT_3D('',#737,#738,#739);
#737 = CARTESIAN_POINT('',(10.,-4.,19.2));
#738 = DIRECTION('',(0.,-1.224646799147E-16,-1.));
#739 = DIRECTION('',(1.,0.,0.));
#740 = DEFINITIONAL_REPRESENTATION('',(#741),#745);
#741 = LINE('',#742,#743);
#742 = CARTESIAN_POINT('',(0.,4.2));
#743 = VECTOR('',#744,1.);
#744 = DIRECTION('',(1.,0.));
#745 = ( GEOMETRIC_REPRESENTATION_CONTEXT(2) 
PARAMETRIC_REPRESENTATION_CONTEXT() REPRESENTATION_CONTEXT('2D SPACE',''
  ) );
#746 = FACE_BOUND('',#747,.F.);
#747 = EDGE_LOOP('',(#748));
#748 = ORIENTED_EDGE('',*,*,#749,.F.);
#749 = EDGE_CURVE('',#750,#750,#752,.T.);
#750 = VERTEX_POINT('',#751);
#751 = CARTESIAN_POINT('',(1.229367061317,15.,15.));
#752 = SURFACE_CURVE('',#753,(#758,#765),.PCURVE_S1.);
#753 = CIRCLE('',#754,1.229367061317);
#754 = AXIS2_PLACEMENT_3D('',#755,#756,#757);
#755 = CARTESIAN_POINT('',(0.,15.,15.));
#756 = DIRECTION('',(0.,-1.224646799147E-16,-1.));
#757 = DIRECTION('',(1.,0.,0.));
#758 = PCURVE('',#97,#759);
#759 = DEFINITIONAL_REPRESENTATION('',(#760),#764);
#760 = CIRCLE('',#761,1.229367061317);
#761 = AXIS2_PLACEMENT_2D('',#762,#763);
#762 = CARTESIAN_POINT('',(5.,-16.));
#763 = DIRECTION('',(0.,-1.));
#764 = ( GEOMETRIC_REPRESENTATION_CONTEXT(2) 
PARAMETRIC_REPRESENTATION_CONTEXT() REPRESENTATION_CONTEXT('2D SPACE',''
  ) );
#765 = PCURVE('',#766,#771);
#766 = CYLINDRICAL_SURFACE('',#767,1.229367061317);
#767 = AXIS2_PLACEMENT_3D('',#768,#769,#770);
#768 = CARTESIAN_POINT('',(0.,15.,19.2));
#769 = DIRECTION('',(0.,-1.224646799147E-16,-1.));
#770 = DIRECTION('',(1.,0.,0.));
#771 = DEFINITIONAL_REPRESENTATION('',(#772),#776);
#772 = LINE('',#773,#774);
#773 = CARTESIAN_POINT('',(0.,4.2));
#774 = VECTOR('',#775,1.);
#775 = DIRECTION('',(1.,0.));
#776 = ( GEOMETRIC_REPRESENTATION_CONTEXT(2) 
PARAMETRIC_REPRESENTATION_CONTEXT() REPRESENTATION_CONTEXT('2D SPACE',''
  ) );
#777 = FACE_BOUND('',#778,.F.);
#778 = EDGE_LOOP('',(#779));
#779 = ORIENTED_EDGE('',*,*,#780,.T.);
#780 = EDGE_CURVE('',#781,#781,#783,.T.);
#781 = VERTEX_POINT('',#782);
#782 = CARTESIAN_POINT('',(-4.7,11.,15.));
#783 = SURFACE_CURVE('',#784,(#789,#800),.PCURVE_S1.);
#784 = CIRCLE('',#785,1.5);
#785 = AXIS2_PLACEMENT_3D('',#786,#787,#788);
#786 = CARTESIAN_POINT('',(-6.2,11.,15.));
#787 = DIRECTION('',(0.,0.,1.));
#788 = DIRECTION('',(1.,0.,0.));
#789 = PCURVE('',#97,#790);
#790 = DEFINITIONAL_REPRESENTATION('',(#791),#799);
#791 = ( BOUNDED_CURVE() B_SPLINE_CURVE(2,(#792,#793,#794,#795,#796,#797
,#798),.UNSPECIFIED.,.T.,.F.) B_SPLINE_CURVE_WITH_KNOTS((1,2,2,2,2,1),(
    -2.094395102393,0.,2.094395102393,4.188790204786,6.28318530718,
8.377580409573),.UNSPECIFIED.) CURVE() GEOMETRIC_REPRESENTATION_ITEM() 
RATIONAL_B_SPLINE_CURVE((1.,0.5,1.,0.5,1.,0.5,1.)) REPRESENTATION_ITEM(
  '') );
#792 = CARTESIAN_POINT('',(9.,-11.3));
#793 = CARTESIAN_POINT('',(6.401923788647,-11.3));
#794 = CARTESIAN_POINT('',(7.700961894323,-9.05));
#795 = CARTESIAN_POINT('',(9.,-6.8));
#796 = CARTESIAN_POINT('',(10.299038105677,-9.05));
#797 = CARTESIAN_POINT('',(11.598076211353,-11.3));
#798 = CARTESIAN_POINT('',(9.,-11.3));
#799 = ( GEOMETRIC_REPRESENTATION_CONTEXT(2) 
PARAMETRIC_REPRESENTATION_CONTEXT() REPRESENTATION_CONTEXT('2D SPACE',''
  ) );
#800 = PCURVE('',#801,#806);
#801 = CYLINDRICAL_SURFACE('',#802,1.5);
#802 = AXIS2_PLACEMENT_3D('',#803,#804,#805);
#803 = CARTESIAN_POINT('',(-6.2,11.,-3.));
#804 = DIRECTION('',(0.,0.,1.));
#805 = DIRECTION('',(1.,0.,0.));
#806 = DEFINITIONAL_REPRESENTATION('',(#807),#811);
#807 = LINE('',#808,#809);
#808 = CARTESIAN_POINT('',(0.,18.));
#809 = VECTOR('',#810,1.);
#810 = DIRECTION('',(1.,0.));
#811 = ( GEOMETRIC_REPRESENTATION_CONTEXT(2) 
PARAMETRIC_REPRESENTATION_CONTEXT() REPRESENTATION_CONTEXT('2D SPACE',''
  ) );
#812 = FACE_BOUND('',#813,.F.);
#813 = EDGE_LOOP('',(#814,#842,#868,#894,#920,#946,#972,#998));
#814 = ORIENTED_EDGE('',*,*,#815,.F.);
#815 = EDGE_CURVE('',#816,#818,#820,.T.);
#816 = VERTEX_POINT('',#817);
#817 = CARTESIAN_POINT('',(-10.,5.,15.));
#818 = VERTEX_POINT('',#819);
#819 = CARTESIAN_POINT('',(-9.,6.,15.));
#820 = SURFACE_CURVE('',#821,(#825,#831),.PCURVE_S1.);
#821 = LINE('',#822,#823);
#822 = CARTESIAN_POINT('',(-7.5,7.5,15.));
#823 = VECTOR('',#824,1.);
#824 = DIRECTION('',(0.707106781187,0.707106781187,0.));
#825 = PCURVE('',#97,#826);
#826 = DEFINITIONAL_REPRESENTATION('',(#827),#830);
#827 = B_SPLINE_CURVE_WITH_KNOTS('',1,(#828,#829),.UNSPECIFIED.,.F.,.F.,
  (2,2),(-3.535533905933,-2.12132034356),.PIECEWISE_BEZIER_KNOTS.);
#828 = CARTESIAN_POINT('',(15.,-6.));
#829 = CARTESIAN_POINT('',(14.,-7.));
#830 = ( GEOMETRIC_REPRESENTATION_CONTEXT(2) 
PARAMETRIC_REPRESENTATION_CONTEXT() REPRESENTATION_CONTEXT('2D SPACE',''
  ) );
#831 = PCURVE('',#832,#837);
#832 = PLANE('',#833);
#833 = AXIS2_PLACEMENT_3D('',#834,#835,#836);
#834 = CARTESIAN_POINT('',(-9.5,5.5,-0.2));
#835 = DIRECTION('',(0.707106781187,-0.707106781187,0.));
#836 = DIRECTION('',(-0.,-0.,-1.));
#837 = DEFINITIONAL_REPRESENTATION('',(#838),#841);
#838 = B_SPLINE_CURVE_WITH_KNOTS('',1,(#839,#840),.UNSPECIFIED.,.F.,.F.,
  (2,2),(-3.535533905933,-2.12132034356),.PIECEWISE_BEZIER_KNOTS.);
#839 = CARTESIAN_POINT('',(-15.2,-0.707106781187));
#840 = CARTESIAN_POINT('',(-15.2,0.707106781187));
#841 = ( GEOMETRIC_REPRESENTATION_CONTEXT(2) 
PARAMETRIC_REPRESENTATION_CONTEXT() REPRESENTATION_CONTEXT('2D SPACE',''
  ) );
#842 = ORIENTED_EDGE('',*,*,#843,.T.);
#843 = EDGE_CURVE('',#816,#844,#846,.T.);
#844 = VERTEX_POINT('',#845);
#845 = CARTESIAN_POINT('',(-10.,1.,15.));
#846 = SURFACE_CURVE('',#847,(#851,#857),.PCURVE_S1.);
#847 = LINE('',#848,#849);
#848 = CARTESIAN_POINT('',(-10.,10.,15.));
#849 = VECTOR('',#850,1.);
#850 = DIRECTION('',(0.,-1.,0.));
#851 = PCURVE('',#97,#852);
#852 = DEFINITIONAL_REPRESENTATION('',(#853),#856);
#853 = B_SPLINE_CURVE_WITH_KNOTS('',1,(#854,#855),.UNSPECIFIED.,.F.,.F.,
  (2,2),(5.,9.),.PIECEWISE_BEZIER_KNOTS.);
#854 = CARTESIAN_POINT('',(15.,-6.));
#855 = CARTESIAN_POINT('',(19.,-6.));
#856 = ( GEOMETRIC_REPRESENTATION_CONTEXT(2) 
PARAMETRIC_REPRESENTATION_CONTEXT() REPRESENTATION_CONTEXT('2D SPACE',''
  ) );
#857 = PCURVE('',#858,#863);
#858 = PLANE('',#859);
#859 = AXIS2_PLACEMENT_3D('',#860,#861,#862);
#860 = CARTESIAN_POINT('',(-10.,0.,-0.2));
#861 = DIRECTION('',(1.,0.,0.));
#862 = DIRECTION('',(0.,0.,1.));
#863 = DEFINITIONAL_REPRESENTATION('',(#864),#867);
#864 = B_SPLINE_CURVE_WITH_KNOTS('',1,(#865,#866),.UNSPECIFIED.,.F.,.F.,
  (2,2),(5.,9.),.PIECEWISE_BEZIER_KNOTS.);
#865 = CARTESIAN_POINT('',(15.2,-5.));
#866 = CARTESIAN_POINT('',(15.2,-1.));
#867 = ( GEOMETRIC_REPRESENTATION_CONTEXT(2) 
PARAMETRIC_REPRESENTATION_CONTEXT() REPRESENTATION_CONTEXT('2D SPACE',''
  ) );
#868 = ORIENTED_EDGE('',*,*,#869,.T.);
#869 = EDGE_CURVE('',#844,#870,#872,.T.);
#870 = VERTEX_POINT('',#871);
#871 = CARTESIAN_POINT('',(-9.,0.,15.));
#872 = SURFACE_CURVE('',#873,(#877,#883),.PCURVE_S1.);
#873 = LINE('',#874,#875);
#874 = CARTESIAN_POINT('',(-16.,7.,15.));
#875 = VECTOR('',#876,1.);
#876 = DIRECTION('',(0.707106781187,-0.707106781187,0.));
#877 = PCURVE('',#97,#878);
#878 = DEFINITIONAL_REPRESENTATION('',(#879),#882);
#879 = B_SPLINE_CURVE_WITH_KNOTS('',1,(#880,#881),.UNSPECIFIED.,.F.,.F.,
  (2,2),(8.485281374239,9.899494936612),.PIECEWISE_BEZIER_KNOTS.);
#880 = CARTESIAN_POINT('',(19.,-6.));
#881 = CARTESIAN_POINT('',(20.,-7.));
#882 = ( GEOMETRIC_REPRESENTATION_CONTEXT(2) 
PARAMETRIC_REPRESENTATION_CONTEXT() REPRESENTATION_CONTEXT('2D SPACE',''
  ) );
#883 = PCURVE('',#884,#889);
#884 = PLANE('',#885);
#885 = AXIS2_PLACEMENT_3D('',#886,#887,#888);
#886 = CARTESIAN_POINT('',(-9.5,0.5,-0.2));
#887 = DIRECTION('',(-0.707106781187,-0.707106781187,0.));
#888 = DIRECTION('',(-0.,-0.,-1.));
#889 = DEFINITIONAL_REPRESENTATION('',(#890),#893);
#890 = B_SPLINE_CURVE_WITH_KNOTS('',1,(#891,#892),.UNSPECIFIED.,.F.,.F.,
  (2,2),(8.485281374239,9.899494936612),.PIECEWISE_BEZIER_KNOTS.);
#891 = CARTESIAN_POINT('',(-15.2,-0.707106781187));
#892 = CARTESIAN_POINT('',(-15.2,0.707106781187));
#893 = ( GEOMETRIC_REPRESENTATION_CONTEXT(2) 
PARAMETRIC_REPRESENTATION_CONTEXT() REPRESENTATION_CONTEXT('2D SPACE',''
  ) );
#894 = ORIENTED_EDGE('',*,*,#895,.T.);
#895 = EDGE_CURVE('',#870,#896,#898,.T.);
#896 = VERTEX_POINT('',#897);
#897 = CARTESIAN_POINT('',(9.,0.,15.));
#898 = SURFACE_CURVE('',#899,(#903,#909),.PCURVE_S1.);
#899 = LINE('',#900,#901);
#900 = CARTESIAN_POINT('',(-13.,0.,15.));
#901 = VECTOR('',#902,1.);
#902 = DIRECTION('',(1.,0.,0.));
#903 = PCURVE('',#97,#904);
#904 = DEFINITIONAL_REPRESENTATION('',(#905),#908);
#905 = B_SPLINE_CURVE_WITH_KNOTS('',1,(#906,#907),.UNSPECIFIED.,.F.,.F.,
  (2,2),(4.,22.),.PIECEWISE_BEZIER_KNOTS.);
#906 = CARTESIAN_POINT('',(20.,-7.));
#907 = CARTESIAN_POINT('',(20.,-25.));
#908 = ( GEOMETRIC_REPRESENTATION_CONTEXT(2) 
PARAMETRIC_REPRESENTATION_CONTEXT() REPRESENTATION_CONTEXT('2D SPACE',''
  ) );
#909 = PCURVE('',#910,#915);
#910 = PLANE('',#911);
#911 = AXIS2_PLACEMENT_3D('',#912,#913,#914);
#912 = CARTESIAN_POINT('',(-10.,0.,-0.2));
#913 = DIRECTION('',(0.,1.,0.));
#914 = DIRECTION('',(0.,0.,1.));
#915 = DEFINITIONAL_REPRESENTATION('',(#916),#919);
#916 = B_SPLINE_CURVE_WITH_KNOTS('',1,(#917,#918),.UNSPECIFIED.,.F.,.F.,
  (2,2),(4.,22.),.PIECEWISE_BEZIER_KNOTS.);
#917 = CARTESIAN_POINT('',(15.2,1.));
#918 = CARTESIAN_POINT('',(15.2,19.));
#919 = ( GEOMETRIC_REPRESENTATION_CONTEXT(2) 
PARAMETRIC_REPRESENTATION_CONTEXT() REPRESENTATION_CONTEXT('2D SPACE',''
  ) );
#920 = ORIENTED_EDGE('',*,*,#921,.F.);
#921 = EDGE_CURVE('',#922,#896,#924,.T.);
#922 = VERTEX_POINT('',#923);
#923 = CARTESIAN_POINT('',(10.,1.,15.));
#924 = SURFACE_CURVE('',#925,(#929,#935),.PCURVE_S1.);
#925 = LINE('',#926,#927);
#926 = CARTESIAN_POINT('',(8.,-1.,15.));
#927 = VECTOR('',#928,1.);
#928 = DIRECTION('',(-0.707106781187,-0.707106781187,-0.));
#929 = PCURVE('',#97,#930);
#930 = DEFINITIONAL_REPRESENTATION('',(#931),#934);
#931 = B_SPLINE_CURVE_WITH_KNOTS('',1,(#932,#933),.UNSPECIFIED.,.F.,.F.,
  (2,2),(-2.828427124746,-1.414213562373),.PIECEWISE_BEZIER_KNOTS.);
#932 = CARTESIAN_POINT('',(19.,-26.));
#933 = CARTESIAN_POINT('',(20.,-25.));
#934 = ( GEOMETRIC_REPRESENTATION_CONTEXT(2) 
PARAMETRIC_REPRESENTATION_CONTEXT() REPRESENTATION_CONTEXT('2D SPACE',''
  ) );
#935 = PCURVE('',#936,#941);
#936 = PLANE('',#937);
#937 = AXIS2_PLACEMENT_3D('',#938,#939,#940);
#938 = CARTESIAN_POINT('',(9.5,0.5,-0.2));
#939 = DIRECTION('',(-0.707106781187,0.707106781187,0.));
#940 = DIRECTION('',(-0.,-0.,-1.));
#941 = DEFINITIONAL_REPRESENTATION('',(#942),#945);
#942 = B_SPLINE_CURVE_WITH_KNOTS('',1,(#943,#944),.UNSPECIFIED.,.F.,.F.,
  (2,2),(-2.828427124746,-1.414213562373),.PIECEWISE_BEZIER_KNOTS.);
#943 = CARTESIAN_POINT('',(-15.2,-0.707106781187));
#944 = CARTESIAN_POINT('',(-15.2,0.707106781187));
#945 = ( GEOMETRIC_REPRESENTATION_CONTEXT(2) 
PARAMETRIC_REPRESENTATION_CONTEXT() REPRESENTATION_CONTEXT('2D SPACE',''
  ) );
#946 = ORIENTED_EDGE('',*,*,#947,.F.);
#947 = EDGE_CURVE('',#948,#922,#950,.T.);
#948 = VERTEX_POINT('',#949);
#949 = CARTESIAN_POINT('',(10.,5.,15.));
#950 = SURFACE_CURVE('',#951,(#955,#961),.PCURVE_S1.);
#951 = LINE('',#952,#953);
#952 = CARTESIAN_POINT('',(10.,10.,15.));
#953 = VECTOR('',#954,1.);
#954 = DIRECTION('',(0.,-1.,0.));
#955 = PCURVE('',#97,#956);
#956 = DEFINITIONAL_REPRESENTATION('',(#957),#960);
#957 = B_SPLINE_CURVE_WITH_KNOTS('',1,(#958,#959),.UNSPECIFIED.,.F.,.F.,
  (2,2),(5.,9.),.PIECEWISE_BEZIER_KNOTS.);
#958 = CARTESIAN_POINT('',(15.,-26.));
#959 = CARTESIAN_POINT('',(19.,-26.));
#960 = ( GEOMETRIC_REPRESENTATION_CONTEXT(2) 
PARAMETRIC_REPRESENTATION_CONTEXT() REPRESENTATION_CONTEXT('2D SPACE',''
  ) );
#961 = PCURVE('',#962,#967);
#962 = PLANE('',#963);
#963 = AXIS2_PLACEMENT_3D('',#964,#965,#966);
#964 = CARTESIAN_POINT('',(10.,0.,-0.2));
#965 = DIRECTION('',(1.,0.,0.));
#966 = DIRECTION('',(0.,0.,1.));
#967 = DEFINITIONAL_REPRESENTATION('',(#968),#971);
#968 = B_SPLINE_CURVE_WITH_KNOTS('',1,(#969,#970),.UNSPECIFIED.,.F.,.F.,
  (2,2),(5.,9.),.PIECEWISE_BEZIER_KNOTS.);
#969 = CARTESIAN_POINT('',(15.2,-5.));
#970 = CARTESIAN_POINT('',(15.2,-1.));
#971 = ( GEOMETRIC_REPRESENTATION_CONTEXT(2) 
PARAMETRIC_REPRESENTATION_CONTEXT() REPRESENTATION_CONTEXT('2D SPACE',''
  ) );
#972 = ORIENTED_EDGE('',*,*,#973,.T.);
#973 = EDGE_CURVE('',#948,#974,#976,.T.);
#974 = VERTEX_POINT('',#975);
#975 = CARTESIAN_POINT('',(9.,6.,15.));
#976 = SURFACE_CURVE('',#977,(#981,#987),.PCURVE_S1.);
#977 = LINE('',#978,#979);
#978 = CARTESIAN_POINT('',(-0.5,15.5,15.));
#979 = VECTOR('',#980,1.);
#980 = DIRECTION('',(-0.707106781187,0.707106781187,0.));
#981 = PCURVE('',#97,#982);
#982 = DEFINITIONAL_REPRESENTATION('',(#983),#986);
#983 = B_SPLINE_CURVE_WITH_KNOTS('',1,(#984,#985),.UNSPECIFIED.,.F.,.F.,
  (2,2),(-14.84924240491,-13.43502884254),.PIECEWISE_BEZIER_KNOTS.);
#984 = CARTESIAN_POINT('',(15.,-26.));
#985 = CARTESIAN_POINT('',(14.,-25.));
#986 = ( GEOMETRIC_REPRESENTATION_CONTEXT(2) 
PARAMETRIC_REPRESENTATION_CONTEXT() REPRESENTATION_CONTEXT('2D SPACE',''
  ) );
#987 = PCURVE('',#988,#993);
#988 = PLANE('',#989);
#989 = AXIS2_PLACEMENT_3D('',#990,#991,#992);
#990 = CARTESIAN_POINT('',(9.5,5.5,-0.2));
#991 = DIRECTION('',(0.707106781187,0.707106781187,0.));
#992 = DIRECTION('',(0.,0.,-1.));
#993 = DEFINITIONAL_REPRESENTATION('',(#994),#997);
#994 = B_SPLINE_CURVE_WITH_KNOTS('',1,(#995,#996),.UNSPECIFIED.,.F.,.F.,
  (2,2),(-14.84924240491,-13.43502884254),.PIECEWISE_BEZIER_KNOTS.);
#995 = CARTESIAN_POINT('',(-15.2,-0.707106781187));
#996 = CARTESIAN_POINT('',(-15.2,0.707106781187));
#997 = ( GEOMETRIC_REPRESENTATION_CONTEXT(2) 
PARAMETRIC_REPRESENTATION_CONTEXT() REPRESENTATION_CONTEXT('2D SPACE',''
  ) );
#998 = ORIENTED_EDGE('',*,*,#999,.F.);
#999 = EDGE_CURVE('',#818,#974,#1000,.T.);
#1000 = SURFACE_CURVE('',#1001,(#1005,#1011),.PCURVE_S1.);
#1001 = LINE('',#1002,#1003);
#1002 = CARTESIAN_POINT('',(-13.,6.,15.));
#1003 = VECTOR('',#1004,1.);
#1004 = DIRECTION('',(1.,0.,0.));
#1005 = PCURVE('',#97,#1006);
#1006 = DEFINITIONAL_REPRESENTATION('',(#1007),#1010);
#1007 = B_SPLINE_CURVE_WITH_KNOTS('',1,(#1008,#1009),.UNSPECIFIED.,.F.,
  .F.,(2,2),(4.,22.),.PIECEWISE_BEZIER_KNOTS.);
#1008 = CARTESIAN_POINT('',(14.,-7.));
#1009 = CARTESIAN_POINT('',(14.,-25.));
#1010 = ( GEOMETRIC_REPRESENTATION_CONTEXT(2) 
PARAMETRIC_REPRESENTATION_CONTEXT() REPRESENTATION_CONTEXT('2D SPACE',''
  ) );
#1011 = PCURVE('',#1012,#1017);
#1012 = PLANE('',#1013);
#1013 = AXIS2_PLACEMENT_3D('',#1014,#1015,#1016);
#1014 = CARTESIAN_POINT('',(-10.,6.,-0.2));
#1015 = DIRECTION('',(0.,1.,0.));
#1016 = DIRECTION('',(0.,0.,1.));
#1017 = DEFINITIONAL_REPRESENTATION('',(#1018),#1021);
#1018 = B_SPLINE_CURVE_WITH_KNOTS('',1,(#1019,#1020),.UNSPECIFIED.,.F.,
  .F.,(2,2),(4.,22.),.PIECEWISE_BEZIER_KNOTS.);
#1019 = CARTESIAN_POINT('',(15.2,1.));
#1020 = CARTESIAN_POINT('',(15.2,19.));
#1021 = ( GEOMETRIC_REPRESENTATION_CONTEXT(2) 
PARAMETRIC_REPRESENTATION_CONTEXT() REPRESENTATION_CONTEXT('2D SPACE',''
  ) );
#1022 = FACE_BOUND('',#1023,.F.);
#1023 = EDGE_LOOP('',(#1024));
#1024 = ORIENTED_EDGE('',*,*,#1025,.F.);
#1025 = EDGE_CURVE('',#1026,#1026,#1028,.T.);
#1026 = VERTEX_POINT('',#1027);
#1027 = CARTESIAN_POINT('',(1.229367061317,-4.,15.));
#1028 = SURFACE_CURVE('',#1029,(#1034,#1041),.PCURVE_S1.);
#1029 = CIRCLE('',#1030,1.229367061317);
#1030 = AXIS2_PLACEMENT_3D('',#1031,#1032,#1033);
#1031 = CARTESIAN_POINT('',(0.,-4.,15.));
#1032 = DIRECTION('',(0.,-1.224646799147E-16,-1.));
#1033 = DIRECTION('',(1.,0.,0.));
#1034 = PCURVE('',#97,#1035);
#1035 = DEFINITIONAL_REPRESENTATION('',(#1036),#1040);
#1036 = CIRCLE('',#1037,1.229367061317);
#1037 = AXIS2_PLACEMENT_2D('',#1038,#1039);
#1038 = CARTESIAN_POINT('',(24.,-16.));
#1039 = DIRECTION('',(0.,-1.));
#1040 = ( GEOMETRIC_REPRESENTATION_CONTEXT(2) 
PARAMETRIC_REPRESENTATION_CONTEXT() REPRESENTATION_CONTEXT('2D SPACE',''
  ) );
#1041 = PCURVE('',#1042,#1047);
#1042 = CYLINDRICAL_SURFACE('',#1043,1.229367061317);
#1043 = AXIS2_PLACEMENT_3D('',#1044,#1045,#1046);
#1044 = CARTESIAN_POINT('',(0.,-4.,19.2));
#1045 = DIRECTION('',(0.,-1.224646799147E-16,-1.));
#1046 = DIRECTION('',(1.,0.,0.));
#1047 = DEFINITIONAL_REPRESENTATION('',(#1048),#1052);
#1048 = LINE('',#1049,#1050);
#1049 = CARTESIAN_POINT('',(0.,4.2));
#1050 = VECTOR('',#1051,1.);
#1051 = DIRECTION('',(1.,0.));
#1052 = ( GEOMETRIC_REPRESENTATION_CONTEXT(2) 
PARAMETRIC_REPRESENTATION_CONTEXT() REPRESENTATION_CONTEXT('2D SPACE',''
  ) );
#1053 = FACE_BOUND('',#1054,.F.);
#1054 = EDGE_LOOP('',(#1055));
#1055 = ORIENTED_EDGE('',*,*,#1056,.F.);
#1056 = EDGE_CURVE('',#1057,#1057,#1059,.T.);
#1057 = VERTEX_POINT('',#1058);
#1058 = CARTESIAN_POINT('',(-8.770632938683,-4.,15.));
#1059 = SURFACE_CURVE('',#1060,(#1065,#1072),.PCURVE_S1.);
#1060 = CIRCLE('',#1061,1.229367061317);
#1061 = AXIS2_PLACEMENT_3D('',#1062,#1063,#1064);
#1062 = CARTESIAN_POINT('',(-10.,-4.,15.));
#1063 = DIRECTION('',(0.,-1.224646799147E-16,-1.));
#1064 = DIRECTION('',(1.,0.,0.));
#1065 = PCURVE('',#97,#1066);
#1066 = DEFINITIONAL_REPRESENTATION('',(#1067),#1071);
#1067 = CIRCLE('',#1068,1.229367061317);
#1068 = AXIS2_PLACEMENT_2D('',#1069,#1070);
#1069 = CARTESIAN_POINT('',(24.,-6.));
#1070 = DIRECTION('',(0.,-1.));
#1071 = ( GEOMETRIC_REPRESENTATION_CONTEXT(2) 
PARAMETRIC_REPRESENTATION_CONTEXT() REPRESENTATION_CONTEXT('2D SPACE',''
  ) );
#1072 = PCURVE('',#1073,#1078);
#1073 = CYLINDRICAL_SURFACE('',#1074,1.229367061317);
#1074 = AXIS2_PLACEMENT_3D('',#1075,#1076,#1077);
#1075 = CARTESIAN_POINT('',(-10.,-4.,19.2));
#1076 = DIRECTION('',(0.,-1.224646799147E-16,-1.));
#1077 = DIRECTION('',(1.,0.,0.));
#1078 = DEFINITIONAL_REPRESENTATION('',(#1079),#1083);
#1079 = LINE('',#1080,#1081);
#1080 = CARTESIAN_POINT('',(0.,4.2));
#1081 = VECTOR('',#1082,1.);
#1082 = DIRECTION('',(1.,0.));
#1083 = ( GEOMETRIC_REPRESENTATION_CONTEXT(2) 
PARAMETRIC_REPRESENTATION_CONTEXT() REPRESENTATION_CONTEXT('2D SPACE',''
  ) );
#1084 = ADVANCED_FACE('',(#1085),#125,.T.);
#1085 = FACE_BOUND('',#1086,.T.);
#1086 = EDGE_LOOP('',(#1087,#1088,#1089,#1112));
#1087 = ORIENTED_EDGE('',*,*,#660,.F.);
#1088 = ORIENTED_EDGE('',*,*,#109,.T.);
#1089 = ORIENTED_EDGE('',*,*,#1090,.T.);
#1090 = EDGE_CURVE('',#110,#1091,#1093,.T.);
#1091 = VERTEX_POINT('',#1092);
#1092 = CARTESIAN_POINT('',(-13.,-8.,10.2));
#1093 = SURFACE_CURVE('',#1094,(#1098,#1105),.PCURVE_S1.);
#1094 = LINE('',#1095,#1096);
#1095 = CARTESIAN_POINT('',(-14.5,-6.5,10.2));
#1096 = VECTOR('',#1097,1.);
#1097 = DIRECTION('',(0.707106781187,-0.707106781187,0.));
#1098 = PCURVE('',#125,#1099);
#1099 = DEFINITIONAL_REPRESENTATION('',(#1100),#1104);
#1100 = LINE('',#1101,#1102);
#1101 = CARTESIAN_POINT('',(4.8,0.));
#1102 = VECTOR('',#1103,1.);
#1103 = DIRECTION('',(0.,1.));
#1104 = ( GEOMETRIC_REPRESENTATION_CONTEXT(2) 
PARAMETRIC_REPRESENTATION_CONTEXT() REPRESENTATION_CONTEXT('2D SPACE',''
  ) );
#1105 = PCURVE('',#153,#1106);
#1106 = DEFINITIONAL_REPRESENTATION('',(#1107),#1111);
#1107 = LINE('',#1108,#1109);
#1108 = CARTESIAN_POINT('',(1.5,-1.5));
#1109 = VECTOR('',#1110,1.);
#1110 = DIRECTION('',(-0.707106781187,-0.707106781187));
#1111 = ( GEOMETRIC_REPRESENTATION_CONTEXT(2) 
PARAMETRIC_REPRESENTATION_CONTEXT() REPRESENTATION_CONTEXT('2D SPACE',''
  ) );
#1112 = ORIENTED_EDGE('',*,*,#1113,.F.);
#1113 = EDGE_CURVE('',#633,#1091,#1114,.T.);
#1114 = SURFACE_CURVE('',#1115,(#1119,#1126),.PCURVE_S1.);
#1115 = LINE('',#1116,#1117);
#1116 = CARTESIAN_POINT('',(-13.,-8.,15.));
#1117 = VECTOR('',#1118,1.);
#1118 = DIRECTION('',(0.,0.,-1.));
#1119 = PCURVE('',#125,#1120);
#1120 = DEFINITIONAL_REPRESENTATION('',(#1121),#1125);
#1121 = LINE('',#1122,#1123);
#1122 = CARTESIAN_POINT('',(0.,2.12132034356));
#1123 = VECTOR('',#1124,1.);
#1124 = DIRECTION('',(1.,0.));
#1125 = ( GEOMETRIC_REPRESENTATION_CONTEXT(2) 
PARAMETRIC_REPRESENTATION_CONTEXT() REPRESENTATION_CONTEXT('2D SPACE',''
  ) );
#1126 = PCURVE('',#648,#1127);
#1127 = DEFINITIONAL_REPRESENTATION('',(#1128),#1132);
#1128 = LINE('',#1129,#1130);
#1129 = CARTESIAN_POINT('',(0.,-3.));
#1130 = VECTOR('',#1131,1.);
#1131 = DIRECTION('',(1.,0.));
#1132 = ( GEOMETRIC_REPRESENTATION_CONTEXT(2) 
PARAMETRIC_REPRESENTATION_CONTEXT() REPRESENTATION_CONTEXT('2D SPACE',''
  ) );
#1133 = ADVANCED_FACE('',(#1134,#1182,#1296,#1394),#432,.F.);
#1134 = FACE_BOUND('',#1135,.F.);
#1135 = EDGE_LOOP('',(#1136,#1137,#1160,#1181));
#1136 = ORIENTED_EDGE('',*,*,#418,.F.);
#1137 = ORIENTED_EDGE('',*,*,#1138,.T.);
#1138 = EDGE_CURVE('',#390,#1139,#1141,.T.);
#1139 = VERTEX_POINT('',#1140);
#1140 = CARTESIAN_POINT('',(16.,20.,-11.6));
#1141 = SURFACE_CURVE('',#1142,(#1146,#1153),.PCURVE_S1.);
#1142 = LINE('',#1143,#1144);
#1143 = CARTESIAN_POINT('',(-16.,20.,-11.6));
#1144 = VECTOR('',#1145,1.);
#1145 = DIRECTION('',(1.,0.,0.));
#1146 = PCURVE('',#432,#1147);
#1147 = DEFINITIONAL_REPRESENTATION('',(#1148),#1152);
#1148 = LINE('',#1149,#1150);
#1149 = CARTESIAN_POINT('',(5.,0.));
#1150 = VECTOR('',#1151,1.);
#1151 = DIRECTION('',(0.,-1.));
#1152 = ( GEOMETRIC_REPRESENTATION_CONTEXT(2) 
PARAMETRIC_REPRESENTATION_CONTEXT() REPRESENTATION_CONTEXT('2D SPACE',''
  ) );
#1153 = PCURVE('',#406,#1154);
#1154 = DEFINITIONAL_REPRESENTATION('',(#1155),#1159);
#1155 = LINE('',#1156,#1157);
#1156 = CARTESIAN_POINT('',(1.570796326795,0.));
#1157 = VECTOR('',#1158,1.);
#1158 = DIRECTION('',(0.,1.));
#1159 = ( GEOMETRIC_REPRESENTATION_CONTEXT(2) 
PARAMETRIC_REPRESENTATION_CONTEXT() REPRESENTATION_CONTEXT('2D SPACE',''
  ) );
#1160 = ORIENTED_EDGE('',*,*,#1161,.T.);
#1161 = EDGE_CURVE('',#1139,#554,#1162,.T.);
#1162 = SURFACE_CURVE('',#1163,(#1167,#1174),.PCURVE_S1.);
#1163 = LINE('',#1164,#1165);
#1164 = CARTESIAN_POINT('',(16.,20.,-16.6));
#1165 = VECTOR('',#1166,1.);
#1166 = DIRECTION('',(0.,0.,1.));
#1167 = PCURVE('',#432,#1168);
#1168 = DEFINITIONAL_REPRESENTATION('',(#1169),#1173);
#1169 = LINE('',#1170,#1171);
#1170 = CARTESIAN_POINT('',(0.,-32.));
#1171 = VECTOR('',#1172,1.);
#1172 = DIRECTION('',(1.,0.));
#1173 = ( GEOMETRIC_REPRESENTATION_CONTEXT(2) 
PARAMETRIC_REPRESENTATION_CONTEXT() REPRESENTATION_CONTEXT('2D SPACE',''
  ) );
#1174 = PCURVE('',#592,#1175);
#1175 = DEFINITIONAL_REPRESENTATION('',(#1176),#1180);
#1176 = LINE('',#1177,#1178);
#1177 = CARTESIAN_POINT('',(10.143835616438,-18.45369863013));
#1178 = VECTOR('',#1179,1.);
#1179 = DIRECTION('',(0.,1.));
#1180 = ( GEOMETRIC_REPRESENTATION_CONTEXT(2) 
PARAMETRIC_REPRESENTATION_CONTEXT() REPRESENTATION_CONTEXT('2D SPACE',''
  ) );
#1181 = ORIENTED_EDGE('',*,*,#553,.F.);
#1182 = FACE_BOUND('',#1183,.F.);
#1183 = EDGE_LOOP('',(#1184,#1214,#1242,#1270));
#1184 = ORIENTED_EDGE('',*,*,#1185,.F.);
#1185 = EDGE_CURVE('',#1186,#1188,#1190,.T.);
#1186 = VERTEX_POINT('',#1187);
#1187 = CARTESIAN_POINT('',(-12.5,20.,-1.076660417783));
#1188 = VERTEX_POINT('',#1189);
#1189 = CARTESIAN_POINT('',(-12.5,20.,-10.32666041778));
#1190 = SURFACE_CURVE('',#1191,(#1195,#1202),.PCURVE_S1.);
#1191 = LINE('',#1192,#1193);
#1192 = CARTESIAN_POINT('',(-12.5,20.,-5.701660417783));
#1193 = VECTOR('',#1194,1.);
#1194 = DIRECTION('',(0.,0.,-1.));
#1195 = PCURVE('',#432,#1196);
#1196 = DEFINITIONAL_REPRESENTATION('',(#1197),#1201);
#1197 = LINE('',#1198,#1199);
#1198 = CARTESIAN_POINT('',(10.898339582217,-3.5));
#1199 = VECTOR('',#1200,1.);
#1200 = DIRECTION('',(-1.,0.));
#1201 = ( GEOMETRIC_REPRESENTATION_CONTEXT(2) 
PARAMETRIC_REPRESENTATION_CONTEXT() REPRESENTATION_CONTEXT('2D SPACE',''
  ) );
#1202 = PCURVE('',#1203,#1208);
#1203 = PLANE('',#1204);
#1204 = AXIS2_PLACEMENT_3D('',#1205,#1206,#1207);
#1205 = CARTESIAN_POINT('',(-12.5,20.,-1.076660417783));
#1206 = DIRECTION('',(1.,0.,0.));
#1207 = DIRECTION('',(0.,0.,-1.));
#1208 = DEFINITIONAL_REPRESENTATION('',(#1209),#1213);
#1209 = LINE('',#1210,#1211);
#1210 = CARTESIAN_POINT('',(4.625,0.));
#1211 = VECTOR('',#1212,1.);
#1212 = DIRECTION('',(1.,0.));
#1213 = ( GEOMETRIC_REPRESENTATION_CONTEXT(2) 
PARAMETRIC_REPRESENTATION_CONTEXT() REPRESENTATION_CONTEXT('2D SPACE',''
  ) );
#1214 = ORIENTED_EDGE('',*,*,#1215,.T.);
#1215 = EDGE_CURVE('',#1186,#1216,#1218,.T.);
#1216 = VERTEX_POINT('',#1217);
#1217 = CARTESIAN_POINT('',(12.5,20.,-1.076660417783));
#1218 = SURFACE_CURVE('',#1219,(#1223,#1230),.PCURVE_S1.);
#1219 = LINE('',#1220,#1221);
#1220 = CARTESIAN_POINT('',(4.302931872623E-16,20.,-1.076660417783));
#1221 = VECTOR('',#1222,1.);
#1222 = DIRECTION('',(1.,0.,0.));
#1223 = PCURVE('',#432,#1224);
#1224 = DEFINITIONAL_REPRESENTATION('',(#1225),#1229);
#1225 = LINE('',#1226,#1227);
#1226 = CARTESIAN_POINT('',(15.523339582217,-16.));
#1227 = VECTOR('',#1228,1.);
#1228 = DIRECTION('',(0.,-1.));
#1229 = ( GEOMETRIC_REPRESENTATION_CONTEXT(2) 
PARAMETRIC_REPRESENTATION_CONTEXT() REPRESENTATION_CONTEXT('2D SPACE',''
  ) );
#1230 = PCURVE('',#1231,#1236);
#1231 = PLANE('',#1232);
#1232 = AXIS2_PLACEMENT_3D('',#1233,#1234,#1235);
#1233 = CARTESIAN_POINT('',(-12.5,20.,-1.076660417783));
#1234 = DIRECTION('',(-0.,0.,1.));
#1235 = DIRECTION('',(1.,0.,0.));
#1236 = DEFINITIONAL_REPRESENTATION('',(#1237),#1241);
#1237 = LINE('',#1238,#1239);
#1238 = CARTESIAN_POINT('',(12.5,0.));
#1239 = VECTOR('',#1240,1.);
#1240 = DIRECTION('',(1.,0.));
#1241 = ( GEOMETRIC_REPRESENTATION_CONTEXT(2) 
PARAMETRIC_REPRESENTATION_CONTEXT() REPRESENTATION_CONTEXT('2D SPACE',''
  ) );
#1242 = ORIENTED_EDGE('',*,*,#1243,.T.);
#1243 = EDGE_CURVE('',#1216,#1244,#1246,.T.);
#1244 = VERTEX_POINT('',#1245);
#1245 = CARTESIAN_POINT('',(12.5,20.,-10.32666041778));
#1246 = SURFACE_CURVE('',#1247,(#1251,#1258),.PCURVE_S1.);
#1247 = LINE('',#1248,#1249);
#1248 = CARTESIAN_POINT('',(12.5,20.,-5.701660417783));
#1249 = VECTOR('',#1250,1.);
#1250 = DIRECTION('',(0.,0.,-1.));
#1251 = PCURVE('',#432,#1252);
#1252 = DEFINITIONAL_REPRESENTATION('',(#1253),#1257);
#1253 = LINE('',#1254,#1255);
#1254 = CARTESIAN_POINT('',(10.898339582217,-28.5));
#1255 = VECTOR('',#1256,1.);
#1256 = DIRECTION('',(-1.,0.));
#1257 = ( GEOMETRIC_REPRESENTATION_CONTEXT(2) 
PARAMETRIC_REPRESENTATION_CONTEXT() REPRESENTATION_CONTEXT('2D SPACE',''
  ) );
#1258 = PCURVE('',#1259,#1264);
#1259 = PLANE('',#1260);
#1260 = AXIS2_PLACEMENT_3D('',#1261,#1262,#1263);
#1261 = CARTESIAN_POINT('',(12.5,20.,-1.076660417783));
#1262 = DIRECTION('',(1.,0.,0.));
#1263 = DIRECTION('',(0.,0.,-1.));
#1264 = DEFINITIONAL_REPRESENTATION('',(#1265),#1269);
#1265 = LINE('',#1266,#1267);
#1266 = CARTESIAN_POINT('',(4.625,0.));
#1267 = VECTOR('',#1268,1.);
#1268 = DIRECTION('',(1.,0.));
#1269 = ( GEOMETRIC_REPRESENTATION_CONTEXT(2) 
PARAMETRIC_REPRESENTATION_CONTEXT() REPRESENTATION_CONTEXT('2D SPACE',''
  ) );
#1270 = ORIENTED_EDGE('',*,*,#1271,.F.);
#1271 = EDGE_CURVE('',#1188,#1244,#1272,.T.);
#1272 = SURFACE_CURVE('',#1273,(#1277,#1284),.PCURVE_S1.);
#1273 = LINE('',#1274,#1275);
#1274 = CARTESIAN_POINT('',(4.302931872623E-16,20.,-10.32666041778));
#1275 = VECTOR('',#1276,1.);
#1276 = DIRECTION('',(1.,0.,0.));
#1277 = PCURVE('',#432,#1278);
#1278 = DEFINITIONAL_REPRESENTATION('',(#1279),#1283);
#1279 = LINE('',#1280,#1281);
#1280 = CARTESIAN_POINT('',(6.273339582217,-16.));
#1281 = VECTOR('',#1282,1.);
#1282 = DIRECTION('',(0.,-1.));
#1283 = ( GEOMETRIC_REPRESENTATION_CONTEXT(2) 
PARAMETRIC_REPRESENTATION_CONTEXT() REPRESENTATION_CONTEXT('2D SPACE',''
  ) );
#1284 = PCURVE('',#1285,#1290);
#1285 = PLANE('',#1286);
#1286 = AXIS2_PLACEMENT_3D('',#1287,#1288,#1289);
#1287 = CARTESIAN_POINT('',(-12.5,20.,-10.32666041778));
#1288 = DIRECTION('',(-0.,0.,1.));
#1289 = DIRECTION('',(1.,0.,0.));
#1290 = DEFINITIONAL_REPRESENTATION('',(#1291),#1295);
#1291 = LINE('',#1292,#1293);
#1292 = CARTESIAN_POINT('',(12.5,0.));
#1293 = VECTOR('',#1294,1.);
#1294 = DIRECTION('',(1.,0.));
#1295 = ( GEOMETRIC_REPRESENTATION_CONTEXT(2) 
PARAMETRIC_REPRESENTATION_CONTEXT() REPRESENTATION_CONTEXT('2D SPACE',''
  ) );
#1296 = FACE_BOUND('',#1297,.F.);
#1297 = EDGE_LOOP('',(#1298,#1322,#1348,#1370));
#1298 = ORIENTED_EDGE('',*,*,#1299,.T.);
#1299 = EDGE_CURVE('',#1300,#1302,#1304,.T.);
#1300 = VERTEX_POINT('',#1301);
#1301 = CARTESIAN_POINT('',(12.2,20.,-0.2));
#1302 = VERTEX_POINT('',#1303);
#1303 = CARTESIAN_POINT('',(-12.2,20.,-0.2));
#1304 = SURFACE_CURVE('',#1305,(#1309,#1315),.PCURVE_S1.);
#1305 = LINE('',#1306,#1307);
#1306 = CARTESIAN_POINT('',(-14.1,20.,-0.2));
#1307 = VECTOR('',#1308,1.);
#1308 = DIRECTION('',(-1.,0.,0.));
#1309 = PCURVE('',#432,#1310);
#1310 = DEFINITIONAL_REPRESENTATION('',(#1311),#1314);
#1311 = B_SPLINE_CURVE_WITH_KNOTS('',1,(#1312,#1313),.UNSPECIFIED.,.F.,
  .F.,(2,2),(-26.3,-1.9),.PIECEWISE_BEZIER_KNOTS.);
#1312 = CARTESIAN_POINT('',(16.4,-28.2));
#1313 = CARTESIAN_POINT('',(16.4,-3.8));
#1314 = ( GEOMETRIC_REPRESENTATION_CONTEXT(2) 
PARAMETRIC_REPRESENTATION_CONTEXT() REPRESENTATION_CONTEXT('2D SPACE',''
  ) );
#1315 = PCURVE('',#209,#1316);
#1316 = DEFINITIONAL_REPRESENTATION('',(#1317),#1321);
#1317 = LINE('',#1318,#1319);
#1318 = CARTESIAN_POINT('',(-7.,-1.9));
#1319 = VECTOR('',#1320,1.);
#1320 = DIRECTION('',(0.,1.));
#1321 = ( GEOMETRIC_REPRESENTATION_CONTEXT(2) 
PARAMETRIC_REPRESENTATION_CONTEXT() REPRESENTATION_CONTEXT('2D SPACE',''
  ) );
#1322 = ORIENTED_EDGE('',*,*,#1323,.T.);
#1323 = EDGE_CURVE('',#1302,#1324,#1326,.T.);
#1324 = VERTEX_POINT('',#1325);
#1325 = CARTESIAN_POINT('',(-12.2,20.,10.2));
#1326 = SURFACE_CURVE('',#1327,(#1331,#1337),.PCURVE_S1.);
#1327 = LINE('',#1328,#1329);
#1328 = CARTESIAN_POINT('',(-12.2,20.,-8.4));
#1329 = VECTOR('',#1330,1.);
#1330 = DIRECTION('',(0.,0.,1.));
#1331 = PCURVE('',#432,#1332);
#1332 = DEFINITIONAL_REPRESENTATION('',(#1333),#1336);
#1333 = B_SPLINE_CURVE_WITH_KNOTS('',1,(#1334,#1335),.UNSPECIFIED.,.F.,
  .F.,(2,2),(8.2,18.6),.PIECEWISE_BEZIER_KNOTS.);
#1334 = CARTESIAN_POINT('',(16.4,-3.8));
#1335 = CARTESIAN_POINT('',(26.8,-3.8));
#1336 = ( GEOMETRIC_REPRESENTATION_CONTEXT(2) 
PARAMETRIC_REPRESENTATION_CONTEXT() REPRESENTATION_CONTEXT('2D SPACE',''
  ) );
#1337 = PCURVE('',#1338,#1343);
#1338 = PLANE('',#1339);
#1339 = AXIS2_PLACEMENT_3D('',#1340,#1341,#1342);
#1340 = CARTESIAN_POINT('',(-12.2,-1.,-0.2));
#1341 = DIRECTION('',(1.,0.,0.));
#1342 = DIRECTION('',(0.,0.,1.));
#1343 = DEFINITIONAL_REPRESENTATION('',(#1344),#1347);
#1344 = B_SPLINE_CURVE_WITH_KNOTS('',1,(#1345,#1346),.UNSPECIFIED.,.F.,
  .F.,(2,2),(8.2,18.6),.PIECEWISE_BEZIER_KNOTS.);
#1345 = CARTESIAN_POINT('',(0.,-21.));
#1346 = CARTESIAN_POINT('',(10.4,-21.));
#1347 = ( GEOMETRIC_REPRESENTATION_CONTEXT(2) 
PARAMETRIC_REPRESENTATION_CONTEXT() REPRESENTATION_CONTEXT('2D SPACE',''
  ) );
#1348 = ORIENTED_EDGE('',*,*,#1349,.F.);
#1349 = EDGE_CURVE('',#1350,#1324,#1352,.T.);
#1350 = VERTEX_POINT('',#1351);
#1351 = CARTESIAN_POINT('',(12.2,20.,10.2));
#1352 = SURFACE_CURVE('',#1353,(#1357,#1363),.PCURVE_S1.);
#1353 = LINE('',#1354,#1355);
#1354 = CARTESIAN_POINT('',(-14.1,20.,10.2));
#1355 = VECTOR('',#1356,1.);
#1356 = DIRECTION('',(-1.,0.,0.));
#1357 = PCURVE('',#432,#1358);
#1358 = DEFINITIONAL_REPRESENTATION('',(#1359),#1362);
#1359 = B_SPLINE_CURVE_WITH_KNOTS('',1,(#1360,#1361),.UNSPECIFIED.,.F.,
  .F.,(2,2),(-26.3,-1.9),.PIECEWISE_BEZIER_KNOTS.);
#1360 = CARTESIAN_POINT('',(26.8,-28.2));
#1361 = CARTESIAN_POINT('',(26.8,-3.8));
#1362 = ( GEOMETRIC_REPRESENTATION_CONTEXT(2) 
PARAMETRIC_REPRESENTATION_CONTEXT() REPRESENTATION_CONTEXT('2D SPACE',''
  ) );
#1363 = PCURVE('',#153,#1364);
#1364 = DEFINITIONAL_REPRESENTATION('',(#1365),#1369);
#1365 = LINE('',#1366,#1367);
#1366 = CARTESIAN_POINT('',(28.,-1.9));
#1367 = VECTOR('',#1368,1.);
#1368 = DIRECTION('',(0.,1.));
#1369 = ( GEOMETRIC_REPRESENTATION_CONTEXT(2) 
PARAMETRIC_REPRESENTATION_CONTEXT() REPRESENTATION_CONTEXT('2D SPACE',''
  ) );
#1370 = ORIENTED_EDGE('',*,*,#1371,.F.);
#1371 = EDGE_CURVE('',#1300,#1350,#1372,.T.);
#1372 = SURFACE_CURVE('',#1373,(#1377,#1383),.PCURVE_S1.);
#1373 = LINE('',#1374,#1375);
#1374 = CARTESIAN_POINT('',(12.2,20.,-8.4));
#1375 = VECTOR('',#1376,1.);
#1376 = DIRECTION('',(0.,0.,1.));
#1377 = PCURVE('',#432,#1378);
#1378 = DEFINITIONAL_REPRESENTATION('',(#1379),#1382);
#1379 = B_SPLINE_CURVE_WITH_KNOTS('',1,(#1380,#1381),.UNSPECIFIED.,.F.,
  .F.,(2,2),(8.2,18.6),.PIECEWISE_BEZIER_KNOTS.);
#1380 = CARTESIAN_POINT('',(16.4,-28.2));
#1381 = CARTESIAN_POINT('',(26.8,-28.2));
#1382 = ( GEOMETRIC_REPRESENTATION_CONTEXT(2) 
PARAMETRIC_REPRESENTATION_CONTEXT() REPRESENTATION_CONTEXT('2D SPACE',''
  ) );
#1383 = PCURVE('',#1384,#1389);
#1384 = PLANE('',#1385);
#1385 = AXIS2_PLACEMENT_3D('',#1386,#1387,#1388);
#1386 = CARTESIAN_POINT('',(12.2,-1.,-0.2));
#1387 = DIRECTION('',(1.,0.,0.));
#1388 = DIRECTION('',(0.,0.,1.));
#1389 = DEFINITIONAL_REPRESENTATION('',(#1390),#1393);
#1390 = B_SPLINE_CURVE_WITH_KNOTS('',1,(#1391,#1392),.UNSPECIFIED.,.F.,
  .F.,(2,2),(8.2,18.6),.PIECEWISE_BEZIER_KNOTS.);
#1391 = CARTESIAN_POINT('',(0.,-21.));
#1392 = CARTESIAN_POINT('',(10.4,-21.));
#1393 = ( GEOMETRIC_REPRESENTATION_CONTEXT(2) 
PARAMETRIC_REPRESENTATION_CONTEXT() REPRESENTATION_CONTEXT('2D SPACE',''
  ) );
#1394 = FACE_BOUND('',#1395,.F.);
#1395 = EDGE_LOOP('',(#1396,#1426,#1454,#1482));
#1396 = ORIENTED_EDGE('',*,*,#1397,.F.);
#1397 = EDGE_CURVE('',#1398,#1400,#1402,.T.);
#1398 = VERTEX_POINT('',#1399);
#1399 = CARTESIAN_POINT('',(-12.5,20.,14.423339582217));
#1400 = VERTEX_POINT('',#1401);
#1401 = CARTESIAN_POINT('',(-12.5,20.,11.173339582217));
#1402 = SURFACE_CURVE('',#1403,(#1407,#1414),.PCURVE_S1.);
#1403 = LINE('',#1404,#1405);
#1404 = CARTESIAN_POINT('',(-12.5,20.,12.798339582217));
#1405 = VECTOR('',#1406,1.);
#1406 = DIRECTION('',(0.,0.,-1.));
#1407 = PCURVE('',#432,#1408);
#1408 = DEFINITIONAL_REPRESENTATION('',(#1409),#1413);
#1409 = LINE('',#1410,#1411);
#1410 = CARTESIAN_POINT('',(29.398339582217,-3.5));
#1411 = VECTOR('',#1412,1.);
#1412 = DIRECTION('',(-1.,0.));
#1413 = ( GEOMETRIC_REPRESENTATION_CONTEXT(2) 
PARAMETRIC_REPRESENTATION_CONTEXT() REPRESENTATION_CONTEXT('2D SPACE',''
  ) );
#1414 = PCURVE('',#1415,#1420);
#1415 = PLANE('',#1416);
#1416 = AXIS2_PLACEMENT_3D('',#1417,#1418,#1419);
#1417 = CARTESIAN_POINT('',(-12.5,20.,14.423339582217));
#1418 = DIRECTION('',(1.,0.,0.));
#1419 = DIRECTION('',(0.,0.,-1.));
#1420 = DEFINITIONAL_REPRESENTATION('',(#1421),#1425);
#1421 = LINE('',#1422,#1423);
#1422 = CARTESIAN_POINT('',(1.625,0.));
#1423 = VECTOR('',#1424,1.);
#1424 = DIRECTION('',(1.,0.));
#1425 = ( GEOMETRIC_REPRESENTATION_CONTEXT(2) 
PARAMETRIC_REPRESENTATION_CONTEXT() REPRESENTATION_CONTEXT('2D SPACE',''
  ) );
#1426 = ORIENTED_EDGE('',*,*,#1427,.T.);
#1427 = EDGE_CURVE('',#1398,#1428,#1430,.T.);
#1428 = VERTEX_POINT('',#1429);
#1429 = CARTESIAN_POINT('',(12.5,20.,14.423339582217));
#1430 = SURFACE_CURVE('',#1431,(#1435,#1442),.PCURVE_S1.);
#1431 = LINE('',#1432,#1433);
#1432 = CARTESIAN_POINT('',(4.302931872623E-16,20.,14.423339582217));
#1433 = VECTOR('',#1434,1.);
#1434 = DIRECTION('',(1.,0.,0.));
#1435 = PCURVE('',#432,#1436);
#1436 = DEFINITIONAL_REPRESENTATION('',(#1437),#1441);
#1437 = LINE('',#1438,#1439);
#1438 = CARTESIAN_POINT('',(31.023339582217,-16.));
#1439 = VECTOR('',#1440,1.);
#1440 = DIRECTION('',(0.,-1.));
#1441 = ( GEOMETRIC_REPRESENTATION_CONTEXT(2) 
PARAMETRIC_REPRESENTATION_CONTEXT() REPRESENTATION_CONTEXT('2D SPACE',''
  ) );
#1442 = PCURVE('',#1443,#1448);
#1443 = PLANE('',#1444);
#1444 = AXIS2_PLACEMENT_3D('',#1445,#1446,#1447);
#1445 = CARTESIAN_POINT('',(-12.5,20.,14.423339582217));
#1446 = DIRECTION('',(-0.,0.,1.));
#1447 = DIRECTION('',(1.,0.,0.));
#1448 = DEFINITIONAL_REPRESENTATION('',(#1449),#1453);
#1449 = LINE('',#1450,#1451);
#1450 = CARTESIAN_POINT('',(12.5,0.));
#1451 = VECTOR('',#1452,1.);
#1452 = DIRECTION('',(1.,0.));
#1453 = ( GEOMETRIC_REPRESENTATION_CONTEXT(2) 
PARAMETRIC_REPRESENTATION_CONTEXT() REPRESENTATION_CONTEXT('2D SPACE',''
  ) );
#1454 = ORIENTED_EDGE('',*,*,#1455,.T.);
#1455 = EDGE_CURVE('',#1428,#1456,#1458,.T.);
#1456 = VERTEX_POINT('',#1457);
#1457 = CARTESIAN_POINT('',(12.5,20.,11.173339582217));
#1458 = SURFACE_CURVE('',#1459,(#1463,#1470),.PCURVE_S1.);
#1459 = LINE('',#1460,#1461);
#1460 = CARTESIAN_POINT('',(12.5,20.,12.798339582217));
#1461 = VECTOR('',#1462,1.);
#1462 = DIRECTION('',(0.,0.,-1.));
#1463 = PCURVE('',#432,#1464);
#1464 = DEFINITIONAL_REPRESENTATION('',(#1465),#1469);
#1465 = LINE('',#1466,#1467);
#1466 = CARTESIAN_POINT('',(29.398339582217,-28.5));
#1467 = VECTOR('',#1468,1.);
#1468 = DIRECTION('',(-1.,0.));
#1469 = ( GEOMETRIC_REPRESENTATION_CONTEXT(2) 
PARAMETRIC_REPRESENTATION_CONTEXT() REPRESENTATION_CONTEXT('2D SPACE',''
  ) );
#1470 = PCURVE('',#1471,#1476);
#1471 = PLANE('',#1472);
#1472 = AXIS2_PLACEMENT_3D('',#1473,#1474,#1475);
#1473 = CARTESIAN_POINT('',(12.5,20.,14.423339582217));
#1474 = DIRECTION('',(1.,0.,0.));
#1475 = DIRECTION('',(0.,0.,-1.));
#1476 = DEFINITIONAL_REPRESENTATION('',(#1477),#1481);
#1477 = LINE('',#1478,#1479);
#1478 = CARTESIAN_POINT('',(1.625,0.));
#1479 = VECTOR('',#1480,1.);
#1480 = DIRECTION('',(1.,0.));
#1481 = ( GEOMETRIC_REPRESENTATION_CONTEXT(2) 
PARAMETRIC_REPRESENTATION_CONTEXT() REPRESENTATION_CONTEXT('2D SPACE',''
  ) );
#1482 = ORIENTED_EDGE('',*,*,#1483,.F.);
#1483 = EDGE_CURVE('',#1400,#1456,#1484,.T.);
#1484 = SURFACE_CURVE('',#1485,(#1489,#1496),.PCURVE_S1.);
#1485 = LINE('',#1486,#1487);
#1486 = CARTESIAN_POINT('',(4.302931872623E-16,20.,11.173339582217));
#1487 = VECTOR('',#1488,1.);
#1488 = DIRECTION('',(1.,0.,0.));
#1489 = PCURVE('',#432,#1490);
#1490 = DEFINITIONAL_REPRESENTATION('',(#1491),#1495);
#1491 = LINE('',#1492,#1493);
#1492 = CARTESIAN_POINT('',(27.773339582217,-16.));
#1493 = VECTOR('',#1494,1.);
#1494 = DIRECTION('',(0.,-1.));
#1495 = ( GEOMETRIC_REPRESENTATION_CONTEXT(2) 
PARAMETRIC_REPRESENTATION_CONTEXT() REPRESENTATION_CONTEXT('2D SPACE',''
  ) );
#1496 = PCURVE('',#1497,#1502);
#1497 = PLANE('',#1498);
#1498 = AXIS2_PLACEMENT_3D('',#1499,#1500,#1501);
#1499 = CARTESIAN_POINT('',(-12.5,20.,11.173339582217));
#1500 = DIRECTION('',(-0.,0.,1.));
#1501 = DIRECTION('',(1.,0.,0.));
#1502 = DEFINITIONAL_REPRESENTATION('',(#1503),#1507);
#1503 = LINE('',#1504,#1505);
#1504 = CARTESIAN_POINT('',(12.5,0.));
#1505 = VECTOR('',#1506,1.);
#1506 = DIRECTION('',(1.,0.));
#1507 = ( GEOMETRIC_REPRESENTATION_CONTEXT(2) 
PARAMETRIC_REPRESENTATION_CONTEXT() REPRESENTATION_CONTEXT('2D SPACE',''
  ) );
#1508 = ADVANCED_FACE('',(#1509,#1676,#1711,#1746,#1916,#1942,#1977,
    #2012),#153,.F.);
#1509 = FACE_BOUND('',#1510,.F.);
#1510 = EDGE_LOOP('',(#1511,#1512,#1513,#1536,#1559,#1582,#1610,#1631,
    #1632,#1655));
#1511 = ORIENTED_EDGE('',*,*,#137,.F.);
#1512 = ORIENTED_EDGE('',*,*,#1090,.T.);
#1513 = ORIENTED_EDGE('',*,*,#1514,.T.);
#1514 = EDGE_CURVE('',#1091,#1515,#1517,.T.);
#1515 = VERTEX_POINT('',#1516);
#1516 = CARTESIAN_POINT('',(13.,-8.,10.2));
#1517 = SURFACE_CURVE('',#1518,(#1522,#1529),.PCURVE_S1.);
#1518 = LINE('',#1519,#1520);
#1519 = CARTESIAN_POINT('',(-16.,-8.,10.2));
#1520 = VECTOR('',#1521,1.);
#1521 = DIRECTION('',(1.,0.,0.));
#1522 = PCURVE('',#153,#1523);
#1523 = DEFINITIONAL_REPRESENTATION('',(#1524),#1528);
#1524 = LINE('',#1525,#1526);
#1525 = CARTESIAN_POINT('',(0.,0.));
#1526 = VECTOR('',#1527,1.);
#1527 = DIRECTION('',(0.,-1.));
#1528 = ( GEOMETRIC_REPRESENTATION_CONTEXT(2) 
PARAMETRIC_REPRESENTATION_CONTEXT() REPRESENTATION_CONTEXT('2D SPACE',''
  ) );
#1529 = PCURVE('',#648,#1530);
#1530 = DEFINITIONAL_REPRESENTATION('',(#1531),#1535);
#1531 = LINE('',#1532,#1533);
#1532 = CARTESIAN_POINT('',(4.8,0.));
#1533 = VECTOR('',#1534,1.);
#1534 = DIRECTION('',(0.,-1.));
#1535 = ( GEOMETRIC_REPRESENTATION_CONTEXT(2) 
PARAMETRIC_REPRESENTATION_CONTEXT() REPRESENTATION_CONTEXT('2D SPACE',''
  ) );
#1536 = ORIENTED_EDGE('',*,*,#1537,.T.);
#1537 = EDGE_CURVE('',#1515,#1538,#1540,.T.);
#1538 = VERTEX_POINT('',#1539);
#1539 = CARTESIAN_POINT('',(16.,-5.,10.2));
#1540 = SURFACE_CURVE('',#1541,(#1545,#1552),.PCURVE_S1.);
#1541 = LINE('',#1542,#1543);
#1542 = CARTESIAN_POINT('',(6.5,-14.5,10.2));
#1543 = VECTOR('',#1544,1.);
#1544 = DIRECTION('',(0.707106781187,0.707106781187,0.));
#1545 = PCURVE('',#153,#1546);
#1546 = DEFINITIONAL_REPRESENTATION('',(#1547),#1551);
#1547 = LINE('',#1548,#1549);
#1548 = CARTESIAN_POINT('',(-6.5,-22.5));
#1549 = VECTOR('',#1550,1.);
#1550 = DIRECTION('',(0.707106781187,-0.707106781187));
#1551 = ( GEOMETRIC_REPRESENTATION_CONTEXT(2) 
PARAMETRIC_REPRESENTATION_CONTEXT() REPRESENTATION_CONTEXT('2D SPACE',''
  ) );
#1552 = PCURVE('',#620,#1553);
#1553 = DEFINITIONAL_REPRESENTATION('',(#1554),#1558);
#1554 = LINE('',#1555,#1556);
#1555 = CARTESIAN_POINT('',(-4.8,-11.31370849898));
#1556 = VECTOR('',#1557,1.);
#1557 = DIRECTION('',(-0.,1.));
#1558 = ( GEOMETRIC_REPRESENTATION_CONTEXT(2) 
PARAMETRIC_REPRESENTATION_CONTEXT() REPRESENTATION_CONTEXT('2D SPACE',''
  ) );
#1559 = ORIENTED_EDGE('',*,*,#1560,.T.);
#1560 = EDGE_CURVE('',#1538,#1561,#1563,.T.);
#1561 = VERTEX_POINT('',#1562);
#1562 = CARTESIAN_POINT('',(16.,13.,10.2));
#1563 = SURFACE_CURVE('',#1564,(#1568,#1575),.PCURVE_S1.);
#1564 = LINE('',#1565,#1566);
#1565 = CARTESIAN_POINT('',(16.,-8.,10.2));
#1566 = VECTOR('',#1567,1.);
#1567 = DIRECTION('',(0.,1.,0.));
#1568 = PCURVE('',#153,#1569);
#1569 = DEFINITIONAL_REPRESENTATION('',(#1570),#1574);
#1570 = LINE('',#1571,#1572);
#1571 = CARTESIAN_POINT('',(0.,-32.));
#1572 = VECTOR('',#1573,1.);
#1573 = DIRECTION('',(1.,0.));
#1574 = ( GEOMETRIC_REPRESENTATION_CONTEXT(2) 
PARAMETRIC_REPRESENTATION_CONTEXT() REPRESENTATION_CONTEXT('2D SPACE',''
  ) );
#1575 = PCURVE('',#592,#1576);
#1576 = DEFINITIONAL_REPRESENTATION('',(#1577),#1581);
#1577 = LINE('',#1578,#1579);
#1578 = CARTESIAN_POINT('',(-17.85616438356,8.346301369863));
#1579 = VECTOR('',#1580,1.);
#1580 = DIRECTION('',(1.,0.));
#1581 = ( GEOMETRIC_REPRESENTATION_CONTEXT(2) 
PARAMETRIC_REPRESENTATION_CONTEXT() REPRESENTATION_CONTEXT('2D SPACE',''
  ) );
#1582 = ORIENTED_EDGE('',*,*,#1583,.F.);
#1583 = EDGE_CURVE('',#1584,#1561,#1586,.T.);
#1584 = VERTEX_POINT('',#1585);
#1585 = CARTESIAN_POINT('',(12.2,13.,10.2));
#1586 = SURFACE_CURVE('',#1587,(#1591,#1598),.PCURVE_S1.);
#1587 = LINE('',#1588,#1589);
#1588 = CARTESIAN_POINT('',(-16.,13.,10.2));
#1589 = VECTOR('',#1590,1.);
#1590 = DIRECTION('',(1.,0.,0.));
#1591 = PCURVE('',#153,#1592);
#1592 = DEFINITIONAL_REPRESENTATION('',(#1593),#1597);
#1593 = LINE('',#1594,#1595);
#1594 = CARTESIAN_POINT('',(21.,0.));
#1595 = VECTOR('',#1596,1.);
#1596 = DIRECTION('',(0.,-1.));
#1597 = ( GEOMETRIC_REPRESENTATION_CONTEXT(2) 
PARAMETRIC_REPRESENTATION_CONTEXT() REPRESENTATION_CONTEXT('2D SPACE',''
  ) );
#1598 = PCURVE('',#1599,#1604);
#1599 = PLANE('',#1600);
#1600 = AXIS2_PLACEMENT_3D('',#1601,#1602,#1603);
#1601 = CARTESIAN_POINT('',(-16.,13.,10.2));
#1602 = DIRECTION('',(0.,1.,0.));
#1603 = DIRECTION('',(0.,0.,-1.));
#1604 = DEFINITIONAL_REPRESENTATION('',(#1605),#1609);
#1605 = LINE('',#1606,#1607);
#1606 = CARTESIAN_POINT('',(0.,0.));
#1607 = VECTOR('',#1608,1.);
#1608 = DIRECTION('',(0.,-1.));
#1609 = ( GEOMETRIC_REPRESENTATION_CONTEXT(2) 
PARAMETRIC_REPRESENTATION_CONTEXT() REPRESENTATION_CONTEXT('2D SPACE',''
  ) );
#1610 = ORIENTED_EDGE('',*,*,#1611,.T.);
#1611 = EDGE_CURVE('',#1584,#1350,#1612,.T.);
#1612 = SURFACE_CURVE('',#1613,(#1617,#1624),.PCURVE_S1.);
#1613 = LINE('',#1614,#1615);
#1614 = CARTESIAN_POINT('',(12.2,-1.,10.2));
#1615 = VECTOR('',#1616,1.);
#1616 = DIRECTION('',(0.,1.,0.));
#1617 = PCURVE('',#153,#1618);
#1618 = DEFINITIONAL_REPRESENTATION('',(#1619),#1623);
#1619 = LINE('',#1620,#1621);
#1620 = CARTESIAN_POINT('',(7.,-28.2));
#1621 = VECTOR('',#1622,1.);
#1622 = DIRECTION('',(1.,0.));
#1623 = ( GEOMETRIC_REPRESENTATION_CONTEXT(2) 
PARAMETRIC_REPRESENTATION_CONTEXT() REPRESENTATION_CONTEXT('2D SPACE',''
  ) );
#1624 = PCURVE('',#1384,#1625);
#1625 = DEFINITIONAL_REPRESENTATION('',(#1626),#1630);
#1626 = LINE('',#1627,#1628);
#1627 = CARTESIAN_POINT('',(10.4,0.));
#1628 = VECTOR('',#1629,1.);
#1629 = DIRECTION('',(0.,-1.));
#1630 = ( GEOMETRIC_REPRESENTATION_CONTEXT(2) 
PARAMETRIC_REPRESENTATION_CONTEXT() REPRESENTATION_CONTEXT('2D SPACE',''
  ) );
#1631 = ORIENTED_EDGE('',*,*,#1349,.T.);
#1632 = ORIENTED_EDGE('',*,*,#1633,.F.);
#1633 = EDGE_CURVE('',#1634,#1324,#1636,.T.);
#1634 = VERTEX_POINT('',#1635);
#1635 = CARTESIAN_POINT('',(-12.2,13.,10.2));
#1636 = SURFACE_CURVE('',#1637,(#1641,#1648),.PCURVE_S1.);
#1637 = LINE('',#1638,#1639);
#1638 = CARTESIAN_POINT('',(-12.2,-1.,10.2));
#1639 = VECTOR('',#1640,1.);
#1640 = DIRECTION('',(0.,1.,0.));
#1641 = PCURVE('',#153,#1642);
#1642 = DEFINITIONAL_REPRESENTATION('',(#1643),#1647);
#1643 = LINE('',#1644,#1645);
#1644 = CARTESIAN_POINT('',(7.,-3.8));
#1645 = VECTOR('',#1646,1.);
#1646 = DIRECTION('',(1.,0.));
#1647 = ( GEOMETRIC_REPRESENTATION_CONTEXT(2) 
PARAMETRIC_REPRESENTATION_CONTEXT() REPRESENTATION_CONTEXT('2D SPACE',''
  ) );
#1648 = PCURVE('',#1338,#1649);
#1649 = DEFINITIONAL_REPRESENTATION('',(#1650),#1654);
#1650 = LINE('',#1651,#1652);
#1651 = CARTESIAN_POINT('',(10.4,0.));
#1652 = VECTOR('',#1653,1.);
#1653 = DIRECTION('',(0.,-1.));
#1654 = ( GEOMETRIC_REPRESENTATION_CONTEXT(2) 
PARAMETRIC_REPRESENTATION_CONTEXT() REPRESENTATION_CONTEXT('2D SPACE',''
  ) );
#1655 = ORIENTED_EDGE('',*,*,#1656,.F.);
#1656 = EDGE_CURVE('',#138,#1634,#1657,.T.);
#1657 = SURFACE_CURVE('',#1658,(#1662,#1669),.PCURVE_S1.);
#1658 = LINE('',#1659,#1660);
#1659 = CARTESIAN_POINT('',(-16.,13.,10.2));
#1660 = VECTOR('',#1661,1.);
#1661 = DIRECTION('',(1.,0.,0.));
#1662 = PCURVE('',#153,#1663);
#1663 = DEFINITIONAL_REPRESENTATION('',(#1664),#1668);
#1664 = LINE('',#1665,#1666);
#1665 = CARTESIAN_POINT('',(21.,0.));
#1666 = VECTOR('',#1667,1.);
#1667 = DIRECTION('',(0.,-1.));
#1668 = ( GEOMETRIC_REPRESENTATION_CONTEXT(2) 
PARAMETRIC_REPRESENTATION_CONTEXT() REPRESENTATION_CONTEXT('2D SPACE',''
  ) );
#1669 = PCURVE('',#181,#1670);
#1670 = DEFINITIONAL_REPRESENTATION('',(#1671),#1675);
#1671 = LINE('',#1672,#1673);
#1672 = CARTESIAN_POINT('',(0.,0.));
#1673 = VECTOR('',#1674,1.);
#1674 = DIRECTION('',(0.,-1.));
#1675 = ( GEOMETRIC_REPRESENTATION_CONTEXT(2) 
PARAMETRIC_REPRESENTATION_CONTEXT() REPRESENTATION_CONTEXT('2D SPACE',''
  ) );
#1676 = FACE_BOUND('',#1677,.F.);
#1677 = EDGE_LOOP('',(#1678));
#1678 = ORIENTED_EDGE('',*,*,#1679,.T.);
#1679 = EDGE_CURVE('',#1680,#1680,#1682,.T.);
#1680 = VERTEX_POINT('',#1681);
#1681 = CARTESIAN_POINT('',(12.84,-4.,10.2));
#1682 = SURFACE_CURVE('',#1683,(#1688,#1699),.PCURVE_S1.);
#1683 = CIRCLE('',#1684,2.84);
#1684 = AXIS2_PLACEMENT_3D('',#1685,#1686,#1687);
#1685 = CARTESIAN_POINT('',(10.,-4.,10.2));
#1686 = DIRECTION('',(0.,-1.224646799147E-16,-1.));
#1687 = DIRECTION('',(1.,0.,0.));
#1688 = PCURVE('',#153,#1689);
#1689 = DEFINITIONAL_REPRESENTATION('',(#1690),#1698);
#1690 = ( BOUNDED_CURVE() B_SPLINE_CURVE(2,(#1691,#1692,#1693,#1694,
#1695,#1696,#1697),.UNSPECIFIED.,.T.,.F.) B_SPLINE_CURVE_WITH_KNOTS((1,2
    ,2,2,2,1),(-2.094395102393,0.,2.094395102393,4.188790204786,
6.28318530718,8.377580409573),.UNSPECIFIED.) CURVE() 
GEOMETRIC_REPRESENTATION_ITEM() RATIONAL_B_SPLINE_CURVE((1.,0.5,1.,0.5,
1.,0.5,1.)) REPRESENTATION_ITEM('') );
#1691 = CARTESIAN_POINT('',(4.,-28.84));
#1692 = CARTESIAN_POINT('',(-0.919024293496,-28.84));
#1693 = CARTESIAN_POINT('',(1.540487853252,-24.58));
#1694 = CARTESIAN_POINT('',(4.,-20.32));
#1695 = CARTESIAN_POINT('',(6.459512146748,-24.58));
#1696 = CARTESIAN_POINT('',(8.919024293496,-28.84));
#1697 = CARTESIAN_POINT('',(4.,-28.84));
#1698 = ( GEOMETRIC_REPRESENTATION_CONTEXT(2) 
PARAMETRIC_REPRESENTATION_CONTEXT() REPRESENTATION_CONTEXT('2D SPACE',''
  ) );
#1699 = PCURVE('',#1700,#1705);
#1700 = CYLINDRICAL_SURFACE('',#1701,2.84);
#1701 = AXIS2_PLACEMENT_3D('',#1702,#1703,#1704);
#1702 = CARTESIAN_POINT('',(10.,-4.,9.7));
#1703 = DIRECTION('',(0.,-1.224646799147E-16,-1.));
#1704 = DIRECTION('',(1.,0.,0.));
#1705 = DEFINITIONAL_REPRESENTATION('',(#1706),#1710);
#1706 = LINE('',#1707,#1708);
#1707 = CARTESIAN_POINT('',(0.,-0.5));
#1708 = VECTOR('',#1709,1.);
#1709 = DIRECTION('',(1.,0.));
#1710 = ( GEOMETRIC_REPRESENTATION_CONTEXT(2) 
PARAMETRIC_REPRESENTATION_CONTEXT() REPRESENTATION_CONTEXT('2D SPACE',''
  ) );
#1711 = FACE_BOUND('',#1712,.F.);
#1712 = EDGE_LOOP('',(#1713));
#1713 = ORIENTED_EDGE('',*,*,#1714,.T.);
#1714 = EDGE_CURVE('',#1715,#1715,#1717,.T.);
#1715 = VERTEX_POINT('',#1716);
#1716 = CARTESIAN_POINT('',(2.84,-4.,10.2));
#1717 = SURFACE_CURVE('',#1718,(#1723,#1734),.PCURVE_S1.);
#1718 = CIRCLE('',#1719,2.84);
#1719 = AXIS2_PLACEMENT_3D('',#1720,#1721,#1722);
#1720 = CARTESIAN_POINT('',(0.,-4.,10.2));
#1721 = DIRECTION('',(0.,-1.224646799147E-16,-1.));
#1722 = DIRECTION('',(1.,0.,0.));
#1723 = PCURVE('',#153,#1724);
#1724 = DEFINITIONAL_REPRESENTATION('',(#1725),#1733);
#1725 = ( BOUNDED_CURVE() B_SPLINE_CURVE(2,(#1726,#1727,#1728,#1729,
#1730,#1731,#1732),.UNSPECIFIED.,.T.,.F.) B_SPLINE_CURVE_WITH_KNOTS((1,2
    ,2,2,2,1),(-2.094395102393,0.,2.094395102393,4.188790204786,
6.28318530718,8.377580409573),.UNSPECIFIED.) CURVE() 
GEOMETRIC_REPRESENTATION_ITEM() RATIONAL_B_SPLINE_CURVE((1.,0.5,1.,0.5,
1.,0.5,1.)) REPRESENTATION_ITEM('') );
#1726 = CARTESIAN_POINT('',(4.,-18.84));
#1727 = CARTESIAN_POINT('',(-0.919024293496,-18.84));
#1728 = CARTESIAN_POINT('',(1.540487853252,-14.58));
#1729 = CARTESIAN_POINT('',(4.,-10.32));
#1730 = CARTESIAN_POINT('',(6.459512146748,-14.58));
#1731 = CARTESIAN_POINT('',(8.919024293496,-18.84));
#1732 = CARTESIAN_POINT('',(4.,-18.84));
#1733 = ( GEOMETRIC_REPRESENTATION_CONTEXT(2) 
PARAMETRIC_REPRESENTATION_CONTEXT() REPRESENTATION_CONTEXT('2D SPACE',''
  ) );
#1734 = PCURVE('',#1735,#1740);
#1735 = CYLINDRICAL_SURFACE('',#1736,2.84);
#1736 = AXIS2_PLACEMENT_3D('',#1737,#1738,#1739);
#1737 = CARTESIAN_POINT('',(0.,-4.,9.7));
#1738 = DIRECTION('',(0.,-1.224646799147E-16,-1.));
#1739 = DIRECTION('',(1.,0.,0.));
#1740 = DEFINITIONAL_REPRESENTATION('',(#1741),#1745);
#1741 = LINE('',#1742,#1743);
#1742 = CARTESIAN_POINT('',(0.,-0.5));
#1743 = VECTOR('',#1744,1.);
#1744 = DIRECTION('',(1.,0.));
#1745 = ( GEOMETRIC_REPRESENTATION_CONTEXT(2) 
PARAMETRIC_REPRESENTATION_CONTEXT() REPRESENTATION_CONTEXT('2D SPACE',''
  ) );
#1746 = FACE_BOUND('',#1747,.F.);
#1747 = EDGE_LOOP('',(#1748,#1771,#1792,#1813,#1834,#1855,#1876,#1897));
#1748 = ORIENTED_EDGE('',*,*,#1749,.T.);
#1749 = EDGE_CURVE('',#1750,#1752,#1754,.T.);
#1750 = VERTEX_POINT('',#1751);
#1751 = CARTESIAN_POINT('',(-9.,0.,10.2));
#1752 = VERTEX_POINT('',#1753);
#1753 = CARTESIAN_POINT('',(-10.,1.,10.2));
#1754 = SURFACE_CURVE('',#1755,(#1759,#1765),.PCURVE_S1.);
#1755 = LINE('',#1756,#1757);
#1756 = CARTESIAN_POINT('',(-9.,0.,10.2));
#1757 = VECTOR('',#1758,1.);
#1758 = DIRECTION('',(-0.707106781187,0.707106781187,0.));
#1759 = PCURVE('',#153,#1760);
#1760 = DEFINITIONAL_REPRESENTATION('',(#1761),#1764);
#1761 = B_SPLINE_CURVE_WITH_KNOTS('',1,(#1762,#1763),.UNSPECIFIED.,.F.,
  .F.,(2,2),(0.,1.414213562373),.PIECEWISE_BEZIER_KNOTS.);
#1762 = CARTESIAN_POINT('',(8.,-7.));
#1763 = CARTESIAN_POINT('',(9.,-6.));
#1764 = ( GEOMETRIC_REPRESENTATION_CONTEXT(2) 
PARAMETRIC_REPRESENTATION_CONTEXT() REPRESENTATION_CONTEXT('2D SPACE',''
  ) );
#1765 = PCURVE('',#884,#1766);
#1766 = DEFINITIONAL_REPRESENTATION('',(#1767),#1770);
#1767 = B_SPLINE_CURVE_WITH_KNOTS('',1,(#1768,#1769),.UNSPECIFIED.,.F.,
  .F.,(2,2),(0.,1.414213562373),.PIECEWISE_BEZIER_KNOTS.);
#1768 = CARTESIAN_POINT('',(-10.4,0.707106781187));
#1769 = CARTESIAN_POINT('',(-10.4,-0.707106781187));
#1770 = ( GEOMETRIC_REPRESENTATION_CONTEXT(2) 
PARAMETRIC_REPRESENTATION_CONTEXT() REPRESENTATION_CONTEXT('2D SPACE',''
  ) );
#1771 = ORIENTED_EDGE('',*,*,#1772,.T.);
#1772 = EDGE_CURVE('',#1752,#1773,#1775,.T.);
#1773 = VERTEX_POINT('',#1774);
#1774 = CARTESIAN_POINT('',(-10.,5.,10.2));
#1775 = SURFACE_CURVE('',#1776,(#1780,#1786),.PCURVE_S1.);
#1776 = LINE('',#1777,#1778);
#1777 = CARTESIAN_POINT('',(-10.,-4.,10.2));
#1778 = VECTOR('',#1779,1.);
#1779 = DIRECTION('',(0.,1.,0.));
#1780 = PCURVE('',#153,#1781);
#1781 = DEFINITIONAL_REPRESENTATION('',(#1782),#1785);
#1782 = B_SPLINE_CURVE_WITH_KNOTS('',1,(#1783,#1784),.UNSPECIFIED.,.F.,
  .F.,(2,2),(5.,9.),.PIECEWISE_BEZIER_KNOTS.);
#1783 = CARTESIAN_POINT('',(9.,-6.));
#1784 = CARTESIAN_POINT('',(13.,-6.));
#1785 = ( GEOMETRIC_REPRESENTATION_CONTEXT(2) 
PARAMETRIC_REPRESENTATION_CONTEXT() REPRESENTATION_CONTEXT('2D SPACE',''
  ) );
#1786 = PCURVE('',#858,#1787);
#1787 = DEFINITIONAL_REPRESENTATION('',(#1788),#1791);
#1788 = B_SPLINE_CURVE_WITH_KNOTS('',1,(#1789,#1790),.UNSPECIFIED.,.F.,
  .F.,(2,2),(5.,9.),.PIECEWISE_BEZIER_KNOTS.);
#1789 = CARTESIAN_POINT('',(10.4,-1.));
#1790 = CARTESIAN_POINT('',(10.4,-5.));
#1791 = ( GEOMETRIC_REPRESENTATION_CONTEXT(2) 
PARAMETRIC_REPRESENTATION_CONTEXT() REPRESENTATION_CONTEXT('2D SPACE',''
  ) );
#1792 = ORIENTED_EDGE('',*,*,#1793,.F.);
#1793 = EDGE_CURVE('',#1794,#1773,#1796,.T.);
#1794 = VERTEX_POINT('',#1795);
#1795 = CARTESIAN_POINT('',(-9.,6.,10.2));
#1796 = SURFACE_CURVE('',#1797,(#1801,#1807),.PCURVE_S1.);
#1797 = LINE('',#1798,#1799);
#1798 = CARTESIAN_POINT('',(-14.5,0.5,10.2));
#1799 = VECTOR('',#1800,1.);
#1800 = DIRECTION('',(-0.707106781187,-0.707106781187,0.));
#1801 = PCURVE('',#153,#1802);
#1802 = DEFINITIONAL_REPRESENTATION('',(#1803),#1806);
#1803 = B_SPLINE_CURVE_WITH_KNOTS('',1,(#1804,#1805),.UNSPECIFIED.,.F.,
  .F.,(2,2),(-7.778174593052,-6.363961030679),.PIECEWISE_BEZIER_KNOTS.);
#1804 = CARTESIAN_POINT('',(14.,-7.));
#1805 = CARTESIAN_POINT('',(13.,-6.));
#1806 = ( GEOMETRIC_REPRESENTATION_CONTEXT(2) 
PARAMETRIC_REPRESENTATION_CONTEXT() REPRESENTATION_CONTEXT('2D SPACE',''
  ) );
#1807 = PCURVE('',#832,#1808);
#1808 = DEFINITIONAL_REPRESENTATION('',(#1809),#1812);
#1809 = B_SPLINE_CURVE_WITH_KNOTS('',1,(#1810,#1811),.UNSPECIFIED.,.F.,
  .F.,(2,2),(-7.778174593052,-6.363961030679),.PIECEWISE_BEZIER_KNOTS.);
#1810 = CARTESIAN_POINT('',(-10.4,0.707106781187));
#1811 = CARTESIAN_POINT('',(-10.4,-0.707106781187));
#1812 = ( GEOMETRIC_REPRESENTATION_CONTEXT(2) 
PARAMETRIC_REPRESENTATION_CONTEXT() REPRESENTATION_CONTEXT('2D SPACE',''
  ) );
#1813 = ORIENTED_EDGE('',*,*,#1814,.F.);
#1814 = EDGE_CURVE('',#1815,#1794,#1817,.T.);
#1815 = VERTEX_POINT('',#1816);
#1816 = CARTESIAN_POINT('',(9.,6.,10.2));
#1817 = SURFACE_CURVE('',#1818,(#1822,#1828),.PCURVE_S1.);
#1818 = LINE('',#1819,#1820);
#1819 = CARTESIAN_POINT('',(-13.,6.,10.2));
#1820 = VECTOR('',#1821,1.);
#1821 = DIRECTION('',(-1.,0.,0.));
#1822 = PCURVE('',#153,#1823);
#1823 = DEFINITIONAL_REPRESENTATION('',(#1824),#1827);
#1824 = B_SPLINE_CURVE_WITH_KNOTS('',1,(#1825,#1826),.UNSPECIFIED.,.F.,
  .F.,(2,2),(-22.,-4.),.PIECEWISE_BEZIER_KNOTS.);
#1825 = CARTESIAN_POINT('',(14.,-25.));
#1826 = CARTESIAN_POINT('',(14.,-7.));
#1827 = ( GEOMETRIC_REPRESENTATION_CONTEXT(2) 
PARAMETRIC_REPRESENTATION_CONTEXT() REPRESENTATION_CONTEXT('2D SPACE',''
  ) );
#1828 = PCURVE('',#1012,#1829);
#1829 = DEFINITIONAL_REPRESENTATION('',(#1830),#1833);
#1830 = B_SPLINE_CURVE_WITH_KNOTS('',1,(#1831,#1832),.UNSPECIFIED.,.F.,
  .F.,(2,2),(-22.,-4.),.PIECEWISE_BEZIER_KNOTS.);
#1831 = CARTESIAN_POINT('',(10.4,19.));
#1832 = CARTESIAN_POINT('',(10.4,1.));
#1833 = ( GEOMETRIC_REPRESENTATION_CONTEXT(2) 
PARAMETRIC_REPRESENTATION_CONTEXT() REPRESENTATION_CONTEXT('2D SPACE',''
  ) );
#1834 = ORIENTED_EDGE('',*,*,#1835,.T.);
#1835 = EDGE_CURVE('',#1815,#1836,#1838,.T.);
#1836 = VERTEX_POINT('',#1837);
#1837 = CARTESIAN_POINT('',(10.,5.,10.2));
#1838 = SURFACE_CURVE('',#1839,(#1843,#1849),.PCURVE_S1.);
#1839 = LINE('',#1840,#1841);
#1840 = CARTESIAN_POINT('',(6.5,8.5,10.2));
#1841 = VECTOR('',#1842,1.);
#1842 = DIRECTION('',(0.707106781187,-0.707106781187,0.));
#1843 = PCURVE('',#153,#1844);
#1844 = DEFINITIONAL_REPRESENTATION('',(#1845),#1848);
#1845 = B_SPLINE_CURVE_WITH_KNOTS('',1,(#1846,#1847),.UNSPECIFIED.,.F.,
  .F.,(2,2),(3.535533905933,4.949747468306),.PIECEWISE_BEZIER_KNOTS.);
#1846 = CARTESIAN_POINT('',(14.,-25.));
#1847 = CARTESIAN_POINT('',(13.,-26.));
#1848 = ( GEOMETRIC_REPRESENTATION_CONTEXT(2) 
PARAMETRIC_REPRESENTATION_CONTEXT() REPRESENTATION_CONTEXT('2D SPACE',''
  ) );
#1849 = PCURVE('',#988,#1850);
#1850 = DEFINITIONAL_REPRESENTATION('',(#1851),#1854);
#1851 = B_SPLINE_CURVE_WITH_KNOTS('',1,(#1852,#1853),.UNSPECIFIED.,.F.,
  .F.,(2,2),(3.535533905933,4.949747468306),.PIECEWISE_BEZIER_KNOTS.);
#1852 = CARTESIAN_POINT('',(-10.4,0.707106781187));
#1853 = CARTESIAN_POINT('',(-10.4,-0.707106781187));
#1854 = ( GEOMETRIC_REPRESENTATION_CONTEXT(2) 
PARAMETRIC_REPRESENTATION_CONTEXT() REPRESENTATION_CONTEXT('2D SPACE',''
  ) );
#1855 = ORIENTED_EDGE('',*,*,#1856,.F.);
#1856 = EDGE_CURVE('',#1857,#1836,#1859,.T.);
#1857 = VERTEX_POINT('',#1858);
#1858 = CARTESIAN_POINT('',(10.,1.,10.2));
#1859 = SURFACE_CURVE('',#1860,(#1864,#1870),.PCURVE_S1.);
#1860 = LINE('',#1861,#1862);
#1861 = CARTESIAN_POINT('',(10.,-4.,10.2));
#1862 = VECTOR('',#1863,1.);
#1863 = DIRECTION('',(0.,1.,0.));
#1864 = PCURVE('',#153,#1865);
#1865 = DEFINITIONAL_REPRESENTATION('',(#1866),#1869);
#1866 = B_SPLINE_CURVE_WITH_KNOTS('',1,(#1867,#1868),.UNSPECIFIED.,.F.,
  .F.,(2,2),(5.,9.),.PIECEWISE_BEZIER_KNOTS.);
#1867 = CARTESIAN_POINT('',(9.,-26.));
#1868 = CARTESIAN_POINT('',(13.,-26.));
#1869 = ( GEOMETRIC_REPRESENTATION_CONTEXT(2) 
PARAMETRIC_REPRESENTATION_CONTEXT() REPRESENTATION_CONTEXT('2D SPACE',''
  ) );
#1870 = PCURVE('',#962,#1871);
#1871 = DEFINITIONAL_REPRESENTATION('',(#1872),#1875);
#1872 = B_SPLINE_CURVE_WITH_KNOTS('',1,(#1873,#1874),.UNSPECIFIED.,.F.,
  .F.,(2,2),(5.,9.),.PIECEWISE_BEZIER_KNOTS.);
#1873 = CARTESIAN_POINT('',(10.4,-1.));
#1874 = CARTESIAN_POINT('',(10.4,-5.));
#1875 = ( GEOMETRIC_REPRESENTATION_CONTEXT(2) 
PARAMETRIC_REPRESENTATION_CONTEXT() REPRESENTATION_CONTEXT('2D SPACE',''
  ) );
#1876 = ORIENTED_EDGE('',*,*,#1877,.F.);
#1877 = EDGE_CURVE('',#1878,#1857,#1880,.T.);
#1878 = VERTEX_POINT('',#1879);
#1879 = CARTESIAN_POINT('',(9.,0.,10.2));
#1880 = SURFACE_CURVE('',#1881,(#1885,#1891),.PCURVE_S1.);
#1881 = LINE('',#1882,#1883);
#1882 = CARTESIAN_POINT('',(1.,-8.,10.2));
#1883 = VECTOR('',#1884,1.);
#1884 = DIRECTION('',(0.707106781187,0.707106781187,0.));
#1885 = PCURVE('',#153,#1886);
#1886 = DEFINITIONAL_REPRESENTATION('',(#1887),#1890);
#1887 = B_SPLINE_CURVE_WITH_KNOTS('',1,(#1888,#1889),.UNSPECIFIED.,.F.,
  .F.,(2,2),(11.313708498985,12.727922061358),.PIECEWISE_BEZIER_KNOTS.);
#1888 = CARTESIAN_POINT('',(8.,-25.));
#1889 = CARTESIAN_POINT('',(9.,-26.));
#1890 = ( GEOMETRIC_REPRESENTATION_CONTEXT(2) 
PARAMETRIC_REPRESENTATION_CONTEXT() REPRESENTATION_CONTEXT('2D SPACE',''
  ) );
#1891 = PCURVE('',#936,#1892);
#1892 = DEFINITIONAL_REPRESENTATION('',(#1893),#1896);
#1893 = B_SPLINE_CURVE_WITH_KNOTS('',1,(#1894,#1895),.UNSPECIFIED.,.F.,
  .F.,(2,2),(11.313708498985,12.727922061358),.PIECEWISE_BEZIER_KNOTS.);
#1894 = CARTESIAN_POINT('',(-10.4,0.707106781187));
#1895 = CARTESIAN_POINT('',(-10.4,-0.707106781187));
#1896 = ( GEOMETRIC_REPRESENTATION_CONTEXT(2) 
PARAMETRIC_REPRESENTATION_CONTEXT() REPRESENTATION_CONTEXT('2D SPACE',''
  ) );
#1897 = ORIENTED_EDGE('',*,*,#1898,.T.);
#1898 = EDGE_CURVE('',#1878,#1750,#1899,.T.);
#1899 = SURFACE_CURVE('',#1900,(#1904,#1910),.PCURVE_S1.);
#1900 = LINE('',#1901,#1902);
#1901 = CARTESIAN_POINT('',(-13.,0.,10.2));
#1902 = VECTOR('',#1903,1.);
#1903 = DIRECTION('',(-1.,0.,0.));
#1904 = PCURVE('',#153,#1905);
#1905 = DEFINITIONAL_REPRESENTATION('',(#1906),#1909);
#1906 = B_SPLINE_CURVE_WITH_KNOTS('',1,(#1907,#1908),.UNSPECIFIED.,.F.,
  .F.,(2,2),(-22.,-4.),.PIECEWISE_BEZIER_KNOTS.);
#1907 = CARTESIAN_POINT('',(8.,-25.));
#1908 = CARTESIAN_POINT('',(8.,-7.));
#1909 = ( GEOMETRIC_REPRESENTATION_CONTEXT(2) 
PARAMETRIC_REPRESENTATION_CONTEXT() REPRESENTATION_CONTEXT('2D SPACE',''
  ) );
#1910 = PCURVE('',#910,#1911);
#1911 = DEFINITIONAL_REPRESENTATION('',(#1912),#1915);
#1912 = B_SPLINE_CURVE_WITH_KNOTS('',1,(#1913,#1914),.UNSPECIFIED.,.F.,
  .F.,(2,2),(-22.,-4.),.PIECEWISE_BEZIER_KNOTS.);
#1913 = CARTESIAN_POINT('',(10.4,19.));
#1914 = CARTESIAN_POINT('',(10.4,1.));
#1915 = ( GEOMETRIC_REPRESENTATION_CONTEXT(2) 
PARAMETRIC_REPRESENTATION_CONTEXT() REPRESENTATION_CONTEXT('2D SPACE',''
  ) );
#1916 = FACE_BOUND('',#1917,.F.);
#1917 = EDGE_LOOP('',(#1918));
#1918 = ORIENTED_EDGE('',*,*,#1919,.F.);
#1919 = EDGE_CURVE('',#1920,#1920,#1922,.T.);
#1920 = VERTEX_POINT('',#1921);
#1921 = CARTESIAN_POINT('',(7.7,11.,10.2));
#1922 = SURFACE_CURVE('',#1923,(#1928,#1935),.PCURVE_S1.);
#1923 = CIRCLE('',#1924,1.5);
#1924 = AXIS2_PLACEMENT_3D('',#1925,#1926,#1927);
#1925 = CARTESIAN_POINT('',(6.2,11.,10.2));
#1926 = DIRECTION('',(0.,0.,1.));
#1927 = DIRECTION('',(1.,0.,0.));
#1928 = PCURVE('',#153,#1929);
#1929 = DEFINITIONAL_REPRESENTATION('',(#1930),#1934);
#1930 = CIRCLE('',#1931,1.5);
#1931 = AXIS2_PLACEMENT_2D('',#1932,#1933);
#1932 = CARTESIAN_POINT('',(19.,-22.2));
#1933 = DIRECTION('',(0.,-1.));
#1934 = ( GEOMETRIC_REPRESENTATION_CONTEXT(2) 
PARAMETRIC_REPRESENTATION_CONTEXT() REPRESENTATION_CONTEXT('2D SPACE',''
  ) );
#1935 = PCURVE('',#704,#1936);
#1936 = DEFINITIONAL_REPRESENTATION('',(#1937),#1941);
#1937 = LINE('',#1938,#1939);
#1938 = CARTESIAN_POINT('',(0.,13.2));
#1939 = VECTOR('',#1940,1.);
#1940 = DIRECTION('',(1.,0.));
#1941 = ( GEOMETRIC_REPRESENTATION_CONTEXT(2) 
PARAMETRIC_REPRESENTATION_CONTEXT() REPRESENTATION_CONTEXT('2D SPACE',''
  ) );
#1942 = FACE_BOUND('',#1943,.F.);
#1943 = EDGE_LOOP('',(#1944));
#1944 = ORIENTED_EDGE('',*,*,#1945,.T.);
#1945 = EDGE_CURVE('',#1946,#1946,#1948,.T.);
#1946 = VERTEX_POINT('',#1947);
#1947 = CARTESIAN_POINT('',(2.84,15.,10.2));
#1948 = SURFACE_CURVE('',#1949,(#1954,#1965),.PCURVE_S1.);
#1949 = CIRCLE('',#1950,2.84);
#1950 = AXIS2_PLACEMENT_3D('',#1951,#1952,#1953);
#1951 = CARTESIAN_POINT('',(0.,15.,10.2));
#1952 = DIRECTION('',(0.,-1.224646799147E-16,-1.));
#1953 = DIRECTION('',(1.,0.,0.));
#1954 = PCURVE('',#153,#1955);
#1955 = DEFINITIONAL_REPRESENTATION('',(#1956),#1964);
#1956 = ( BOUNDED_CURVE() B_SPLINE_CURVE(2,(#1957,#1958,#1959,#1960,
#1961,#1962,#1963),.UNSPECIFIED.,.T.,.F.) B_SPLINE_CURVE_WITH_KNOTS((1,2
    ,2,2,2,1),(-2.094395102393,0.,2.094395102393,4.188790204786,
6.28318530718,8.377580409573),.UNSPECIFIED.) CURVE() 
GEOMETRIC_REPRESENTATION_ITEM() RATIONAL_B_SPLINE_CURVE((1.,0.5,1.,0.5,
1.,0.5,1.)) REPRESENTATION_ITEM('') );
#1957 = CARTESIAN_POINT('',(23.,-18.84));
#1958 = CARTESIAN_POINT('',(18.080975706504,-18.84));
#1959 = CARTESIAN_POINT('',(20.540487853252,-14.58));
#1960 = CARTESIAN_POINT('',(23.,-10.32));
#1961 = CARTESIAN_POINT('',(25.459512146748,-14.58));
#1962 = CARTESIAN_POINT('',(27.919024293496,-18.84));
#1963 = CARTESIAN_POINT('',(23.,-18.84));
#1964 = ( GEOMETRIC_REPRESENTATION_CONTEXT(2) 
PARAMETRIC_REPRESENTATION_CONTEXT() REPRESENTATION_CONTEXT('2D SPACE',''
  ) );
#1965 = PCURVE('',#1966,#1971);
#1966 = CYLINDRICAL_SURFACE('',#1967,2.84);
#1967 = AXIS2_PLACEMENT_3D('',#1968,#1969,#1970);
#1968 = CARTESIAN_POINT('',(0.,15.,9.7));
#1969 = DIRECTION('',(0.,-1.224646799147E-16,-1.));
#1970 = DIRECTION('',(1.,0.,0.));
#1971 = DEFINITIONAL_REPRESENTATION('',(#1972),#1976);
#1972 = LINE('',#1973,#1974);
#1973 = CARTESIAN_POINT('',(0.,-0.5));
#1974 = VECTOR('',#1975,1.);
#1975 = DIRECTION('',(1.,0.));
#1976 = ( GEOMETRIC_REPRESENTATION_CONTEXT(2) 
PARAMETRIC_REPRESENTATION_CONTEXT() REPRESENTATION_CONTEXT('2D SPACE',''
  ) );
#1977 = FACE_BOUND('',#1978,.F.);
#1978 = EDGE_LOOP('',(#1979));
#1979 = ORIENTED_EDGE('',*,*,#1980,.T.);
#1980 = EDGE_CURVE('',#1981,#1981,#1983,.T.);
#1981 = VERTEX_POINT('',#1982);
#1982 = CARTESIAN_POINT('',(-7.16,-4.,10.2));
#1983 = SURFACE_CURVE('',#1984,(#1989,#2000),.PCURVE_S1.);
#1984 = CIRCLE('',#1985,2.84);
#1985 = AXIS2_PLACEMENT_3D('',#1986,#1987,#1988);
#1986 = CARTESIAN_POINT('',(-10.,-4.,10.2));
#1987 = DIRECTION('',(0.,-1.224646799147E-16,-1.));
#1988 = DIRECTION('',(1.,0.,0.));
#1989 = PCURVE('',#153,#1990);
#1990 = DEFINITIONAL_REPRESENTATION('',(#1991),#1999);
#1991 = ( BOUNDED_CURVE() B_SPLINE_CURVE(2,(#1992,#1993,#1994,#1995,
#1996,#1997,#1998),.UNSPECIFIED.,.T.,.F.) B_SPLINE_CURVE_WITH_KNOTS((1,2
    ,2,2,2,1),(-2.094395102393,0.,2.094395102393,4.188790204786,
6.28318530718,8.377580409573),.UNSPECIFIED.) CURVE() 
GEOMETRIC_REPRESENTATION_ITEM() RATIONAL_B_SPLINE_CURVE((1.,0.5,1.,0.5,
1.,0.5,1.)) REPRESENTATION_ITEM('') );
#1992 = CARTESIAN_POINT('',(4.,-8.84));
#1993 = CARTESIAN_POINT('',(-0.919024293496,-8.84));
#1994 = CARTESIAN_POINT('',(1.540487853252,-4.58));
#1995 = CARTESIAN_POINT('',(4.,-0.32));
#1996 = CARTESIAN_POINT('',(6.459512146748,-4.58));
#1997 = CARTESIAN_POINT('',(8.919024293496,-8.84));
#1998 = CARTESIAN_POINT('',(4.,-8.84));
#1999 = ( GEOMETRIC_REPRESENTATION_CONTEXT(2) 
PARAMETRIC_REPRESENTATION_CONTEXT() REPRESENTATION_CONTEXT('2D SPACE',''
  ) );
#2000 = PCURVE('',#2001,#2006);
#2001 = CYLINDRICAL_SURFACE('',#2002,2.84);
#2002 = AXIS2_PLACEMENT_3D('',#2003,#2004,#2005);
#2003 = CARTESIAN_POINT('',(-10.,-4.,9.7));
#2004 = DIRECTION('',(0.,-1.224646799147E-16,-1.));
#2005 = DIRECTION('',(1.,0.,0.));
#2006 = DEFINITIONAL_REPRESENTATION('',(#2007),#2011);
#2007 = LINE('',#2008,#2009);
#2008 = CARTESIAN_POINT('',(0.,-0.5));
#2009 = VECTOR('',#2010,1.);
#2010 = DIRECTION('',(1.,0.));
#2011 = ( GEOMETRIC_REPRESENTATION_CONTEXT(2) 
PARAMETRIC_REPRESENTATION_CONTEXT() REPRESENTATION_CONTEXT('2D SPACE',''
  ) );
#2012 = FACE_BOUND('',#2013,.F.);
#2013 = EDGE_LOOP('',(#2014));
#2014 = ORIENTED_EDGE('',*,*,#2015,.F.);
#2015 = EDGE_CURVE('',#2016,#2016,#2018,.T.);
#2016 = VERTEX_POINT('',#2017);
#2017 = CARTESIAN_POINT('',(-4.7,11.,10.2));
#2018 = SURFACE_CURVE('',#2019,(#2024,#2031),.PCURVE_S1.);
#2019 = CIRCLE('',#2020,1.5);
#2020 = AXIS2_PLACEMENT_3D('',#2021,#2022,#2023);
#2021 = CARTESIAN_POINT('',(-6.2,11.,10.2));
#2022 = DIRECTION('',(0.,0.,1.));
#2023 = DIRECTION('',(1.,0.,0.));
#2024 = PCURVE('',#153,#2025);
#2025 = DEFINITIONAL_REPRESENTATION('',(#2026),#2030);
#2026 = CIRCLE('',#2027,1.5);
#2027 = AXIS2_PLACEMENT_2D('',#2028,#2029);
#2028 = CARTESIAN_POINT('',(19.,-9.8));
#2029 = DIRECTION('',(0.,-1.));
#2030 = ( GEOMETRIC_REPRESENTATION_CONTEXT(2) 
PARAMETRIC_REPRESENTATION_CONTEXT() REPRESENTATION_CONTEXT('2D SPACE',''
  ) );
#2031 = PCURVE('',#801,#2032);
#2032 = DEFINITIONAL_REPRESENTATION('',(#2033),#2037);
#2033 = LINE('',#2034,#2035);
#2034 = CARTESIAN_POINT('',(0.,13.2));
#2035 = VECTOR('',#2036,1.);
#2036 = DIRECTION('',(1.,0.));
#2037 = ( GEOMETRIC_REPRESENTATION_CONTEXT(2) 
PARAMETRIC_REPRESENTATION_CONTEXT() REPRESENTATION_CONTEXT('2D SPACE',''
  ) );
#2038 = ADVANCED_FACE('',(#2039),#406,.T.);
#2039 = FACE_BOUND('',#2040,.T.);
#2040 = EDGE_LOOP('',(#2041,#2064,#2065,#2066,#2090,#2113));
#2041 = ORIENTED_EDGE('',*,*,#2042,.F.);
#2042 = EDGE_CURVE('',#362,#2043,#2045,.T.);
#2043 = VERTEX_POINT('',#2044);
#2044 = CARTESIAN_POINT('',(-3.,15.,-16.6));
#2045 = SURFACE_CURVE('',#2046,(#2050,#2057),.PCURVE_S1.);
#2046 = LINE('',#2047,#2048);
#2047 = CARTESIAN_POINT('',(-16.,15.,-16.6));
#2048 = VECTOR('',#2049,1.);
#2049 = DIRECTION('',(1.,0.,0.));
#2050 = PCURVE('',#406,#2051);
#2051 = DEFINITIONAL_REPRESENTATION('',(#2052),#2056);
#2052 = LINE('',#2053,#2054);
#2053 = CARTESIAN_POINT('',(0.,0.));
#2054 = VECTOR('',#2055,1.);
#2055 = DIRECTION('',(0.,1.));
#2056 = ( GEOMETRIC_REPRESENTATION_CONTEXT(2) 
PARAMETRIC_REPRESENTATION_CONTEXT() REPRESENTATION_CONTEXT('2D SPACE',''
  ) );
#2057 = PCURVE('',#377,#2058);
#2058 = DEFINITIONAL_REPRESENTATION('',(#2059),#2063);
#2059 = LINE('',#2060,#2061);
#2060 = CARTESIAN_POINT('',(8.8,0.));
#2061 = VECTOR('',#2062,1.);
#2062 = DIRECTION('',(0.,-1.));
#2063 = ( GEOMETRIC_REPRESENTATION_CONTEXT(2) 
PARAMETRIC_REPRESENTATION_CONTEXT() REPRESENTATION_CONTEXT('2D SPACE',''
  ) );
#2064 = ORIENTED_EDGE('',*,*,#389,.T.);
#2065 = ORIENTED_EDGE('',*,*,#1138,.T.);
#2066 = ORIENTED_EDGE('',*,*,#2067,.F.);
#2067 = EDGE_CURVE('',#2068,#1139,#2070,.T.);
#2068 = VERTEX_POINT('',#2069);
#2069 = CARTESIAN_POINT('',(16.,15.,-16.6));
#2070 = SURFACE_CURVE('',#2071,(#2076,#2083),.PCURVE_S1.);
#2071 = CIRCLE('',#2072,5.);
#2072 = AXIS2_PLACEMENT_3D('',#2073,#2074,#2075);
#2073 = CARTESIAN_POINT('',(16.,15.,-11.6));
#2074 = DIRECTION('',(1.,0.,-0.));
#2075 = DIRECTION('',(0.,0.,1.));
#2076 = PCURVE('',#406,#2077);
#2077 = DEFINITIONAL_REPRESENTATION('',(#2078),#2082);
#2078 = LINE('',#2079,#2080);
#2079 = CARTESIAN_POINT('',(-3.14159265359,32.));
#2080 = VECTOR('',#2081,1.);
#2081 = DIRECTION('',(1.,0.));
#2082 = ( GEOMETRIC_REPRESENTATION_CONTEXT(2) 
PARAMETRIC_REPRESENTATION_CONTEXT() REPRESENTATION_CONTEXT('2D SPACE',''
  ) );
#2083 = PCURVE('',#592,#2084);
#2084 = DEFINITIONAL_REPRESENTATION('',(#2085),#2089);
#2085 = CIRCLE('',#2086,5.);
#2086 = AXIS2_PLACEMENT_2D('',#2087,#2088);
#2087 = CARTESIAN_POINT('',(5.143835616438,-13.45369863013));
#2088 = DIRECTION('',(0.,1.));
#2089 = ( GEOMETRIC_REPRESENTATION_CONTEXT(2) 
PARAMETRIC_REPRESENTATION_CONTEXT() REPRESENTATION_CONTEXT('2D SPACE',''
  ) );
#2090 = ORIENTED_EDGE('',*,*,#2091,.F.);
#2091 = EDGE_CURVE('',#2092,#2068,#2094,.T.);
#2092 = VERTEX_POINT('',#2093);
#2093 = CARTESIAN_POINT('',(3.,15.,-16.6));
#2094 = SURFACE_CURVE('',#2095,(#2099,#2106),.PCURVE_S1.);
#2095 = LINE('',#2096,#2097);
#2096 = CARTESIAN_POINT('',(-16.,15.,-16.6));
#2097 = VECTOR('',#2098,1.);
#2098 = DIRECTION('',(1.,0.,0.));
#2099 = PCURVE('',#406,#2100);
#2100 = DEFINITIONAL_REPRESENTATION('',(#2101),#2105);
#2101 = LINE('',#2102,#2103);
#2102 = CARTESIAN_POINT('',(0.,0.));
#2103 = VECTOR('',#2104,1.);
#2104 = DIRECTION('',(0.,1.));
#2105 = ( GEOMETRIC_REPRESENTATION_CONTEXT(2) 
PARAMETRIC_REPRESENTATION_CONTEXT() REPRESENTATION_CONTEXT('2D SPACE',''
  ) );
#2106 = PCURVE('',#377,#2107);
#2107 = DEFINITIONAL_REPRESENTATION('',(#2108),#2112);
#2108 = LINE('',#2109,#2110);
#2109 = CARTESIAN_POINT('',(8.8,0.));
#2110 = VECTOR('',#2111,1.);
#2111 = DIRECTION('',(0.,-1.));
#2112 = ( GEOMETRIC_REPRESENTATION_CONTEXT(2) 
PARAMETRIC_REPRESENTATION_CONTEXT() REPRESENTATION_CONTEXT('2D SPACE',''
  ) );
#2113 = ORIENTED_EDGE('',*,*,#2114,.T.);
#2114 = EDGE_CURVE('',#2092,#2043,#2115,.T.);
#2115 = SURFACE_CURVE('',#2116,(#2169,#2225),.PCURVE_S1.);
#2116 = B_SPLINE_CURVE_WITH_KNOTS('',6,(#2117,#2118,#2119,#2120,#2121,
    #2122,#2123,#2124,#2125,#2126,#2127,#2128,#2129,#2130,#2131,#2132,
    #2133,#2134,#2135,#2136,#2137,#2138,#2139,#2140,#2141,#2142,#2143,
    #2144,#2145,#2146,#2147,#2148,#2149,#2150,#2151,#2152,#2153,#2154,
    #2155,#2156,#2157,#2158,#2159,#2160,#2161,#2162,#2163,#2164,#2165,
    #2166,#2167,#2168),.UNSPECIFIED.,.F.,.F.,(7,5,5,5,5,5,5,5,5,5,7),(0.
    ,0.113384741579,0.200858275955,0.299807730836,0.398655295434,
    0.499928743289,0.599856094951,0.700063679142,0.836022404916,
    0.887907371554,1.),.UNSPECIFIED.);
#2117 = CARTESIAN_POINT('',(3.,15.,-16.6));
#2118 = CARTESIAN_POINT('',(3.,15.219756515078,-16.6));
#2119 = CARTESIAN_POINT('',(2.980682666196,15.437620820219,
    -16.58840940454));
#2120 = CARTESIAN_POINT('',(2.942672797826,15.650271196767,
    -16.56560443598));
#2121 = CARTESIAN_POINT('',(2.887595592122,15.854490263334,
    -16.5329138538));
#2122 = CARTESIAN_POINT('',(2.8180730357,16.047340448096,-16.49256167452
    ));
#2123 = CARTESIAN_POINT('',(2.676066941308,16.364388041282,
    -16.41235180074));
#2124 = CARTESIAN_POINT('',(2.607432360455,16.495226316346,
    -16.37422907075));
#2125 = CARTESIAN_POINT('',(2.532932479237,16.618885545211,
    -16.33372590607));
#2126 = CARTESIAN_POINT('',(2.453336361894,16.735497710204,
    -16.29156738933));
#2127 = CARTESIAN_POINT('',(2.369274422177,16.845239063884,
    -16.2483992426));
#2128 = CARTESIAN_POINT('',(2.181691254619,17.064879548138,
    -16.15546885598));
#2129 = CARTESIAN_POINT('',(2.076971504884,17.17301876766,
    -16.10553905051));
#2130 = CARTESIAN_POINT('',(1.967769494068,17.273016863189,
    -16.05581062992));
#2131 = CARTESIAN_POINT('',(1.854563096937,17.365157542557,
    -16.00698733262));
#2132 = CARTESIAN_POINT('',(1.737676768801,17.449673322875,
    -15.95970993715));
#2133 = CARTESIAN_POINT('',(1.497092135445,17.603669150951,
    -15.86952698454));
#2134 = CARTESIAN_POINT('',(1.373359106442,17.673191770855,
    -15.82660130647));
#2135 = CARTESIAN_POINT('',(1.246515358829,17.735295414809,
    -15.78650475085));
#2136 = CARTESIAN_POINT('',(1.116894169708,17.789983411905,
    -15.74988624801));
#2137 = CARTESIAN_POINT('',(0.984772599941,17.837228234492,
    -15.71734078657));
#2138 = CARTESIAN_POINT('',(0.712676954735,17.91765463478,-15.6607595174
    ));
#2139 = CARTESIAN_POINT('',(0.572559712167,17.950471109184,
    -15.63694591769));
#2140 = CARTESIAN_POINT('',(0.430668168262,17.975193504009,
    -15.61860488854));
#2141 = CARTESIAN_POINT('',(0.287584568509,17.991722726738,
    -15.6062079502));
#2142 = CARTESIAN_POINT('',(0.143851625927,18.,-15.6));
#2143 = CARTESIAN_POINT('',(-0.141939593405,18.,-15.6));
#2144 = CARTESIAN_POINT('',(-0.28376766587,17.991941299519,
    -15.60604402109));
#2145 = CARTESIAN_POINT('',(-0.424971830843,17.975847384122,
    -15.61811447677));
#2146 = CARTESIAN_POINT('',(-0.565028500732,17.951774386458,
    -15.63597892349));
#2147 = CARTESIAN_POINT('',(-0.703376948836,17.919817391261,
    -15.65918935413));
#2148 = CARTESIAN_POINT('',(-0.975797285381,17.840423406571,
    -15.7151378946));
#2149 = CARTESIAN_POINT('',(-1.10987568501,17.792937934574,
    -15.74790655778));
#2150 = CARTESIAN_POINT('',(-1.241398808006,17.737800417029,
    -15.78488705221));
#2151 = CARTESIAN_POINT('',(-1.370077349528,17.675040634689,
    -15.82546059732));
#2152 = CARTESIAN_POINT('',(-1.495562851341,17.604656362438,
    -15.86895075894));
#2153 = CARTESIAN_POINT('',(-1.782811305384,17.420771841017,
    -15.97663262071));
#2154 = CARTESIAN_POINT('',(-1.941552109639,17.300842327295,
    -16.0426773628));
#2155 = CARTESIAN_POINT('',(-2.093206884558,17.166438292567,
    -16.11119611888));
#2156 = CARTESIAN_POINT('',(-2.236863058195,17.01682806113,
    -16.18053655427));
#2157 = CARTESIAN_POINT('',(-2.370971605586,16.851143800034,
    -16.24873726587));
#2158 = CARTESIAN_POINT('',(-2.539754071152,16.598960506424,
    -16.33801492381));
#2159 = CARTESIAN_POINT('',(-2.584649435319,16.526828549214,
    -16.36216088295));
#2160 = CARTESIAN_POINT('',(-2.627668125506,16.452199787088,
    -16.38564808426));
#2161 = CARTESIAN_POINT('',(-2.668644025368,16.375060645385,
    -16.40832221596));
#2162 = CARTESIAN_POINT('',(-2.707396469275,16.295405714748,
    -16.43002048816));
#2163 = CARTESIAN_POINT('',(-2.822224473614,16.035722981841,
    -16.49497303086));
#2164 = CARTESIAN_POINT('',(-2.890225612014,15.844677548389,
    -16.53447466342));
#2165 = CARTESIAN_POINT('',(-2.94404757347,15.64257856323,-16.5664292071
    ));
#2166 = CARTESIAN_POINT('',(-2.981157751172,15.432313855186,
    -16.58869448198));
#2167 = CARTESIAN_POINT('',(-3.,15.217037376384,-16.6));
#2168 = CARTESIAN_POINT('',(-3.,15.,-16.6));
#2169 = PCURVE('',#406,#2170);
#2170 = DEFINITIONAL_REPRESENTATION('',(#2171),#2224);
#2171 = B_SPLINE_CURVE_WITH_KNOTS('',6,(#2172,#2173,#2174,#2175,#2176,
    #2177,#2178,#2179,#2180,#2181,#2182,#2183,#2184,#2185,#2186,#2187,
    #2188,#2189,#2190,#2191,#2192,#2193,#2194,#2195,#2196,#2197,#2198,
    #2199,#2200,#2201,#2202,#2203,#2204,#2205,#2206,#2207,#2208,#2209,
    #2210,#2211,#2212,#2213,#2214,#2215,#2216,#2217,#2218,#2219,#2220,
    #2221,#2222,#2223),.UNSPECIFIED.,.F.,.F.,(7,5,5,5,5,5,5,5,5,5,7),(0.
    ,0.113384741579,0.200858275955,0.299807730836,0.398655295434,
    0.499928743289,0.599856094951,0.700063679142,0.836022404916,
    0.887907371554,1.),.UNSPECIFIED.);
#2172 = CARTESIAN_POINT('',(0.,19.));
#2173 = CARTESIAN_POINT('',(4.395130301566E-02,19.));
#2174 = CARTESIAN_POINT('',(8.752424302545E-02,18.980682666196));
#2175 = CARTESIAN_POINT('',(0.130206758149,18.942672797826));
#2176 = CARTESIAN_POINT('',(0.171496893691,18.887595592122));
#2177 = CARTESIAN_POINT('',(0.210868316251,18.8180730357));
#2178 = CARTESIAN_POINT('',(0.276275594194,18.676066941308));
#2179 = CARTESIAN_POINT('',(0.303514043686,18.607432360455));
#2180 = CARTESIAN_POINT('',(0.329518813415,18.532932479237));
#2181 = CARTESIAN_POINT('',(0.354303545037,18.453336361894));
#2182 = CARTESIAN_POINT('',(0.377881159016,18.369274422177));
#2183 = CARTESIAN_POINT('',(0.425579376627,18.181691254619));
#2184 = CARTESIAN_POINT('',(0.449388917249,18.076971504884));
#2185 = CARTESIAN_POINT('',(0.471712219002,17.967769494068));
#2186 = CARTESIAN_POINT('',(0.492559089837,17.854563096937));
#2187 = CARTESIAN_POINT('',(0.511923346003,17.737676768801));
#2188 = CARTESIAN_POINT('',(0.547615182608,17.497092135445));
#2189 = CARTESIAN_POINT('',(0.56395208921,17.373359106442));
#2190 = CARTESIAN_POINT('',(0.57873289345,17.246515358829));
#2191 = CARTESIAN_POINT('',(0.591894171222,17.116894169708));
#2192 = CARTESIAN_POINT('',(0.603367546706,16.984772599941));
#2193 = CARTESIAN_POINT('',(0.623034621612,16.712676954735));
#2194 = CARTESIAN_POINT('',(0.631143018722,16.572559712167));
#2195 = CARTESIAN_POINT('',(0.63729946248,16.430668168262));
#2196 = CARTESIAN_POINT('',(0.641431796579,16.287584568509));
#2197 = CARTESIAN_POINT('',(0.643501108793,16.143851625927));
#2198 = CARTESIAN_POINT('',(0.643501108793,15.858060406595));
#2199 = CARTESIAN_POINT('',(0.641486439193,15.71623233413));
#2200 = CARTESIAN_POINT('',(0.637462934648,15.575028169157));
#2201 = CARTESIAN_POINT('',(0.631467578303,15.434971499268));
#2202 = CARTESIAN_POINT('',(0.62356909066,15.296623051164));
#2203 = CARTESIAN_POINT('',(0.604143701104,15.024202714619));
#2204 = CARTESIAN_POINT('',(0.592605361557,14.89012431499));
#2205 = CARTESIAN_POINT('',(0.57932912637,14.758601191994));
#2206 = CARTESIAN_POINT('',(0.564386455306,14.629922650472));
#2207 = CARTESIAN_POINT('',(0.54784379755,14.504437148659));
#2208 = CARTESIAN_POINT('',(0.505225069004,14.217188694616));
#2209 = CARTESIAN_POINT('',(0.477852111031,14.058447890361));
#2210 = CARTESIAN_POINT('',(0.447704519786,13.906793115442));
#2211 = CARTESIAN_POINT('',(0.414765322024,13.763136941805));
#2212 = CARTESIAN_POINT('',(0.378976117444,13.629028394414));
#2213 = CARTESIAN_POINT('',(0.325472131131,13.460245928848));
#2214 = CARTESIAN_POINT('',(0.310261175601,13.415350564681));
#2215 = CARTESIAN_POINT('',(0.294617644801,13.372331874494));
#2216 = CARTESIAN_POINT('',(0.278541770986,13.331355974632));
#2217 = CARTESIAN_POINT('',(0.262033883395,13.292603530725));
#2218 = CARTESIAN_POINT('',(0.20849737078,13.177775526386));
#2219 = CARTESIAN_POINT('',(0.169513119272,13.109774387986));
#2220 = CARTESIAN_POINT('',(0.128662647408,13.05595242653));
#2221 = CARTESIAN_POINT('',(8.646284400364E-02,13.018842248828));
#2222 = CARTESIAN_POINT('',(4.340747527688E-02,13.));
#2223 = CARTESIAN_POINT('',(0.,13.));
#2224 = ( GEOMETRIC_REPRESENTATION_CONTEXT(2) 
PARAMETRIC_REPRESENTATION_CONTEXT() REPRESENTATION_CONTEXT('2D SPACE',''
  ) );
#2225 = PCURVE('',#2226,#2231);
#2226 = CYLINDRICAL_SURFACE('',#2227,3.);
#2227 = AXIS2_PLACEMENT_3D('',#2228,#2229,#2230);
#2228 = CARTESIAN_POINT('',(0.,15.,-90.));
#2229 = DIRECTION('',(0.,0.,1.));
#2230 = DIRECTION('',(1.,0.,0.));
#2231 = DEFINITIONAL_REPRESENTATION('',(#2232),#2285);
#2232 = B_SPLINE_CURVE_WITH_KNOTS('',6,(#2233,#2234,#2235,#2236,#2237,
    #2238,#2239,#2240,#2241,#2242,#2243,#2244,#2245,#2246,#2247,#2248,
    #2249,#2250,#2251,#2252,#2253,#2254,#2255,#2256,#2257,#2258,#2259,
    #2260,#2261,#2262,#2263,#2264,#2265,#2266,#2267,#2268,#2269,#2270,
    #2271,#2272,#2273,#2274,#2275,#2276,#2277,#2278,#2279,#2280,#2281,
    #2282,#2283,#2284),.UNSPECIFIED.,.F.,.F.,(7,5,5,5,5,5,5,5,5,5,7),(0.
    ,0.113384741579,0.200858275955,0.299807730836,0.398655295434,
    0.499928743289,0.599856094951,0.700063679142,0.836022404916,
    0.887907371554,1.),.UNSPECIFIED.);
#2233 = CARTESIAN_POINT('',(0.,73.4));
#2234 = CARTESIAN_POINT('',(7.325217169277E-02,73.4));
#2235 = CARTESIAN_POINT('',(0.145873550681,73.411590595456));
#2236 = CARTESIAN_POINT('',(0.217464836113,73.434395564015));
#2237 = CARTESIAN_POINT('',(0.287598419529,73.467086146195));
#2238 = CARTESIAN_POINT('',(0.35573870751,73.507438325478));
#2239 = CARTESIAN_POINT('',(0.471537818612,73.587648199259));
#2240 = CARTESIAN_POINT('',(0.520692532678,73.625770929241));
#2241 = CARTESIAN_POINT('',(0.568692734591,73.666274093924));
#2242 = CARTESIAN_POINT('',(0.615647866986,73.708432610661));
#2243 = CARTESIAN_POINT('',(0.661661727947,73.751600757393));
#2244 = CARTESIAN_POINT('',(0.757942213494,73.844531144018));
#2245 = CARTESIAN_POINT('',(0.808022212936,73.894460949484));
#2246 = CARTESIAN_POINT('',(0.857248615592,73.944189370075));
#2247 = CARTESIAN_POINT('',(0.90578356333,73.993012667377));
#2248 = CARTESIAN_POINT('',(0.953786473521,74.04029006285));
#2249 = CARTESIAN_POINT('',(1.049002999206,74.130473015459));
#2250 = CARTESIAN_POINT('',(1.096233850885,74.173398693525));
#2251 = CARTESIAN_POINT('',(1.143198904006,74.213495249142));
#2252 = CARTESIAN_POINT('',(1.189984444214,74.250113751981));
#2253 = CARTESIAN_POINT('',(1.236682642971,74.282659213428));
#2254 = CARTESIAN_POINT('',(1.33126032768,74.339240482597));
#2255 = CARTESIAN_POINT('',(1.379151101514,74.363054082303));
#2256 = CARTESIAN_POINT('',(1.42704174102,74.381395111454));
#2257 = CARTESIAN_POINT('',(1.474934824783,74.393792049792));
#2258 = CARTESIAN_POINT('',(1.522845784819,74.4));
#2259 = CARTESIAN_POINT('',(1.618109524596,74.4));
#2260 = CARTESIAN_POINT('',(1.665385529622,74.393955978906));
#2261 = CARTESIAN_POINT('',(1.712644318537,74.381885523224));
#2262 = CARTESIAN_POINT('',(1.759900067665,74.364021076503));
#2263 = CARTESIAN_POINT('',(1.807154768741,74.340810645864));
#2264 = CARTESIAN_POINT('',(1.90173938375,74.284862105396));
#2265 = CARTESIAN_POINT('',(1.949075929653,74.252093442211));
#2266 = CARTESIAN_POINT('',(1.996499416697,74.215112947782));
#2267 = CARTESIAN_POINT('',(2.044105359132,74.174539402673));
#2268 = CARTESIAN_POINT('',(2.091982910088,74.131049241057));
#2269 = CARTESIAN_POINT('',(2.20567117371,74.023367379287));
#2270 = CARTESIAN_POINT('',(2.271788977443,73.957322637193));
#2271 = CARTESIAN_POINT('',(2.339022672089,73.888803881116));
#2272 = CARTESIAN_POINT('',(2.407806694078,73.819463445721));
#2273 = CARTESIAN_POINT('',(2.478567819467,73.75126273413));
#2274 = CARTESIAN_POINT('',(2.579718935383,73.661985076185));
#2275 = CARTESIAN_POINT('',(2.6080242396,73.637839117045));
#2276 = CARTESIAN_POINT('',(2.636712541718,73.614351915734));
#2277 = CARTESIAN_POINT('',(2.665801141153,73.591677784034));
#2278 = CARTESIAN_POINT('',(2.695308654022,73.569979511835));
#2279 = CARTESIAN_POINT('',(2.789954539271,73.505026969137));
#2280 = CARTESIAN_POINT('',(2.857363226489,73.465525336573));
#2281 = CARTESIAN_POINT('',(2.92671798651,73.433570792893));
#2282 = CARTESIAN_POINT('',(2.99748808659,73.41130551802));
#2283 = CARTESIAN_POINT('',(3.069246861462,73.4));
#2284 = CARTESIAN_POINT('',(3.14159265359,73.4));
#2285 = ( GEOMETRIC_REPRESENTATION_CONTEXT(2) 
PARAMETRIC_REPRESENTATION_CONTEXT() REPRESENTATION_CONTEXT('2D SPACE',''
  ) );
#2286 = ADVANCED_FACE('',(#2287),#181,.F.);
#2287 = FACE_BOUND('',#2288,.F.);
#2288 = EDGE_LOOP('',(#2289,#2290,#2291,#2312));
#2289 = ORIENTED_EDGE('',*,*,#165,.F.);
#2290 = ORIENTED_EDGE('',*,*,#1656,.T.);
#2291 = ORIENTED_EDGE('',*,*,#2292,.T.);
#2292 = EDGE_CURVE('',#1634,#2293,#2295,.T.);
#2293 = VERTEX_POINT('',#2294);
#2294 = CARTESIAN_POINT('',(-12.2,13.,-0.2));
#2295 = SURFACE_CURVE('',#2296,(#2300,#2306),.PCURVE_S1.);
#2296 = LINE('',#2297,#2298);
#2297 = CARTESIAN_POINT('',(-12.2,13.,5.));
#2298 = VECTOR('',#2299,1.);
#2299 = DIRECTION('',(0.,0.,-1.));
#2300 = PCURVE('',#181,#2301);
#2301 = DEFINITIONAL_REPRESENTATION('',(#2302),#2305);
#2302 = B_SPLINE_CURVE_WITH_KNOTS('',1,(#2303,#2304),.UNSPECIFIED.,.F.,
  .F.,(2,2),(-5.2,5.2),.PIECEWISE_BEZIER_KNOTS.);
#2303 = CARTESIAN_POINT('',(0.,-3.8));
#2304 = CARTESIAN_POINT('',(10.4,-3.8));
#2305 = ( GEOMETRIC_REPRESENTATION_CONTEXT(2) 
PARAMETRIC_REPRESENTATION_CONTEXT() REPRESENTATION_CONTEXT('2D SPACE',''
  ) );
#2306 = PCURVE('',#1338,#2307);
#2307 = DEFINITIONAL_REPRESENTATION('',(#2308),#2311);
#2308 = B_SPLINE_CURVE_WITH_KNOTS('',1,(#2309,#2310),.UNSPECIFIED.,.F.,
  .F.,(2,2),(-5.2,5.2),.PIECEWISE_BEZIER_KNOTS.);
#2309 = CARTESIAN_POINT('',(10.4,-14.));
#2310 = CARTESIAN_POINT('',(8.881784197001E-16,-14.));
#2311 = ( GEOMETRIC_REPRESENTATION_CONTEXT(2) 
PARAMETRIC_REPRESENTATION_CONTEXT() REPRESENTATION_CONTEXT('2D SPACE',''
  ) );
#2312 = ORIENTED_EDGE('',*,*,#2313,.F.);
#2313 = EDGE_CURVE('',#166,#2293,#2314,.T.);
#2314 = SURFACE_CURVE('',#2315,(#2319,#2326),.PCURVE_S1.);
#2315 = LINE('',#2316,#2317);
#2316 = CARTESIAN_POINT('',(-16.,13.,-0.2));
#2317 = VECTOR('',#2318,1.);
#2318 = DIRECTION('',(1.,0.,0.));
#2319 = PCURVE('',#181,#2320);
#2320 = DEFINITIONAL_REPRESENTATION('',(#2321),#2325);
#2321 = LINE('',#2322,#2323);
#2322 = CARTESIAN_POINT('',(10.4,0.));
#2323 = VECTOR('',#2324,1.);
#2324 = DIRECTION('',(0.,-1.));
#2325 = ( GEOMETRIC_REPRESENTATION_CONTEXT(2) 
PARAMETRIC_REPRESENTATION_CONTEXT() REPRESENTATION_CONTEXT('2D SPACE',''
  ) );
#2326 = PCURVE('',#209,#2327);
#2327 = DEFINITIONAL_REPRESENTATION('',(#2328),#2332);
#2328 = LINE('',#2329,#2330);
#2329 = CARTESIAN_POINT('',(0.,-0.));
#2330 = VECTOR('',#2331,1.);
#2331 = DIRECTION('',(0.,-1.));
#2332 = ( GEOMETRIC_REPRESENTATION_CONTEXT(2) 
PARAMETRIC_REPRESENTATION_CONTEXT() REPRESENTATION_CONTEXT('2D SPACE',''
  ) );
#2333 = ADVANCED_FACE('',(#2334,#2461,#2492,#2523,#2629,#2660),#377,.F.
  );
#2334 = FACE_BOUND('',#2335,.F.);
#2335 = EDGE_LOOP('',(#2336,#2337,#2360,#2388,#2416,#2437,#2438,#2460));
#2336 = ORIENTED_EDGE('',*,*,#361,.T.);
#2337 = ORIENTED_EDGE('',*,*,#2338,.T.);
#2338 = EDGE_CURVE('',#334,#2339,#2341,.T.);
#2339 = VERTEX_POINT('',#2340);
#2340 = CARTESIAN_POINT('',(-13.,-23.8,-16.6));
#2341 = SURFACE_CURVE('',#2342,(#2346,#2353),.PCURVE_S1.);
#2342 = LINE('',#2343,#2344);
#2343 = CARTESIAN_POINT('',(-22.,-14.8,-16.6));
#2344 = VECTOR('',#2345,1.);
#2345 = DIRECTION('',(0.707106781187,-0.707106781187,0.));
#2346 = PCURVE('',#377,#2347);
#2347 = DEFINITIONAL_REPRESENTATION('',(#2348),#2352);
#2348 = LINE('',#2349,#2350);
#2349 = CARTESIAN_POINT('',(-21.,6.));
#2350 = VECTOR('',#2351,1.);
#2351 = DIRECTION('',(-0.707106781187,-0.707106781187));
#2352 = ( GEOMETRIC_REPRESENTATION_CONTEXT(2) 
PARAMETRIC_REPRESENTATION_CONTEXT() REPRESENTATION_CONTEXT('2D SPACE',''
  ) );
#2353 = PCURVE('',#349,#2354);
#2354 = DEFINITIONAL_REPRESENTATION('',(#2355),#2359);
#2355 = LINE('',#2356,#2357);
#2356 = CARTESIAN_POINT('',(6.,-10.60660171779));
#2357 = VECTOR('',#2358,1.);
#2358 = DIRECTION('',(0.,1.));
#2359 = ( GEOMETRIC_REPRESENTATION_CONTEXT(2) 
PARAMETRIC_REPRESENTATION_CONTEXT() REPRESENTATION_CONTEXT('2D SPACE',''
  ) );
#2360 = ORIENTED_EDGE('',*,*,#2361,.T.);
#2361 = EDGE_CURVE('',#2339,#2362,#2364,.T.);
#2362 = VERTEX_POINT('',#2363);
#2363 = CARTESIAN_POINT('',(13.,-23.8,-16.6));
#2364 = SURFACE_CURVE('',#2365,(#2369,#2376),.PCURVE_S1.);
#2365 = LINE('',#2366,#2367);
#2366 = CARTESIAN_POINT('',(-16.,-23.8,-16.6));
#2367 = VECTOR('',#2368,1.);
#2368 = DIRECTION('',(1.,0.,0.));
#2369 = PCURVE('',#377,#2370);
#2370 = DEFINITIONAL_REPRESENTATION('',(#2371),#2375);
#2371 = LINE('',#2372,#2373);
#2372 = CARTESIAN_POINT('',(-30.,0.));
#2373 = VECTOR('',#2374,1.);
#2374 = DIRECTION('',(0.,-1.));
#2375 = ( GEOMETRIC_REPRESENTATION_CONTEXT(2) 
PARAMETRIC_REPRESENTATION_CONTEXT() REPRESENTATION_CONTEXT('2D SPACE',''
  ) );
#2376 = PCURVE('',#2377,#2382);
#2377 = PLANE('',#2378);
#2378 = AXIS2_PLACEMENT_3D('',#2379,#2380,#2381);
#2379 = CARTESIAN_POINT('',(-16.,-23.8,-10.6));
#2380 = DIRECTION('',(0.,1.,0.));
#2381 = DIRECTION('',(0.,0.,-1.));
#2382 = DEFINITIONAL_REPRESENTATION('',(#2383),#2387);
#2383 = LINE('',#2384,#2385);
#2384 = CARTESIAN_POINT('',(6.,0.));
#2385 = VECTOR('',#2386,1.);
#2386 = DIRECTION('',(0.,-1.));
#2387 = ( GEOMETRIC_REPRESENTATION_CONTEXT(2) 
PARAMETRIC_REPRESENTATION_CONTEXT() REPRESENTATION_CONTEXT('2D SPACE',''
  ) );
#2388 = ORIENTED_EDGE('',*,*,#2389,.T.);
#2389 = EDGE_CURVE('',#2362,#2390,#2392,.T.);
#2390 = VERTEX_POINT('',#2391);
#2391 = CARTESIAN_POINT('',(16.,-20.8,-16.6));
#2392 = SURFACE_CURVE('',#2393,(#2397,#2404),.PCURVE_S1.);
#2393 = LINE('',#2394,#2395);
#2394 = CARTESIAN_POINT('',(14.,-22.8,-16.6));
#2395 = VECTOR('',#2396,1.);
#2396 = DIRECTION('',(0.707106781187,0.707106781187,0.));
#2397 = PCURVE('',#377,#2398);
#2398 = DEFINITIONAL_REPRESENTATION('',(#2399),#2403);
#2399 = LINE('',#2400,#2401);
#2400 = CARTESIAN_POINT('',(-29.,-30.));
#2401 = VECTOR('',#2402,1.);
#2402 = DIRECTION('',(0.707106781187,-0.707106781187));
#2403 = ( GEOMETRIC_REPRESENTATION_CONTEXT(2) 
PARAMETRIC_REPRESENTATION_CONTEXT() REPRESENTATION_CONTEXT('2D SPACE',''
  ) );
#2404 = PCURVE('',#2405,#2410);
#2405 = PLANE('',#2406);
#2406 = AXIS2_PLACEMENT_3D('',#2407,#2408,#2409);
#2407 = CARTESIAN_POINT('',(14.5,-22.3,-10.6));
#2408 = DIRECTION('',(-0.707106781187,0.707106781187,0.));
#2409 = DIRECTION('',(0.,0.,1.));
#2410 = DEFINITIONAL_REPRESENTATION('',(#2411),#2415);
#2411 = LINE('',#2412,#2413);
#2412 = CARTESIAN_POINT('',(-6.,-0.707106781187));
#2413 = VECTOR('',#2414,1.);
#2414 = DIRECTION('',(-0.,1.));
#2415 = ( GEOMETRIC_REPRESENTATION_CONTEXT(2) 
PARAMETRIC_REPRESENTATION_CONTEXT() REPRESENTATION_CONTEXT('2D SPACE',''
  ) );
#2416 = ORIENTED_EDGE('',*,*,#2417,.T.);
#2417 = EDGE_CURVE('',#2390,#2068,#2418,.T.);
#2418 = SURFACE_CURVE('',#2419,(#2423,#2430),.PCURVE_S1.);
#2419 = LINE('',#2420,#2421);
#2420 = CARTESIAN_POINT('',(16.,-23.8,-16.6));
#2421 = VECTOR('',#2422,1.);
#2422 = DIRECTION('',(0.,1.,0.));
#2423 = PCURVE('',#377,#2424);
#2424 = DEFINITIONAL_REPRESENTATION('',(#2425),#2429);
#2425 = LINE('',#2426,#2427);
#2426 = CARTESIAN_POINT('',(-30.,-32.));
#2427 = VECTOR('',#2428,1.);
#2428 = DIRECTION('',(1.,0.));
#2429 = ( GEOMETRIC_REPRESENTATION_CONTEXT(2) 
PARAMETRIC_REPRESENTATION_CONTEXT() REPRESENTATION_CONTEXT('2D SPACE',''
  ) );
#2430 = PCURVE('',#592,#2431);
#2431 = DEFINITIONAL_REPRESENTATION('',(#2432),#2436);
#2432 = LINE('',#2433,#2434);
#2433 = CARTESIAN_POINT('',(-33.65616438356,-18.45369863013));
#2434 = VECTOR('',#2435,1.);
#2435 = DIRECTION('',(1.,0.));
#2436 = ( GEOMETRIC_REPRESENTATION_CONTEXT(2) 
PARAMETRIC_REPRESENTATION_CONTEXT() REPRESENTATION_CONTEXT('2D SPACE',''
  ) );
#2437 = ORIENTED_EDGE('',*,*,#2091,.F.);
#2438 = ORIENTED_EDGE('',*,*,#2439,.F.);
#2439 = EDGE_CURVE('',#2043,#2092,#2440,.T.);
#2440 = SURFACE_CURVE('',#2441,(#2446,#2453),.PCURVE_S1.);
#2441 = CIRCLE('',#2442,3.);
#2442 = AXIS2_PLACEMENT_3D('',#2443,#2444,#2445);
#2443 = CARTESIAN_POINT('',(0.,15.,-16.6));
#2444 = DIRECTION('',(0.,0.,1.));
#2445 = DIRECTION('',(1.,0.,0.));
#2446 = PCURVE('',#377,#2447);
#2447 = DEFINITIONAL_REPRESENTATION('',(#2448),#2452);
#2448 = CIRCLE('',#2449,3.);
#2449 = AXIS2_PLACEMENT_2D('',#2450,#2451);
#2450 = CARTESIAN_POINT('',(8.8,-16.));
#2451 = DIRECTION('',(0.,-1.));
#2452 = ( GEOMETRIC_REPRESENTATION_CONTEXT(2) 
PARAMETRIC_REPRESENTATION_CONTEXT() REPRESENTATION_CONTEXT('2D SPACE',''
  ) );
#2453 = PCURVE('',#2226,#2454);
#2454 = DEFINITIONAL_REPRESENTATION('',(#2455),#2459);
#2455 = LINE('',#2456,#2457);
#2456 = CARTESIAN_POINT('',(0.,73.4));
#2457 = VECTOR('',#2458,1.);
#2458 = DIRECTION('',(1.,0.));
#2459 = ( GEOMETRIC_REPRESENTATION_CONTEXT(2) 
PARAMETRIC_REPRESENTATION_CONTEXT() REPRESENTATION_CONTEXT('2D SPACE',''
  ) );
#2460 = ORIENTED_EDGE('',*,*,#2042,.F.);
#2461 = FACE_BOUND('',#2462,.F.);
#2462 = EDGE_LOOP('',(#2463));
#2463 = ORIENTED_EDGE('',*,*,#2464,.F.);
#2464 = EDGE_CURVE('',#2465,#2465,#2467,.T.);
#2465 = VERTEX_POINT('',#2466);
#2466 = CARTESIAN_POINT('',(13.,-4.,-16.6));
#2467 = SURFACE_CURVE('',#2468,(#2473,#2480),.PCURVE_S1.);
#2468 = CIRCLE('',#2469,3.);
#2469 = AXIS2_PLACEMENT_3D('',#2470,#2471,#2472);
#2470 = CARTESIAN_POINT('',(10.,-4.,-16.6));
#2471 = DIRECTION('',(0.,0.,1.));
#2472 = DIRECTION('',(1.,0.,0.));
#2473 = PCURVE('',#377,#2474);
#2474 = DEFINITIONAL_REPRESENTATION('',(#2475),#2479);
#2475 = CIRCLE('',#2476,3.);
#2476 = AXIS2_PLACEMENT_2D('',#2477,#2478);
#2477 = CARTESIAN_POINT('',(-10.2,-26.));
#2478 = DIRECTION('',(0.,-1.));
#2479 = ( GEOMETRIC_REPRESENTATION_CONTEXT(2) 
PARAMETRIC_REPRESENTATION_CONTEXT() REPRESENTATION_CONTEXT('2D SPACE',''
  ) );
#2480 = PCURVE('',#2481,#2486);
#2481 = CYLINDRICAL_SURFACE('',#2482,3.);
#2482 = AXIS2_PLACEMENT_3D('',#2483,#2484,#2485);
#2483 = CARTESIAN_POINT('',(10.,-4.,-90.));
#2484 = DIRECTION('',(0.,0.,1.));
#2485 = DIRECTION('',(1.,0.,0.));
#2486 = DEFINITIONAL_REPRESENTATION('',(#2487),#2491);
#2487 = LINE('',#2488,#2489);
#2488 = CARTESIAN_POINT('',(0.,73.4));
#2489 = VECTOR('',#2490,1.);
#2490 = DIRECTION('',(1.,0.));
#2491 = ( GEOMETRIC_REPRESENTATION_CONTEXT(2) 
PARAMETRIC_REPRESENTATION_CONTEXT() REPRESENTATION_CONTEXT('2D SPACE',''
  ) );
#2492 = FACE_BOUND('',#2493,.F.);
#2493 = EDGE_LOOP('',(#2494));
#2494 = ORIENTED_EDGE('',*,*,#2495,.F.);
#2495 = EDGE_CURVE('',#2496,#2496,#2498,.T.);
#2496 = VERTEX_POINT('',#2497);
#2497 = CARTESIAN_POINT('',(1.5,-19.5,-16.6));
#2498 = SURFACE_CURVE('',#2499,(#2504,#2511),.PCURVE_S1.);
#2499 = CIRCLE('',#2500,1.5);
#2500 = AXIS2_PLACEMENT_3D('',#2501,#2502,#2503);
#2501 = CARTESIAN_POINT('',(0.,-19.5,-16.6));
#2502 = DIRECTION('',(0.,0.,1.));
#2503 = DIRECTION('',(1.,0.,0.));
#2504 = PCURVE('',#377,#2505);
#2505 = DEFINITIONAL_REPRESENTATION('',(#2506),#2510);
#2506 = CIRCLE('',#2507,1.5);
#2507 = AXIS2_PLACEMENT_2D('',#2508,#2509);
#2508 = CARTESIAN_POINT('',(-25.7,-16.));
#2509 = DIRECTION('',(0.,-1.));
#2510 = ( GEOMETRIC_REPRESENTATION_CONTEXT(2) 
PARAMETRIC_REPRESENTATION_CONTEXT() REPRESENTATION_CONTEXT('2D SPACE',''
  ) );
#2511 = PCURVE('',#2512,#2517);
#2512 = CYLINDRICAL_SURFACE('',#2513,1.5);
#2513 = AXIS2_PLACEMENT_3D('',#2514,#2515,#2516);
#2514 = CARTESIAN_POINT('',(0.,-19.5,-16.8));
#2515 = DIRECTION('',(0.,0.,1.));
#2516 = DIRECTION('',(1.,0.,0.));
#2517 = DEFINITIONAL_REPRESENTATION('',(#2518),#2522);
#2518 = LINE('',#2519,#2520);
#2519 = CARTESIAN_POINT('',(0.,0.2));
#2520 = VECTOR('',#2521,1.);
#2521 = DIRECTION('',(1.,0.));
#2522 = ( GEOMETRIC_REPRESENTATION_CONTEXT(2) 
PARAMETRIC_REPRESENTATION_CONTEXT() REPRESENTATION_CONTEXT('2D SPACE',''
  ) );
#2523 = FACE_BOUND('',#2524,.F.);
#2524 = EDGE_LOOP('',(#2525,#2553,#2579,#2605));
#2525 = ORIENTED_EDGE('',*,*,#2526,.F.);
#2526 = EDGE_CURVE('',#2527,#2529,#2531,.T.);
#2527 = VERTEX_POINT('',#2528);
#2528 = CARTESIAN_POINT('',(-6.405,6.195,-16.6));
#2529 = VERTEX_POINT('',#2530);
#2530 = CARTESIAN_POINT('',(-6.405,-17.64,-16.6));
#2531 = SURFACE_CURVE('',#2532,(#2536,#2542),.PCURVE_S1.);
#2532 = LINE('',#2533,#2534);
#2533 = CARTESIAN_POINT('',(-6.405,0.23875,-16.6));
#2534 = VECTOR('',#2535,1.);
#2535 = DIRECTION('',(0.,-1.,0.));
#2536 = PCURVE('',#377,#2537);
#2537 = DEFINITIONAL_REPRESENTATION('',(#2538),#2541);
#2538 = B_SPLINE_CURVE_WITH_KNOTS('',1,(#2539,#2540),.UNSPECIFIED.,.F.,
  .F.,(2,2),(-10.99625,22.91875),.PIECEWISE_BEZIER_KNOTS.);
#2539 = CARTESIAN_POINT('',(5.035,-9.595));
#2540 = CARTESIAN_POINT('',(-28.88,-9.595));
#2541 = ( GEOMETRIC_REPRESENTATION_CONTEXT(2) 
PARAMETRIC_REPRESENTATION_CONTEXT() REPRESENTATION_CONTEXT('2D SPACE',''
  ) );
#2542 = PCURVE('',#2543,#2548);
#2543 = PLANE('',#2544);
#2544 = AXIS2_PLACEMENT_3D('',#2545,#2546,#2547);
#2545 = CARTESIAN_POINT('',(-6.405,-5.7225,-26.21074410163));
#2546 = DIRECTION('',(-1.,0.,0.));
#2547 = DIRECTION('',(0.,0.,1.));
#2548 = DEFINITIONAL_REPRESENTATION('',(#2549),#2552);
#2549 = B_SPLINE_CURVE_WITH_KNOTS('',1,(#2550,#2551),.UNSPECIFIED.,.F.,
  .F.,(2,2),(-10.99625,22.91875),.PIECEWISE_BEZIER_KNOTS.);
#2550 = CARTESIAN_POINT('',(9.610744101633,16.9575));
#2551 = CARTESIAN_POINT('',(9.610744101633,-16.9575));
#2552 = ( GEOMETRIC_REPRESENTATION_CONTEXT(2) 
PARAMETRIC_REPRESENTATION_CONTEXT() REPRESENTATION_CONTEXT('2D SPACE',''
  ) );
#2553 = ORIENTED_EDGE('',*,*,#2554,.F.);
#2554 = EDGE_CURVE('',#2555,#2527,#2557,.T.);
#2555 = VERTEX_POINT('',#2556);
#2556 = CARTESIAN_POINT('',(6.405,6.195,-16.6));
#2557 = SURFACE_CURVE('',#2558,(#2562,#2568),.PCURVE_S1.);
#2558 = LINE('',#2559,#2560);
#2559 = CARTESIAN_POINT('',(-11.2025,6.195,-16.6));
#2560 = VECTOR('',#2561,1.);
#2561 = DIRECTION('',(-1.,0.,0.));
#2562 = PCURVE('',#377,#2563);
#2563 = DEFINITIONAL_REPRESENTATION('',(#2564),#2567);
#2564 = B_SPLINE_CURVE_WITH_KNOTS('',1,(#2565,#2566),.UNSPECIFIED.,.F.,
  .F.,(2,2),(-17.6075,-4.7975),.PIECEWISE_BEZIER_KNOTS.);
#2565 = CARTESIAN_POINT('',(-5.E-03,-22.405));
#2566 = CARTESIAN_POINT('',(-5.E-03,-9.595));
#2567 = ( GEOMETRIC_REPRESENTATION_CONTEXT(2) 
PARAMETRIC_REPRESENTATION_CONTEXT() REPRESENTATION_CONTEXT('2D SPACE',''
  ) );
#2568 = PCURVE('',#2569,#2574);
#2569 = PLANE('',#2570);
#2570 = AXIS2_PLACEMENT_3D('',#2571,#2572,#2573);
#2571 = CARTESIAN_POINT('',(-6.405,6.195,-20.475));
#2572 = DIRECTION('',(0.,1.,0.));
#2573 = DIRECTION('',(1.,0.,0.));
#2574 = DEFINITIONAL_REPRESENTATION('',(#2575),#2578);
#2575 = B_SPLINE_CURVE_WITH_KNOTS('',1,(#2576,#2577),.UNSPECIFIED.,.F.,
  .F.,(2,2),(-17.6075,-4.7975),.PIECEWISE_BEZIER_KNOTS.);
#2576 = CARTESIAN_POINT('',(12.81,-3.875));
#2577 = CARTESIAN_POINT('',(0.,-3.875));
#2578 = ( GEOMETRIC_REPRESENTATION_CONTEXT(2) 
PARAMETRIC_REPRESENTATION_CONTEXT() REPRESENTATION_CONTEXT('2D SPACE',''
  ) );
#2579 = ORIENTED_EDGE('',*,*,#2580,.F.);
#2580 = EDGE_CURVE('',#2581,#2555,#2583,.T.);
#2581 = VERTEX_POINT('',#2582);
#2582 = CARTESIAN_POINT('',(6.405,-17.64,-16.6));
#2583 = SURFACE_CURVE('',#2584,(#2588,#2594),.PCURVE_S1.);
#2584 = LINE('',#2585,#2586);
#2585 = CARTESIAN_POINT('',(6.405,0.23875,-16.6));
#2586 = VECTOR('',#2587,1.);
#2587 = DIRECTION('',(0.,1.,0.));
#2588 = PCURVE('',#377,#2589);
#2589 = DEFINITIONAL_REPRESENTATION('',(#2590),#2593);
#2590 = B_SPLINE_CURVE_WITH_KNOTS('',1,(#2591,#2592),.UNSPECIFIED.,.F.,
  .F.,(2,2),(-22.91875,10.99625),.PIECEWISE_BEZIER_KNOTS.);
#2591 = CARTESIAN_POINT('',(-28.88,-22.405));
#2592 = CARTESIAN_POINT('',(5.035,-22.405));
#2593 = ( GEOMETRIC_REPRESENTATION_CONTEXT(2) 
PARAMETRIC_REPRESENTATION_CONTEXT() REPRESENTATION_CONTEXT('2D SPACE',''
  ) );
#2594 = PCURVE('',#2595,#2600);
#2595 = PLANE('',#2596);
#2596 = AXIS2_PLACEMENT_3D('',#2597,#2598,#2599);
#2597 = CARTESIAN_POINT('',(6.405,-5.7225,-26.21074410163));
#2598 = DIRECTION('',(1.,0.,-1.E-17));
#2599 = DIRECTION('',(-1.E-17,0.,-1.));
#2600 = DEFINITIONAL_REPRESENTATION('',(#2601),#2604);
#2601 = B_SPLINE_CURVE_WITH_KNOTS('',1,(#2602,#2603),.UNSPECIFIED.,.F.,
  .F.,(2,2),(-22.91875,10.99625),.PIECEWISE_BEZIER_KNOTS.);
#2602 = CARTESIAN_POINT('',(-9.610744101633,-16.9575));
#2603 = CARTESIAN_POINT('',(-9.610744101633,16.9575));
#2604 = ( GEOMETRIC_REPRESENTATION_CONTEXT(2) 
PARAMETRIC_REPRESENTATION_CONTEXT() REPRESENTATION_CONTEXT('2D SPACE',''
  ) );
#2605 = ORIENTED_EDGE('',*,*,#2606,.F.);
#2606 = EDGE_CURVE('',#2529,#2581,#2607,.T.);
#2607 = SURFACE_CURVE('',#2608,(#2612,#2618),.PCURVE_S1.);
#2608 = LINE('',#2609,#2610);
#2609 = CARTESIAN_POINT('',(-4.7975,-17.64,-16.6));
#2610 = VECTOR('',#2611,1.);
#2611 = DIRECTION('',(1.,0.,0.));
#2612 = PCURVE('',#377,#2613);
#2613 = DEFINITIONAL_REPRESENTATION('',(#2614),#2617);
#2614 = B_SPLINE_CURVE_WITH_KNOTS('',1,(#2615,#2616),.UNSPECIFIED.,.F.,
  .F.,(2,2),(-1.6075,11.2025),.PIECEWISE_BEZIER_KNOTS.);
#2615 = CARTESIAN_POINT('',(-23.84,-9.595));
#2616 = CARTESIAN_POINT('',(-23.84,-22.405));
#2617 = ( GEOMETRIC_REPRESENTATION_CONTEXT(2) 
PARAMETRIC_REPRESENTATION_CONTEXT() REPRESENTATION_CONTEXT('2D SPACE',''
  ) );
#2618 = PCURVE('',#2619,#2624);
#2619 = PLANE('',#2620);
#2620 = AXIS2_PLACEMENT_3D('',#2621,#2622,#2623);
#2621 = CARTESIAN_POINT('',(6.405,-17.64,-20.475));
#2622 = DIRECTION('',(0.,-1.,0.));
#2623 = DIRECTION('',(-1.,0.,0.));
#2624 = DEFINITIONAL_REPRESENTATION('',(#2625),#2628);
#2625 = B_SPLINE_CURVE_WITH_KNOTS('',1,(#2626,#2627),.UNSPECIFIED.,.F.,
  .F.,(2,2),(-1.6075,11.2025),.PIECEWISE_BEZIER_KNOTS.);
#2626 = CARTESIAN_POINT('',(12.81,-3.875));
#2627 = CARTESIAN_POINT('',(0.,-3.875));
#2628 = ( GEOMETRIC_REPRESENTATION_CONTEXT(2) 
PARAMETRIC_REPRESENTATION_CONTEXT() REPRESENTATION_CONTEXT('2D SPACE',''
  ) );
#2629 = FACE_BOUND('',#2630,.F.);
#2630 = EDGE_LOOP('',(#2631));
#2631 = ORIENTED_EDGE('',*,*,#2632,.F.);
#2632 = EDGE_CURVE('',#2633,#2633,#2635,.T.);
#2633 = VERTEX_POINT('',#2634);
#2634 = CARTESIAN_POINT('',(1.5,8.5,-16.6));
#2635 = SURFACE_CURVE('',#2636,(#2641,#2648),.PCURVE_S1.);
#2636 = CIRCLE('',#2637,1.5);
#2637 = AXIS2_PLACEMENT_3D('',#2638,#2639,#2640);
#2638 = CARTESIAN_POINT('',(0.,8.5,-16.6));
#2639 = DIRECTION('',(0.,0.,1.));
#2640 = DIRECTION('',(1.,0.,0.));
#2641 = PCURVE('',#377,#2642);
#2642 = DEFINITIONAL_REPRESENTATION('',(#2643),#2647);
#2643 = CIRCLE('',#2644,1.5);
#2644 = AXIS2_PLACEMENT_2D('',#2645,#2646);
#2645 = CARTESIAN_POINT('',(2.3,-16.));
#2646 = DIRECTION('',(0.,-1.));
#2647 = ( GEOMETRIC_REPRESENTATION_CONTEXT(2) 
PARAMETRIC_REPRESENTATION_CONTEXT() REPRESENTATION_CONTEXT('2D SPACE',''
  ) );
#2648 = PCURVE('',#2649,#2654);
#2649 = CYLINDRICAL_SURFACE('',#2650,1.5);
#2650 = AXIS2_PLACEMENT_3D('',#2651,#2652,#2653);
#2651 = CARTESIAN_POINT('',(0.,8.5,-16.8));
#2652 = DIRECTION('',(0.,0.,1.));
#2653 = DIRECTION('',(1.,0.,0.));
#2654 = DEFINITIONAL_REPRESENTATION('',(#2655),#2659);
#2655 = LINE('',#2656,#2657);
#2656 = CARTESIAN_POINT('',(0.,0.2));
#2657 = VECTOR('',#2658,1.);
#2658 = DIRECTION('',(1.,0.));
#2659 = ( GEOMETRIC_REPRESENTATION_CONTEXT(2) 
PARAMETRIC_REPRESENTATION_CONTEXT() REPRESENTATION_CONTEXT('2D SPACE',''
  ) );
#2660 = FACE_BOUND('',#2661,.F.);
#2661 = EDGE_LOOP('',(#2662));
#2662 = ORIENTED_EDGE('',*,*,#2663,.F.);
#2663 = EDGE_CURVE('',#2664,#2664,#2666,.T.);
#2664 = VERTEX_POINT('',#2665);
#2665 = CARTESIAN_POINT('',(-7.,-4.,-16.6));
#2666 = SURFACE_CURVE('',#2667,(#2672,#2679),.PCURVE_S1.);
#2667 = CIRCLE('',#2668,3.);
#2668 = AXIS2_PLACEMENT_3D('',#2669,#2670,#2671);
#2669 = CARTESIAN_POINT('',(-10.,-4.,-16.6));
#2670 = DIRECTION('',(0.,0.,1.));
#2671 = DIRECTION('',(1.,0.,0.));
#2672 = PCURVE('',#377,#2673);
#2673 = DEFINITIONAL_REPRESENTATION('',(#2674),#2678);
#2674 = CIRCLE('',#2675,3.);
#2675 = AXIS2_PLACEMENT_2D('',#2676,#2677);
#2676 = CARTESIAN_POINT('',(-10.2,-6.));
#2677 = DIRECTION('',(0.,-1.));
#2678 = ( GEOMETRIC_REPRESENTATION_CONTEXT(2) 
PARAMETRIC_REPRESENTATION_CONTEXT() REPRESENTATION_CONTEXT('2D SPACE',''
  ) );
#2679 = PCURVE('',#2680,#2685);
#2680 = CYLINDRICAL_SURFACE('',#2681,3.);
#2681 = AXIS2_PLACEMENT_3D('',#2682,#2683,#2684);
#2682 = CARTESIAN_POINT('',(-10.,-4.,-90.));
#2683 = DIRECTION('',(0.,0.,1.));
#2684 = DIRECTION('',(1.,0.,0.));
#2685 = DEFINITIONAL_REPRESENTATION('',(#2686),#2690);
#2686 = LINE('',#2687,#2688);
#2687 = CARTESIAN_POINT('',(0.,73.4));
#2688 = VECTOR('',#2689,1.);
#2689 = DIRECTION('',(1.,0.));
#2690 = ( GEOMETRIC_REPRESENTATION_CONTEXT(2) 
PARAMETRIC_REPRESENTATION_CONTEXT() REPRESENTATION_CONTEXT('2D SPACE',''
  ) );
#2691 = ADVANCED_FACE('',(#2692,#2808,#2843,#2873),#209,.F.);
#2692 = FACE_BOUND('',#2693,.F.);
#2693 = EDGE_LOOP('',(#2694,#2695,#2696,#2717,#2718,#2741,#2764,#2787));
#2694 = ORIENTED_EDGE('',*,*,#193,.F.);
#2695 = ORIENTED_EDGE('',*,*,#2313,.T.);
#2696 = ORIENTED_EDGE('',*,*,#2697,.T.);
#2697 = EDGE_CURVE('',#2293,#1302,#2698,.T.);
#2698 = SURFACE_CURVE('',#2699,(#2703,#2710),.PCURVE_S1.);
#2699 = LINE('',#2700,#2701);
#2700 = CARTESIAN_POINT('',(-12.2,-1.,-0.2));
#2701 = VECTOR('',#2702,1.);
#2702 = DIRECTION('',(0.,1.,0.));
#2703 = PCURVE('',#209,#2704);
#2704 = DEFINITIONAL_REPRESENTATION('',(#2705),#2709);
#2705 = LINE('',#2706,#2707);
#2706 = CARTESIAN_POINT('',(14.,-3.8));
#2707 = VECTOR('',#2708,1.);
#2708 = DIRECTION('',(-1.,-0.));
#2709 = ( GEOMETRIC_REPRESENTATION_CONTEXT(2) 
PARAMETRIC_REPRESENTATION_CONTEXT() REPRESENTATION_CONTEXT('2D SPACE',''
  ) );
#2710 = PCURVE('',#1338,#2711);
#2711 = DEFINITIONAL_REPRESENTATION('',(#2712),#2716);
#2712 = LINE('',#2713,#2714);
#2713 = CARTESIAN_POINT('',(0.,0.));
#2714 = VECTOR('',#2715,1.);
#2715 = DIRECTION('',(0.,-1.));
#2716 = ( GEOMETRIC_REPRESENTATION_CONTEXT(2) 
PARAMETRIC_REPRESENTATION_CONTEXT() REPRESENTATION_CONTEXT('2D SPACE',''
  ) );
#2717 = ORIENTED_EDGE('',*,*,#1299,.F.);
#2718 = ORIENTED_EDGE('',*,*,#2719,.F.);
#2719 = EDGE_CURVE('',#2720,#1300,#2722,.T.);
#2720 = VERTEX_POINT('',#2721);
#2721 = CARTESIAN_POINT('',(12.2,13.,-0.2));
#2722 = SURFACE_CURVE('',#2723,(#2727,#2734),.PCURVE_S1.);
#2723 = LINE('',#2724,#2725);
#2724 = CARTESIAN_POINT('',(12.2,-1.,-0.2));
#2725 = VECTOR('',#2726,1.);
#2726 = DIRECTION('',(0.,1.,0.));
#2727 = PCURVE('',#209,#2728);
#2728 = DEFINITIONAL_REPRESENTATION('',(#2729),#2733);
#2729 = LINE('',#2730,#2731);
#2730 = CARTESIAN_POINT('',(14.,-28.2));
#2731 = VECTOR('',#2732,1.);
#2732 = DIRECTION('',(-1.,-0.));
#2733 = ( GEOMETRIC_REPRESENTATION_CONTEXT(2) 
PARAMETRIC_REPRESENTATION_CONTEXT() REPRESENTATION_CONTEXT('2D SPACE',''
  ) );
#2734 = PCURVE('',#1384,#2735);
#2735 = DEFINITIONAL_REPRESENTATION('',(#2736),#2740);
#2736 = LINE('',#2737,#2738);
#2737 = CARTESIAN_POINT('',(0.,0.));
#2738 = VECTOR('',#2739,1.);
#2739 = DIRECTION('',(0.,-1.));
#2740 = ( GEOMETRIC_REPRESENTATION_CONTEXT(2) 
PARAMETRIC_REPRESENTATION_CONTEXT() REPRESENTATION_CONTEXT('2D SPACE',''
  ) );
#2741 = ORIENTED_EDGE('',*,*,#2742,.T.);
#2742 = EDGE_CURVE('',#2720,#2743,#2745,.T.);
#2743 = VERTEX_POINT('',#2744);
#2744 = CARTESIAN_POINT('',(16.,13.,-0.2));
#2745 = SURFACE_CURVE('',#2746,(#2750,#2757),.PCURVE_S1.);
#2746 = LINE('',#2747,#2748);
#2747 = CARTESIAN_POINT('',(-16.,13.,-0.2));
#2748 = VECTOR('',#2749,1.);
#2749 = DIRECTION('',(1.,0.,0.));
#2750 = PCURVE('',#209,#2751);
#2751 = DEFINITIONAL_REPRESENTATION('',(#2752),#2756);
#2752 = LINE('',#2753,#2754);
#2753 = CARTESIAN_POINT('',(0.,-0.));
#2754 = VECTOR('',#2755,1.);
#2755 = DIRECTION('',(0.,-1.));
#2756 = ( GEOMETRIC_REPRESENTATION_CONTEXT(2) 
PARAMETRIC_REPRESENTATION_CONTEXT() REPRESENTATION_CONTEXT('2D SPACE',''
  ) );
#2757 = PCURVE('',#1599,#2758);
#2758 = DEFINITIONAL_REPRESENTATION('',(#2759),#2763);
#2759 = LINE('',#2760,#2761);
#2760 = CARTESIAN_POINT('',(10.4,0.));
#2761 = VECTOR('',#2762,1.);
#2762 = DIRECTION('',(0.,-1.));
#2763 = ( GEOMETRIC_REPRESENTATION_CONTEXT(2) 
PARAMETRIC_REPRESENTATION_CONTEXT() REPRESENTATION_CONTEXT('2D SPACE',''
  ) );
#2764 = ORIENTED_EDGE('',*,*,#2765,.T.);
#2765 = EDGE_CURVE('',#2743,#2766,#2768,.T.);
#2766 = VERTEX_POINT('',#2767);
#2767 = CARTESIAN_POINT('',(16.,5.,-0.2));
#2768 = SURFACE_CURVE('',#2769,(#2773,#2780),.PCURVE_S1.);
#2769 = LINE('',#2770,#2771);
#2770 = CARTESIAN_POINT('',(16.,13.,-0.2));
#2771 = VECTOR('',#2772,1.);
#2772 = DIRECTION('',(0.,-1.,0.));
#2773 = PCURVE('',#209,#2774);
#2774 = DEFINITIONAL_REPRESENTATION('',(#2775),#2779);
#2775 = LINE('',#2776,#2777);
#2776 = CARTESIAN_POINT('',(0.,-32.));
#2777 = VECTOR('',#2778,1.);
#2778 = DIRECTION('',(1.,0.));
#2779 = ( GEOMETRIC_REPRESENTATION_CONTEXT(2) 
PARAMETRIC_REPRESENTATION_CONTEXT() REPRESENTATION_CONTEXT('2D SPACE',''
  ) );
#2780 = PCURVE('',#592,#2781);
#2781 = DEFINITIONAL_REPRESENTATION('',(#2782),#2786);
#2782 = LINE('',#2783,#2784);
#2783 = CARTESIAN_POINT('',(3.143835616438,-2.053698630137));
#2784 = VECTOR('',#2785,1.);
#2785 = DIRECTION('',(-1.,0.));
#2786 = ( GEOMETRIC_REPRESENTATION_CONTEXT(2) 
PARAMETRIC_REPRESENTATION_CONTEXT() REPRESENTATION_CONTEXT('2D SPACE',''
  ) );
#2787 = ORIENTED_EDGE('',*,*,#2788,.F.);
#2788 = EDGE_CURVE('',#194,#2766,#2789,.T.);
#2789 = SURFACE_CURVE('',#2790,(#2794,#2801),.PCURVE_S1.);
#2790 = LINE('',#2791,#2792);
#2791 = CARTESIAN_POINT('',(-16.,5.,-0.2));
#2792 = VECTOR('',#2793,1.);
#2793 = DIRECTION('',(1.,0.,0.));
#2794 = PCURVE('',#209,#2795);
#2795 = DEFINITIONAL_REPRESENTATION('',(#2796),#2800);
#2796 = LINE('',#2797,#2798);
#2797 = CARTESIAN_POINT('',(8.,0.));
#2798 = VECTOR('',#2799,1.);
#2799 = DIRECTION('',(0.,-1.));
#2800 = ( GEOMETRIC_REPRESENTATION_CONTEXT(2) 
PARAMETRIC_REPRESENTATION_CONTEXT() REPRESENTATION_CONTEXT('2D SPACE',''
  ) );
#2801 = PCURVE('',#237,#2802);
#2802 = DEFINITIONAL_REPRESENTATION('',(#2803),#2807);
#2803 = LINE('',#2804,#2805);
#2804 = CARTESIAN_POINT('',(0.,0.));
#2805 = VECTOR('',#2806,1.);
#2806 = DIRECTION('',(0.,-1.));
#2807 = ( GEOMETRIC_REPRESENTATION_CONTEXT(2) 
PARAMETRIC_REPRESENTATION_CONTEXT() REPRESENTATION_CONTEXT('2D SPACE',''
  ) );
#2808 = FACE_BOUND('',#2809,.F.);
#2809 = EDGE_LOOP('',(#2810));
#2810 = ORIENTED_EDGE('',*,*,#2811,.T.);
#2811 = EDGE_CURVE('',#2812,#2812,#2814,.T.);
#2812 = VERTEX_POINT('',#2813);
#2813 = CARTESIAN_POINT('',(7.7,11.,-0.2));
#2814 = SURFACE_CURVE('',#2815,(#2820,#2831),.PCURVE_S1.);
#2815 = CIRCLE('',#2816,1.5);
#2816 = AXIS2_PLACEMENT_3D('',#2817,#2818,#2819);
#2817 = CARTESIAN_POINT('',(6.2,11.,-0.2));
#2818 = DIRECTION('',(0.,0.,1.));
#2819 = DIRECTION('',(1.,0.,0.));
#2820 = PCURVE('',#209,#2821);
#2821 = DEFINITIONAL_REPRESENTATION('',(#2822),#2830);
#2822 = ( BOUNDED_CURVE() B_SPLINE_CURVE(2,(#2823,#2824,#2825,#2826,
#2827,#2828,#2829),.UNSPECIFIED.,.T.,.F.) B_SPLINE_CURVE_WITH_KNOTS((1,2
    ,2,2,2,1),(-2.094395102393,0.,2.094395102393,4.188790204786,
6.28318530718,8.377580409573),.UNSPECIFIED.) CURVE() 
GEOMETRIC_REPRESENTATION_ITEM() RATIONAL_B_SPLINE_CURVE((1.,0.5,1.,0.5,
1.,0.5,1.)) REPRESENTATION_ITEM('') );
#2823 = CARTESIAN_POINT('',(2.,-23.7));
#2824 = CARTESIAN_POINT('',(-0.598076211353,-23.7));
#2825 = CARTESIAN_POINT('',(0.700961894323,-21.45));
#2826 = CARTESIAN_POINT('',(2.,-19.2));
#2827 = CARTESIAN_POINT('',(3.299038105677,-21.45));
#2828 = CARTESIAN_POINT('',(4.598076211353,-23.7));
#2829 = CARTESIAN_POINT('',(2.,-23.7));
#2830 = ( GEOMETRIC_REPRESENTATION_CONTEXT(2) 
PARAMETRIC_REPRESENTATION_CONTEXT() REPRESENTATION_CONTEXT('2D SPACE',''
  ) );
#2831 = PCURVE('',#2832,#2837);
#2832 = CYLINDRICAL_SURFACE('',#2833,1.5);
#2833 = AXIS2_PLACEMENT_3D('',#2834,#2835,#2836);
#2834 = CARTESIAN_POINT('',(6.2,11.,-3.));
#2835 = DIRECTION('',(0.,0.,1.));
#2836 = DIRECTION('',(1.,0.,0.));
#2837 = DEFINITIONAL_REPRESENTATION('',(#2838),#2842);
#2838 = LINE('',#2839,#2840);
#2839 = CARTESIAN_POINT('',(0.,2.8));
#2840 = VECTOR('',#2841,1.);
#2841 = DIRECTION('',(1.,0.));
#2842 = ( GEOMETRIC_REPRESENTATION_CONTEXT(2) 
PARAMETRIC_REPRESENTATION_CONTEXT() REPRESENTATION_CONTEXT('2D SPACE',''
  ) );
#2843 = FACE_BOUND('',#2844,.F.);
#2844 = EDGE_LOOP('',(#2845));
#2845 = ORIENTED_EDGE('',*,*,#2846,.T.);
#2846 = EDGE_CURVE('',#2847,#2847,#2849,.T.);
#2847 = VERTEX_POINT('',#2848);
#2848 = CARTESIAN_POINT('',(3.,15.,-0.2));
#2849 = SURFACE_CURVE('',#2850,(#2855,#2866),.PCURVE_S1.);
#2850 = CIRCLE('',#2851,3.);
#2851 = AXIS2_PLACEMENT_3D('',#2852,#2853,#2854);
#2852 = CARTESIAN_POINT('',(0.,15.,-0.2));
#2853 = DIRECTION('',(0.,0.,1.));
#2854 = DIRECTION('',(1.,0.,0.));
#2855 = PCURVE('',#209,#2856);
#2856 = DEFINITIONAL_REPRESENTATION('',(#2857),#2865);
#2857 = ( BOUNDED_CURVE() B_SPLINE_CURVE(2,(#2858,#2859,#2860,#2861,
#2862,#2863,#2864),.UNSPECIFIED.,.T.,.F.) B_SPLINE_CURVE_WITH_KNOTS((1,2
    ,2,2,2,1),(-2.094395102393,0.,2.094395102393,4.188790204786,
6.28318530718,8.377580409573),.UNSPECIFIED.) CURVE() 
GEOMETRIC_REPRESENTATION_ITEM() RATIONAL_B_SPLINE_CURVE((1.,0.5,1.,0.5,
1.,0.5,1.)) REPRESENTATION_ITEM('') );
#2858 = CARTESIAN_POINT('',(-2.,-19.));
#2859 = CARTESIAN_POINT('',(-7.196152422707,-19.));
#2860 = CARTESIAN_POINT('',(-4.598076211353,-14.5));
#2861 = CARTESIAN_POINT('',(-2.,-10.));
#2862 = CARTESIAN_POINT('',(0.598076211353,-14.5));
#2863 = CARTESIAN_POINT('',(3.196152422707,-19.));
#2864 = CARTESIAN_POINT('',(-2.,-19.));
#2865 = ( GEOMETRIC_REPRESENTATION_CONTEXT(2) 
PARAMETRIC_REPRESENTATION_CONTEXT() REPRESENTATION_CONTEXT('2D SPACE',''
  ) );
#2866 = PCURVE('',#2226,#2867);
#2867 = DEFINITIONAL_REPRESENTATION('',(#2868),#2872);
#2868 = LINE('',#2869,#2870);
#2869 = CARTESIAN_POINT('',(0.,89.8));
#2870 = VECTOR('',#2871,1.);
#2871 = DIRECTION('',(1.,0.));
#2872 = ( GEOMETRIC_REPRESENTATION_CONTEXT(2) 
PARAMETRIC_REPRESENTATION_CONTEXT() REPRESENTATION_CONTEXT('2D SPACE',''
  ) );
#2873 = FACE_BOUND('',#2874,.F.);
#2874 = EDGE_LOOP('',(#2875));
#2875 = ORIENTED_EDGE('',*,*,#2876,.T.);
#2876 = EDGE_CURVE('',#2877,#2877,#2879,.T.);
#2877 = VERTEX_POINT('',#2878);
#2878 = CARTESIAN_POINT('',(-4.7,11.,-0.2));
#2879 = SURFACE_CURVE('',#2880,(#2885,#2896),.PCURVE_S1.);
#2880 = CIRCLE('',#2881,1.5);
#2881 = AXIS2_PLACEMENT_3D('',#2882,#2883,#2884);
#2882 = CARTESIAN_POINT('',(-6.2,11.,-0.2));
#2883 = DIRECTION('',(0.,0.,1.));
#2884 = DIRECTION('',(1.,0.,0.));
#2885 = PCURVE('',#209,#2886);
#2886 = DEFINITIONAL_REPRESENTATION('',(#2887),#2895);
#2887 = ( BOUNDED_CURVE() B_SPLINE_CURVE(2,(#2888,#2889,#2890,#2891,
#2892,#2893,#2894),.UNSPECIFIED.,.T.,.F.) B_SPLINE_CURVE_WITH_KNOTS((1,2
    ,2,2,2,1),(-2.094395102393,0.,2.094395102393,4.188790204786,
6.28318530718,8.377580409573),.UNSPECIFIED.) CURVE() 
GEOMETRIC_REPRESENTATION_ITEM() RATIONAL_B_SPLINE_CURVE((1.,0.5,1.,0.5,
1.,0.5,1.)) REPRESENTATION_ITEM('') );
#2888 = CARTESIAN_POINT('',(2.,-11.3));
#2889 = CARTESIAN_POINT('',(-0.598076211353,-11.3));
#2890 = CARTESIAN_POINT('',(0.700961894323,-9.05));
#2891 = CARTESIAN_POINT('',(2.,-6.8));
#2892 = CARTESIAN_POINT('',(3.299038105677,-9.05));
#2893 = CARTESIAN_POINT('',(4.598076211353,-11.3));
#2894 = CARTESIAN_POINT('',(2.,-11.3));
#2895 = ( GEOMETRIC_REPRESENTATION_CONTEXT(2) 
PARAMETRIC_REPRESENTATION_CONTEXT() REPRESENTATION_CONTEXT('2D SPACE',''
  ) );
#2896 = PCURVE('',#2897,#2902);
#2897 = CYLINDRICAL_SURFACE('',#2898,1.5);
#2898 = AXIS2_PLACEMENT_3D('',#2899,#2900,#2901);
#2899 = CARTESIAN_POINT('',(-6.2,11.,-3.));
#2900 = DIRECTION('',(0.,0.,1.));
#2901 = DIRECTION('',(1.,0.,0.));
#2902 = DEFINITIONAL_REPRESENTATION('',(#2903),#2907);
#2903 = LINE('',#2904,#2905);
#2904 = CARTESIAN_POINT('',(0.,2.8));
#2905 = VECTOR('',#2906,1.);
#2906 = DIRECTION('',(1.,0.));
#2907 = ( GEOMETRIC_REPRESENTATION_CONTEXT(2) 
PARAMETRIC_REPRESENTATION_CONTEXT() REPRESENTATION_CONTEXT('2D SPACE',''
  ) );
#2908 = ADVANCED_FACE('',(#2909),#349,.T.);
#2909 = FACE_BOUND('',#2910,.T.);
#2910 = EDGE_LOOP('',(#2911,#2934,#2935,#2936));
#2911 = ORIENTED_EDGE('',*,*,#2912,.F.);
#2912 = EDGE_CURVE('',#306,#2913,#2915,.T.);
#2913 = VERTEX_POINT('',#2914);
#2914 = CARTESIAN_POINT('',(-13.,-23.8,-10.6));
#2915 = SURFACE_CURVE('',#2916,(#2920,#2927),.PCURVE_S1.);
#2916 = LINE('',#2917,#2918);
#2917 = CARTESIAN_POINT('',(-23.35,-13.45,-10.6));
#2918 = VECTOR('',#2919,1.);
#2919 = DIRECTION('',(0.707106781187,-0.707106781187,0.));
#2920 = PCURVE('',#349,#2921);
#2921 = DEFINITIONAL_REPRESENTATION('',(#2922),#2926);
#2922 = LINE('',#2923,#2924);
#2923 = CARTESIAN_POINT('',(0.,-12.515790027));
#2924 = VECTOR('',#2925,1.);
#2925 = DIRECTION('',(-0.,1.));
#2926 = ( GEOMETRIC_REPRESENTATION_CONTEXT(2) 
PARAMETRIC_REPRESENTATION_CONTEXT() REPRESENTATION_CONTEXT('2D SPACE',''
  ) );
#2927 = PCURVE('',#321,#2928);
#2928 = DEFINITIONAL_REPRESENTATION('',(#2929),#2933);
#2929 = LINE('',#2930,#2931);
#2930 = CARTESIAN_POINT('',(25.05,7.35));
#2931 = VECTOR('',#2932,1.);
#2932 = DIRECTION('',(0.707106781187,-0.707106781187));
#2933 = ( GEOMETRIC_REPRESENTATION_CONTEXT(2) 
PARAMETRIC_REPRESENTATION_CONTEXT() REPRESENTATION_CONTEXT('2D SPACE',''
  ) );
#2934 = ORIENTED_EDGE('',*,*,#333,.T.);
#2935 = ORIENTED_EDGE('',*,*,#2338,.T.);
#2936 = ORIENTED_EDGE('',*,*,#2937,.F.);
#2937 = EDGE_CURVE('',#2913,#2339,#2938,.T.);
#2938 = SURFACE_CURVE('',#2939,(#2943,#2950),.PCURVE_S1.);
#2939 = LINE('',#2940,#2941);
#2940 = CARTESIAN_POINT('',(-13.,-23.8,-10.6));
#2941 = VECTOR('',#2942,1.);
#2942 = DIRECTION('',(0.,0.,-1.));
#2943 = PCURVE('',#349,#2944);
#2944 = DEFINITIONAL_REPRESENTATION('',(#2945),#2949);
#2945 = LINE('',#2946,#2947);
#2946 = CARTESIAN_POINT('',(0.,2.12132034356));
#2947 = VECTOR('',#2948,1.);
#2948 = DIRECTION('',(1.,0.));
#2949 = ( GEOMETRIC_REPRESENTATION_CONTEXT(2) 
PARAMETRIC_REPRESENTATION_CONTEXT() REPRESENTATION_CONTEXT('2D SPACE',''
  ) );
#2950 = PCURVE('',#2377,#2951);
#2951 = DEFINITIONAL_REPRESENTATION('',(#2952),#2956);
#2952 = LINE('',#2953,#2954);
#2953 = CARTESIAN_POINT('',(0.,-3.));
#2954 = VECTOR('',#2955,1.);
#2955 = DIRECTION('',(1.,0.));
#2956 = ( GEOMETRIC_REPRESENTATION_CONTEXT(2) 
PARAMETRIC_REPRESENTATION_CONTEXT() REPRESENTATION_CONTEXT('2D SPACE',''
  ) );
#2957 = ADVANCED_FACE('',(#2958),#237,.F.);
#2958 = FACE_BOUND('',#2959,.F.);
#2959 = EDGE_LOOP('',(#2960,#2961,#2984,#3005));
#2960 = ORIENTED_EDGE('',*,*,#2788,.T.);
#2961 = ORIENTED_EDGE('',*,*,#2962,.T.);
#2962 = EDGE_CURVE('',#2766,#2963,#2965,.T.);
#2963 = VERTEX_POINT('',#2964);
#2964 = CARTESIAN_POINT('',(16.,5.,-3.8));
#2965 = SURFACE_CURVE('',#2966,(#2970,#2977),.PCURVE_S1.);
#2966 = LINE('',#2967,#2968);
#2967 = CARTESIAN_POINT('',(16.,5.,-0.2));
#2968 = VECTOR('',#2969,1.);
#2969 = DIRECTION('',(0.,0.,-1.));
#2970 = PCURVE('',#237,#2971);
#2971 = DEFINITIONAL_REPRESENTATION('',(#2972),#2976);
#2972 = LINE('',#2973,#2974);
#2973 = CARTESIAN_POINT('',(0.,-32.));
#2974 = VECTOR('',#2975,1.);
#2975 = DIRECTION('',(1.,0.));
#2976 = ( GEOMETRIC_REPRESENTATION_CONTEXT(2) 
PARAMETRIC_REPRESENTATION_CONTEXT() REPRESENTATION_CONTEXT('2D SPACE',''
  ) );
#2977 = PCURVE('',#592,#2978);
#2978 = DEFINITIONAL_REPRESENTATION('',(#2979),#2983);
#2979 = LINE('',#2980,#2981);
#2980 = CARTESIAN_POINT('',(-4.856164383562,-2.053698630137));
#2981 = VECTOR('',#2982,1.);
#2982 = DIRECTION('',(0.,-1.));
#2983 = ( GEOMETRIC_REPRESENTATION_CONTEXT(2) 
PARAMETRIC_REPRESENTATION_CONTEXT() REPRESENTATION_CONTEXT('2D SPACE',''
  ) );
#2984 = ORIENTED_EDGE('',*,*,#2985,.F.);
#2985 = EDGE_CURVE('',#222,#2963,#2986,.T.);
#2986 = SURFACE_CURVE('',#2987,(#2991,#2998),.PCURVE_S1.);
#2987 = LINE('',#2988,#2989);
#2988 = CARTESIAN_POINT('',(-16.,5.,-3.8));
#2989 = VECTOR('',#2990,1.);
#2990 = DIRECTION('',(1.,0.,0.));
#2991 = PCURVE('',#237,#2992);
#2992 = DEFINITIONAL_REPRESENTATION('',(#2993),#2997);
#2993 = LINE('',#2994,#2995);
#2994 = CARTESIAN_POINT('',(3.6,0.));
#2995 = VECTOR('',#2996,1.);
#2996 = DIRECTION('',(0.,-1.));
#2997 = ( GEOMETRIC_REPRESENTATION_CONTEXT(2) 
PARAMETRIC_REPRESENTATION_CONTEXT() REPRESENTATION_CONTEXT('2D SPACE',''
  ) );
#2998 = PCURVE('',#265,#2999);
#2999 = DEFINITIONAL_REPRESENTATION('',(#3000),#3004);
#3000 = LINE('',#3001,#3002);
#3001 = CARTESIAN_POINT('',(0.,0.));
#3002 = VECTOR('',#3003,1.);
#3003 = DIRECTION('',(0.,-1.));
#3004 = ( GEOMETRIC_REPRESENTATION_CONTEXT(2) 
PARAMETRIC_REPRESENTATION_CONTEXT() REPRESENTATION_CONTEXT('2D SPACE',''
  ) );
#3005 = ORIENTED_EDGE('',*,*,#221,.F.);
#3006 = ADVANCED_FACE('',(#3007,#3101,#3131,#3191),#321,.F.);
#3007 = FACE_BOUND('',#3008,.F.);
#3008 = EDGE_LOOP('',(#3009,#3010,#3033,#3056,#3079,#3100));
#3009 = ORIENTED_EDGE('',*,*,#305,.F.);
#3010 = ORIENTED_EDGE('',*,*,#3011,.T.);
#3011 = EDGE_CURVE('',#278,#3012,#3014,.T.);
#3012 = VERTEX_POINT('',#3013);
#3013 = CARTESIAN_POINT('',(16.,11.6,-10.6));
#3014 = SURFACE_CURVE('',#3015,(#3019,#3026),.PCURVE_S1.);
#3015 = LINE('',#3016,#3017);
#3016 = CARTESIAN_POINT('',(-16.,11.6,-10.6));
#3017 = VECTOR('',#3018,1.);
#3018 = DIRECTION('',(1.,0.,0.));
#3019 = PCURVE('',#321,#3020);
#3020 = DEFINITIONAL_REPRESENTATION('',(#3021),#3025);
#3021 = LINE('',#3022,#3023);
#3022 = CARTESIAN_POINT('',(0.,-0.));
#3023 = VECTOR('',#3024,1.);
#3024 = DIRECTION('',(0.,-1.));
#3025 = ( GEOMETRIC_REPRESENTATION_CONTEXT(2) 
PARAMETRIC_REPRESENTATION_CONTEXT() REPRESENTATION_CONTEXT('2D SPACE',''
  ) );
#3026 = PCURVE('',#293,#3027);
#3027 = DEFINITIONAL_REPRESENTATION('',(#3028),#3032);
#3028 = LINE('',#3029,#3030);
#3029 = CARTESIAN_POINT('',(6.8,0.));
#3030 = VECTOR('',#3031,1.);
#3031 = DIRECTION('',(0.,-1.));
#3032 = ( GEOMETRIC_REPRESENTATION_CONTEXT(2) 
PARAMETRIC_REPRESENTATION_CONTEXT() REPRESENTATION_CONTEXT('2D SPACE',''
  ) );
#3033 = ORIENTED_EDGE('',*,*,#3034,.F.);
#3034 = EDGE_CURVE('',#3035,#3012,#3037,.T.);
#3035 = VERTEX_POINT('',#3036);
#3036 = CARTESIAN_POINT('',(16.,-20.8,-10.6));
#3037 = SURFACE_CURVE('',#3038,(#3042,#3049),.PCURVE_S1.);
#3038 = LINE('',#3039,#3040);
#3039 = CARTESIAN_POINT('',(16.,-23.8,-10.6));
#3040 = VECTOR('',#3041,1.);
#3041 = DIRECTION('',(0.,1.,0.));
#3042 = PCURVE('',#321,#3043);
#3043 = DEFINITIONAL_REPRESENTATION('',(#3044),#3048);
#3044 = LINE('',#3045,#3046);
#3045 = CARTESIAN_POINT('',(35.4,-32.));
#3046 = VECTOR('',#3047,1.);
#3047 = DIRECTION('',(-1.,-0.));
#3048 = ( GEOMETRIC_REPRESENTATION_CONTEXT(2) 
PARAMETRIC_REPRESENTATION_CONTEXT() REPRESENTATION_CONTEXT('2D SPACE',''
  ) );
#3049 = PCURVE('',#592,#3050);
#3050 = DEFINITIONAL_REPRESENTATION('',(#3051),#3055);
#3051 = LINE('',#3052,#3053);
#3052 = CARTESIAN_POINT('',(-33.65616438356,-12.45369863013));
#3053 = VECTOR('',#3054,1.);
#3054 = DIRECTION('',(1.,0.));
#3055 = ( GEOMETRIC_REPRESENTATION_CONTEXT(2) 
PARAMETRIC_REPRESENTATION_CONTEXT() REPRESENTATION_CONTEXT('2D SPACE',''
  ) );
#3056 = ORIENTED_EDGE('',*,*,#3057,.F.);
#3057 = EDGE_CURVE('',#3058,#3035,#3060,.T.);
#3058 = VERTEX_POINT('',#3059);
#3059 = CARTESIAN_POINT('',(13.,-23.8,-10.6));
#3060 = SURFACE_CURVE('',#3061,(#3065,#3072),.PCURVE_S1.);
#3061 = LINE('',#3062,#3063);
#3062 = CARTESIAN_POINT('',(15.35,-21.45,-10.6));
#3063 = VECTOR('',#3064,1.);
#3064 = DIRECTION('',(0.707106781187,0.707106781187,0.));
#3065 = PCURVE('',#321,#3066);
#3066 = DEFINITIONAL_REPRESENTATION('',(#3067),#3071);
#3067 = LINE('',#3068,#3069);
#3068 = CARTESIAN_POINT('',(33.05,-31.35));
#3069 = VECTOR('',#3070,1.);
#3070 = DIRECTION('',(-0.707106781187,-0.707106781187));
#3071 = ( GEOMETRIC_REPRESENTATION_CONTEXT(2) 
PARAMETRIC_REPRESENTATION_CONTEXT() REPRESENTATION_CONTEXT('2D SPACE',''
  ) );
#3072 = PCURVE('',#2405,#3073);
#3073 = DEFINITIONAL_REPRESENTATION('',(#3074),#3078);
#3074 = LINE('',#3075,#3076);
#3075 = CARTESIAN_POINT('',(-0.,1.202081528017));
#3076 = VECTOR('',#3077,1.);
#3077 = DIRECTION('',(-0.,1.));
#3078 = ( GEOMETRIC_REPRESENTATION_CONTEXT(2) 
PARAMETRIC_REPRESENTATION_CONTEXT() REPRESENTATION_CONTEXT('2D SPACE',''
  ) );
#3079 = ORIENTED_EDGE('',*,*,#3080,.F.);
#3080 = EDGE_CURVE('',#2913,#3058,#3081,.T.);
#3081 = SURFACE_CURVE('',#3082,(#3086,#3093),.PCURVE_S1.);
#3082 = LINE('',#3083,#3084);
#3083 = CARTESIAN_POINT('',(-16.,-23.8,-10.6));
#3084 = VECTOR('',#3085,1.);
#3085 = DIRECTION('',(1.,0.,0.));
#3086 = PCURVE('',#321,#3087);
#3087 = DEFINITIONAL_REPRESENTATION('',(#3088),#3092);
#3088 = LINE('',#3089,#3090);
#3089 = CARTESIAN_POINT('',(35.4,0.));
#3090 = VECTOR('',#3091,1.);
#3091 = DIRECTION('',(0.,-1.));
#3092 = ( GEOMETRIC_REPRESENTATION_CONTEXT(2) 
PARAMETRIC_REPRESENTATION_CONTEXT() REPRESENTATION_CONTEXT('2D SPACE',''
  ) );
#3093 = PCURVE('',#2377,#3094);
#3094 = DEFINITIONAL_REPRESENTATION('',(#3095),#3099);
#3095 = LINE('',#3096,#3097);
#3096 = CARTESIAN_POINT('',(0.,0.));
#3097 = VECTOR('',#3098,1.);
#3098 = DIRECTION('',(0.,-1.));
#3099 = ( GEOMETRIC_REPRESENTATION_CONTEXT(2) 
PARAMETRIC_REPRESENTATION_CONTEXT() REPRESENTATION_CONTEXT('2D SPACE',''
  ) );
#3100 = ORIENTED_EDGE('',*,*,#2912,.F.);
#3101 = FACE_BOUND('',#3102,.F.);
#3102 = EDGE_LOOP('',(#3103));
#3103 = ORIENTED_EDGE('',*,*,#3104,.T.);
#3104 = EDGE_CURVE('',#3105,#3105,#3107,.T.);
#3105 = VERTEX_POINT('',#3106);
#3106 = CARTESIAN_POINT('',(13.,-4.,-10.6));
#3107 = SURFACE_CURVE('',#3108,(#3113,#3124),.PCURVE_S1.);
#3108 = CIRCLE('',#3109,3.);
#3109 = AXIS2_PLACEMENT_3D('',#3110,#3111,#3112);
#3110 = CARTESIAN_POINT('',(10.,-4.,-10.6));
#3111 = DIRECTION('',(0.,0.,1.));
#3112 = DIRECTION('',(1.,0.,0.));
#3113 = PCURVE('',#321,#3114);
#3114 = DEFINITIONAL_REPRESENTATION('',(#3115),#3123);
#3115 = ( BOUNDED_CURVE() B_SPLINE_CURVE(2,(#3116,#3117,#3118,#3119,
#3120,#3121,#3122),.UNSPECIFIED.,.T.,.F.) B_SPLINE_CURVE_WITH_KNOTS((1,2
    ,2,2,2,1),(-2.094395102393,0.,2.094395102393,4.188790204786,
6.28318530718,8.377580409573),.UNSPECIFIED.) CURVE() 
GEOMETRIC_REPRESENTATION_ITEM() RATIONAL_B_SPLINE_CURVE((1.,0.5,1.,0.5,
1.,0.5,1.)) REPRESENTATION_ITEM('') );
#3116 = CARTESIAN_POINT('',(15.6,-29.));
#3117 = CARTESIAN_POINT('',(10.403847577293,-29.));
#3118 = CARTESIAN_POINT('',(13.001923788647,-24.5));
#3119 = CARTESIAN_POINT('',(15.6,-20.));
#3120 = CARTESIAN_POINT('',(18.198076211353,-24.5));
#3121 = CARTESIAN_POINT('',(20.796152422707,-29.));
#3122 = CARTESIAN_POINT('',(15.6,-29.));
#3123 = ( GEOMETRIC_REPRESENTATION_CONTEXT(2) 
PARAMETRIC_REPRESENTATION_CONTEXT() REPRESENTATION_CONTEXT('2D SPACE',''
  ) );
#3124 = PCURVE('',#2481,#3125);
#3125 = DEFINITIONAL_REPRESENTATION('',(#3126),#3130);
#3126 = LINE('',#3127,#3128);
#3127 = CARTESIAN_POINT('',(0.,79.4));
#3128 = VECTOR('',#3129,1.);
#3129 = DIRECTION('',(1.,0.));
#3130 = ( GEOMETRIC_REPRESENTATION_CONTEXT(2) 
PARAMETRIC_REPRESENTATION_CONTEXT() REPRESENTATION_CONTEXT('2D SPACE',''
  ) );
#3131 = FACE_BOUND('',#3132,.F.);
#3132 = EDGE_LOOP('',(#3133,#3164));
#3133 = ORIENTED_EDGE('',*,*,#3134,.F.);
#3134 = EDGE_CURVE('',#3135,#3137,#3139,.T.);
#3135 = VERTEX_POINT('',#3136);
#3136 = CARTESIAN_POINT('',(-2.93839205,-5.572777777777,-10.6));
#3137 = VERTEX_POINT('',#3138);
#3138 = CARTESIAN_POINT('',(2.938392050001,-5.572777777777,-10.6));
#3139 = SURFACE_CURVE('',#3140,(#3145,#3152),.PCURVE_S1.);
#3140 = CIRCLE('',#3141,6.3);
#3141 = AXIS2_PLACEMENT_3D('',#3142,#3143,#3144);
#3142 = CARTESIAN_POINT('',(0.,0.,-10.6));
#3143 = DIRECTION('',(0.,0.,-1.));
#3144 = DIRECTION('',(0.,1.,0.));
#3145 = PCURVE('',#321,#3146);
#3146 = DEFINITIONAL_REPRESENTATION('',(#3147),#3151);
#3147 = CIRCLE('',#3148,6.3);
#3148 = AXIS2_PLACEMENT_2D('',#3149,#3150);
#3149 = CARTESIAN_POINT('',(11.6,-16.));
#3150 = DIRECTION('',(-1.,-0.));
#3151 = ( GEOMETRIC_REPRESENTATION_CONTEXT(2) 
PARAMETRIC_REPRESENTATION_CONTEXT() REPRESENTATION_CONTEXT('2D SPACE',''
  ) );
#3152 = PCURVE('',#3153,#3158);
#3153 = CYLINDRICAL_SURFACE('',#3154,6.3);
#3154 = AXIS2_PLACEMENT_3D('',#3155,#3156,#3157);
#3155 = CARTESIAN_POINT('',(0.,0.,-15.75));
#3156 = DIRECTION('',(0.,-0.,-1.));
#3157 = DIRECTION('',(0.,1.,0.));
#3158 = DEFINITIONAL_REPRESENTATION('',(#3159),#3163);
#3159 = LINE('',#3160,#3161);
#3160 = CARTESIAN_POINT('',(0.,-5.15));
#3161 = VECTOR('',#3162,1.);
#3162 = DIRECTION('',(1.,0.));
#3163 = ( GEOMETRIC_REPRESENTATION_CONTEXT(2) 
PARAMETRIC_REPRESENTATION_CONTEXT() REPRESENTATION_CONTEXT('2D SPACE',''
  ) );
#3164 = ORIENTED_EDGE('',*,*,#3165,.F.);
#3165 = EDGE_CURVE('',#3137,#3135,#3166,.T.);
#3166 = SURFACE_CURVE('',#3167,(#3172,#3179),.PCURVE_S1.);
#3167 = CIRCLE('',#3168,2.94);
#3168 = AXIS2_PLACEMENT_3D('',#3169,#3170,#3171);
#3169 = CARTESIAN_POINT('',(0.,-5.67,-10.6));
#3170 = DIRECTION('',(0.,0.,-1.));
#3171 = DIRECTION('',(0.,1.,0.));
#3172 = PCURVE('',#321,#3173);
#3173 = DEFINITIONAL_REPRESENTATION('',(#3174),#3178);
#3174 = CIRCLE('',#3175,2.94);
#3175 = AXIS2_PLACEMENT_2D('',#3176,#3177);
#3176 = CARTESIAN_POINT('',(17.27,-16.));
#3177 = DIRECTION('',(-1.,-0.));
#3178 = ( GEOMETRIC_REPRESENTATION_CONTEXT(2) 
PARAMETRIC_REPRESENTATION_CONTEXT() REPRESENTATION_CONTEXT('2D SPACE',''
  ) );
#3179 = PCURVE('',#3180,#3185);
#3180 = CYLINDRICAL_SURFACE('',#3181,2.94);
#3181 = AXIS2_PLACEMENT_3D('',#3182,#3183,#3184);
#3182 = CARTESIAN_POINT('',(0.,-5.67,-15.75));
#3183 = DIRECTION('',(0.,-0.,-1.));
#3184 = DIRECTION('',(0.,1.,0.));
#3185 = DEFINITIONAL_REPRESENTATION('',(#3186),#3190);
#3186 = LINE('',#3187,#3188);
#3187 = CARTESIAN_POINT('',(0.,-5.15));
#3188 = VECTOR('',#3189,1.);
#3189 = DIRECTION('',(1.,0.));
#3190 = ( GEOMETRIC_REPRESENTATION_CONTEXT(2) 
PARAMETRIC_REPRESENTATION_CONTEXT() REPRESENTATION_CONTEXT('2D SPACE',''
  ) );
#3191 = FACE_BOUND('',#3192,.F.);
#3192 = EDGE_LOOP('',(#3193));
#3193 = ORIENTED_EDGE('',*,*,#3194,.T.);
#3194 = EDGE_CURVE('',#3195,#3195,#3197,.T.);
#3195 = VERTEX_POINT('',#3196);
#3196 = CARTESIAN_POINT('',(-7.,-4.,-10.6));
#3197 = SURFACE_CURVE('',#3198,(#3203,#3214),.PCURVE_S1.);
#3198 = CIRCLE('',#3199,3.);
#3199 = AXIS2_PLACEMENT_3D('',#3200,#3201,#3202);
#3200 = CARTESIAN_POINT('',(-10.,-4.,-10.6));
#3201 = DIRECTION('',(0.,0.,1.));
#3202 = DIRECTION('',(1.,0.,0.));
#3203 = PCURVE('',#321,#3204);
#3204 = DEFINITIONAL_REPRESENTATION('',(#3205),#3213);
#3205 = ( BOUNDED_CURVE() B_SPLINE_CURVE(2,(#3206,#3207,#3208,#3209,
#3210,#3211,#3212),.UNSPECIFIED.,.T.,.F.) B_SPLINE_CURVE_WITH_KNOTS((1,2
    ,2,2,2,1),(-2.094395102393,0.,2.094395102393,4.188790204786,
6.28318530718,8.377580409573),.UNSPECIFIED.) CURVE() 
GEOMETRIC_REPRESENTATION_ITEM() RATIONAL_B_SPLINE_CURVE((1.,0.5,1.,0.5,
1.,0.5,1.)) REPRESENTATION_ITEM('') );
#3206 = CARTESIAN_POINT('',(15.6,-9.));
#3207 = CARTESIAN_POINT('',(10.403847577293,-9.));
#3208 = CARTESIAN_POINT('',(13.001923788647,-4.5));
#3209 = CARTESIAN_POINT('',(15.6,-1.7763568394E-15));
#3210 = CARTESIAN_POINT('',(18.198076211353,-4.5));
#3211 = CARTESIAN_POINT('',(20.796152422707,-9.));
#3212 = CARTESIAN_POINT('',(15.6,-9.));
#3213 = ( GEOMETRIC_REPRESENTATION_CONTEXT(2) 
PARAMETRIC_REPRESENTATION_CONTEXT() REPRESENTATION_CONTEXT('2D SPACE',''
  ) );
#3214 = PCURVE('',#2680,#3215);
#3215 = DEFINITIONAL_REPRESENTATION('',(#3216),#3220);
#3216 = LINE('',#3217,#3218);
#3217 = CARTESIAN_POINT('',(0.,79.4));
#3218 = VECTOR('',#3219,1.);
#3219 = DIRECTION('',(1.,0.));
#3220 = ( GEOMETRIC_REPRESENTATION_CONTEXT(2) 
PARAMETRIC_REPRESENTATION_CONTEXT() REPRESENTATION_CONTEXT('2D SPACE',''
  ) );
#3221 = ADVANCED_FACE('',(#3222),#265,.F.);
#3222 = FACE_BOUND('',#3223,.F.);
#3223 = EDGE_LOOP('',(#3224,#3225,#3248,#3269));
#3224 = ORIENTED_EDGE('',*,*,#2985,.T.);
#3225 = ORIENTED_EDGE('',*,*,#3226,.T.);
#3226 = EDGE_CURVE('',#2963,#3227,#3229,.T.);
#3227 = VERTEX_POINT('',#3228);
#3228 = CARTESIAN_POINT('',(16.,11.6,-3.8));
#3229 = SURFACE_CURVE('',#3230,(#3234,#3241),.PCURVE_S1.);
#3230 = LINE('',#3231,#3232);
#3231 = CARTESIAN_POINT('',(16.,5.,-3.8));
#3232 = VECTOR('',#3233,1.);
#3233 = DIRECTION('',(0.,1.,0.));
#3234 = PCURVE('',#265,#3235);
#3235 = DEFINITIONAL_REPRESENTATION('',(#3236),#3240);
#3236 = LINE('',#3237,#3238);
#3237 = CARTESIAN_POINT('',(0.,-32.));
#3238 = VECTOR('',#3239,1.);
#3239 = DIRECTION('',(1.,0.));
#3240 = ( GEOMETRIC_REPRESENTATION_CONTEXT(2) 
PARAMETRIC_REPRESENTATION_CONTEXT() REPRESENTATION_CONTEXT('2D SPACE',''
  ) );
#3241 = PCURVE('',#592,#3242);
#3242 = DEFINITIONAL_REPRESENTATION('',(#3243),#3247);
#3243 = LINE('',#3244,#3245);
#3244 = CARTESIAN_POINT('',(-4.856164383562,-5.653698630137));
#3245 = VECTOR('',#3246,1.);
#3246 = DIRECTION('',(1.,0.));
#3247 = ( GEOMETRIC_REPRESENTATION_CONTEXT(2) 
PARAMETRIC_REPRESENTATION_CONTEXT() REPRESENTATION_CONTEXT('2D SPACE',''
  ) );
#3248 = ORIENTED_EDGE('',*,*,#3249,.F.);
#3249 = EDGE_CURVE('',#250,#3227,#3250,.T.);
#3250 = SURFACE_CURVE('',#3251,(#3255,#3262),.PCURVE_S1.);
#3251 = LINE('',#3252,#3253);
#3252 = CARTESIAN_POINT('',(-16.,11.6,-3.8));
#3253 = VECTOR('',#3254,1.);
#3254 = DIRECTION('',(1.,0.,0.));
#3255 = PCURVE('',#265,#3256);
#3256 = DEFINITIONAL_REPRESENTATION('',(#3257),#3261);
#3257 = LINE('',#3258,#3259);
#3258 = CARTESIAN_POINT('',(6.6,0.));
#3259 = VECTOR('',#3260,1.);
#3260 = DIRECTION('',(0.,-1.));
#3261 = ( GEOMETRIC_REPRESENTATION_CONTEXT(2) 
PARAMETRIC_REPRESENTATION_CONTEXT() REPRESENTATION_CONTEXT('2D SPACE',''
  ) );
#3262 = PCURVE('',#293,#3263);
#3263 = DEFINITIONAL_REPRESENTATION('',(#3264),#3268);
#3264 = LINE('',#3265,#3266);
#3265 = CARTESIAN_POINT('',(0.,0.));
#3266 = VECTOR('',#3267,1.);
#3267 = DIRECTION('',(0.,-1.));
#3268 = ( GEOMETRIC_REPRESENTATION_CONTEXT(2) 
PARAMETRIC_REPRESENTATION_CONTEXT() REPRESENTATION_CONTEXT('2D SPACE',''
  ) );
#3269 = ORIENTED_EDGE('',*,*,#249,.F.);
#3270 = ADVANCED_FACE('',(#3271),#293,.F.);
#3271 = FACE_BOUND('',#3272,.F.);
#3272 = EDGE_LOOP('',(#3273,#3274,#3295,#3296));
#3273 = ORIENTED_EDGE('',*,*,#3249,.T.);
#3274 = ORIENTED_EDGE('',*,*,#3275,.T.);
#3275 = EDGE_CURVE('',#3227,#3012,#3276,.T.);
#3276 = SURFACE_CURVE('',#3277,(#3281,#3288),.PCURVE_S1.);
#3277 = LINE('',#3278,#3279);
#3278 = CARTESIAN_POINT('',(16.,11.6,-3.8));
#3279 = VECTOR('',#3280,1.);
#3280 = DIRECTION('',(0.,0.,-1.));
#3281 = PCURVE('',#293,#3282);
#3282 = DEFINITIONAL_REPRESENTATION('',(#3283),#3287);
#3283 = LINE('',#3284,#3285);
#3284 = CARTESIAN_POINT('',(0.,-32.));
#3285 = VECTOR('',#3286,1.);
#3286 = DIRECTION('',(1.,0.));
#3287 = ( GEOMETRIC_REPRESENTATION_CONTEXT(2) 
PARAMETRIC_REPRESENTATION_CONTEXT() REPRESENTATION_CONTEXT('2D SPACE',''
  ) );
#3288 = PCURVE('',#592,#3289);
#3289 = DEFINITIONAL_REPRESENTATION('',(#3290),#3294);
#3290 = LINE('',#3291,#3292);
#3291 = CARTESIAN_POINT('',(1.743835616438,-5.653698630137));
#3292 = VECTOR('',#3293,1.);
#3293 = DIRECTION('',(0.,-1.));
#3294 = ( GEOMETRIC_REPRESENTATION_CONTEXT(2) 
PARAMETRIC_REPRESENTATION_CONTEXT() REPRESENTATION_CONTEXT('2D SPACE',''
  ) );
#3295 = ORIENTED_EDGE('',*,*,#3011,.F.);
#3296 = ORIENTED_EDGE('',*,*,#277,.F.);
#3297 = ADVANCED_FACE('',(#3298),#467,.F.);
#3298 = FACE_BOUND('',#3299,.F.);
#3299 = EDGE_LOOP('',(#3300,#3301,#3324,#3351));
#3300 = ORIENTED_EDGE('',*,*,#446,.F.);
#3301 = ORIENTED_EDGE('',*,*,#3302,.F.);
#3302 = EDGE_CURVE('',#3303,#447,#3305,.T.);
#3303 = VERTEX_POINT('',#3304);
#3304 = CARTESIAN_POINT('',(-13.,16.5,-0.5));
#3305 = SEAM_CURVE('',#3306,(#3310,#3317),.PCURVE_S1.);
#3306 = LINE('',#3307,#3308);
#3307 = CARTESIAN_POINT('',(-13.,16.5,-0.5));
#3308 = VECTOR('',#3309,1.);
#3309 = DIRECTION('',(-1.,0.,1.110223024625E-16));
#3310 = PCURVE('',#467,#3311);
#3311 = DEFINITIONAL_REPRESENTATION('',(#3312),#3316);
#3312 = LINE('',#3313,#3314);
#3313 = CARTESIAN_POINT('',(6.28318530718,-0.));
#3314 = VECTOR('',#3315,1.);
#3315 = DIRECTION('',(0.,1.));
#3316 = ( GEOMETRIC_REPRESENTATION_CONTEXT(2) 
PARAMETRIC_REPRESENTATION_CONTEXT() REPRESENTATION_CONTEXT('2D SPACE',''
  ) );
#3317 = PCURVE('',#467,#3318);
#3318 = DEFINITIONAL_REPRESENTATION('',(#3319),#3323);
#3319 = LINE('',#3320,#3321);
#3320 = CARTESIAN_POINT('',(0.,-0.));
#3321 = VECTOR('',#3322,1.);
#3322 = DIRECTION('',(0.,1.));
#3323 = ( GEOMETRIC_REPRESENTATION_CONTEXT(2) 
PARAMETRIC_REPRESENTATION_CONTEXT() REPRESENTATION_CONTEXT('2D SPACE',''
  ) );
#3324 = ORIENTED_EDGE('',*,*,#3325,.T.);
#3325 = EDGE_CURVE('',#3303,#3303,#3326,.T.);
#3326 = SURFACE_CURVE('',#3327,(#3332,#3339),.PCURVE_S1.);
#3327 = CIRCLE('',#3328,1.5);
#3328 = AXIS2_PLACEMENT_3D('',#3329,#3330,#3331);
#3329 = CARTESIAN_POINT('',(-13.,16.5,-2.));
#3330 = DIRECTION('',(-1.,0.,1.110223024625E-16));
#3331 = DIRECTION('',(1.110223024625E-16,0.,1.));
#3332 = PCURVE('',#467,#3333);
#3333 = DEFINITIONAL_REPRESENTATION('',(#3334),#3338);
#3334 = LINE('',#3335,#3336);
#3335 = CARTESIAN_POINT('',(0.,0.));
#3336 = VECTOR('',#3337,1.);
#3337 = DIRECTION('',(1.,0.));
#3338 = ( GEOMETRIC_REPRESENTATION_CONTEXT(2) 
PARAMETRIC_REPRESENTATION_CONTEXT() REPRESENTATION_CONTEXT('2D SPACE',''
  ) );
#3339 = PCURVE('',#3340,#3345);
#3340 = PLANE('',#3341);
#3341 = AXIS2_PLACEMENT_3D('',#3342,#3343,#3344);
#3342 = CARTESIAN_POINT('',(-13.,16.5,-2.));
#3343 = DIRECTION('',(-1.,0.,1.110223024625E-16));
#3344 = DIRECTION('',(1.110223024625E-16,0.,1.));
#3345 = DEFINITIONAL_REPRESENTATION('',(#3346),#3350);
#3346 = CIRCLE('',#3347,1.5);
#3347 = AXIS2_PLACEMENT_2D('',#3348,#3349);
#3348 = CARTESIAN_POINT('',(0.,0.));
#3349 = DIRECTION('',(1.,0.));
#3350 = ( GEOMETRIC_REPRESENTATION_CONTEXT(2) 
PARAMETRIC_REPRESENTATION_CONTEXT() REPRESENTATION_CONTEXT('2D SPACE',''
  ) );
#3351 = ORIENTED_EDGE('',*,*,#3302,.T.);
#3352 = ADVANCED_FACE('',(#3353),#502,.F.);
#3353 = FACE_BOUND('',#3354,.F.);
#3354 = EDGE_LOOP('',(#3355,#3356,#3379,#3406));
#3355 = ORIENTED_EDGE('',*,*,#481,.F.);
#3356 = ORIENTED_EDGE('',*,*,#3357,.F.);
#3357 = EDGE_CURVE('',#3358,#482,#3360,.T.);
#3358 = VERTEX_POINT('',#3359);
#3359 = CARTESIAN_POINT('',(-13.,-3.673940397442E-16,14.1));
#3360 = SEAM_CURVE('',#3361,(#3365,#3372),.PCURVE_S1.);
#3361 = LINE('',#3362,#3363);
#3362 = CARTESIAN_POINT('',(-13.,-3.673940397442E-16,14.1));
#3363 = VECTOR('',#3364,1.);
#3364 = DIRECTION('',(-1.,0.,1.110223024625E-16));
#3365 = PCURVE('',#502,#3366);
#3366 = DEFINITIONAL_REPRESENTATION('',(#3367),#3371);
#3367 = LINE('',#3368,#3369);
#3368 = CARTESIAN_POINT('',(6.28318530718,-0.));
#3369 = VECTOR('',#3370,1.);
#3370 = DIRECTION('',(0.,1.));
#3371 = ( GEOMETRIC_REPRESENTATION_CONTEXT(2) 
PARAMETRIC_REPRESENTATION_CONTEXT() REPRESENTATION_CONTEXT('2D SPACE',''
  ) );
#3372 = PCURVE('',#502,#3373);
#3373 = DEFINITIONAL_REPRESENTATION('',(#3374),#3378);
#3374 = LINE('',#3375,#3376);
#3375 = CARTESIAN_POINT('',(0.,-0.));
#3376 = VECTOR('',#3377,1.);
#3377 = DIRECTION('',(0.,1.));
#3378 = ( GEOMETRIC_REPRESENTATION_CONTEXT(2) 
PARAMETRIC_REPRESENTATION_CONTEXT() REPRESENTATION_CONTEXT('2D SPACE',''
  ) );
#3379 = ORIENTED_EDGE('',*,*,#3380,.T.);
#3380 = EDGE_CURVE('',#3358,#3358,#3381,.T.);
#3381 = SURFACE_CURVE('',#3382,(#3387,#3394),.PCURVE_S1.);
#3382 = CIRCLE('',#3383,1.5);
#3383 = AXIS2_PLACEMENT_3D('',#3384,#3385,#3386);
#3384 = CARTESIAN_POINT('',(-13.,0.,12.6));
#3385 = DIRECTION('',(-1.,0.,1.110223024625E-16));
#3386 = DIRECTION('',(1.110223024625E-16,0.,1.));
#3387 = PCURVE('',#502,#3388);
#3388 = DEFINITIONAL_REPRESENTATION('',(#3389),#3393);
#3389 = LINE('',#3390,#3391);
#3390 = CARTESIAN_POINT('',(0.,0.));
#3391 = VECTOR('',#3392,1.);
#3392 = DIRECTION('',(1.,0.));
#3393 = ( GEOMETRIC_REPRESENTATION_CONTEXT(2) 
PARAMETRIC_REPRESENTATION_CONTEXT() REPRESENTATION_CONTEXT('2D SPACE',''
  ) );
#3394 = PCURVE('',#3395,#3400);
#3395 = PLANE('',#3396);
#3396 = AXIS2_PLACEMENT_3D('',#3397,#3398,#3399);
#3397 = CARTESIAN_POINT('',(-13.,0.,12.6));
#3398 = DIRECTION('',(-1.,0.,1.110223024625E-16));
#3399 = DIRECTION('',(1.110223024625E-16,0.,1.));
#3400 = DEFINITIONAL_REPRESENTATION('',(#3401),#3405);
#3401 = CIRCLE('',#3402,1.5);
#3402 = AXIS2_PLACEMENT_2D('',#3403,#3404);
#3403 = CARTESIAN_POINT('',(0.,0.));
#3404 = DIRECTION('',(1.,0.));
#3405 = ( GEOMETRIC_REPRESENTATION_CONTEXT(2) 
PARAMETRIC_REPRESENTATION_CONTEXT() REPRESENTATION_CONTEXT('2D SPACE',''
  ) );
#3406 = ORIENTED_EDGE('',*,*,#3357,.T.);
#3407 = ADVANCED_FACE('',(#3408),#537,.F.);
#3408 = FACE_BOUND('',#3409,.F.);
#3409 = EDGE_LOOP('',(#3410,#3411,#3434,#3461));
#3410 = ORIENTED_EDGE('',*,*,#516,.F.);
#3411 = ORIENTED_EDGE('',*,*,#3412,.F.);
#3412 = EDGE_CURVE('',#3413,#517,#3415,.T.);
#3413 = VERTEX_POINT('',#3414);
#3414 = CARTESIAN_POINT('',(-13.,16.5,10.1));
#3415 = SEAM_CURVE('',#3416,(#3420,#3427),.PCURVE_S1.);
#3416 = LINE('',#3417,#3418);
#3417 = CARTESIAN_POINT('',(-13.,16.5,10.1));
#3418 = VECTOR('',#3419,1.);
#3419 = DIRECTION('',(-1.,0.,1.110223024625E-16));
#3420 = PCURVE('',#537,#3421);
#3421 = DEFINITIONAL_REPRESENTATION('',(#3422),#3426);
#3422 = LINE('',#3423,#3424);
#3423 = CARTESIAN_POINT('',(6.28318530718,-0.));
#3424 = VECTOR('',#3425,1.);
#3425 = DIRECTION('',(0.,1.));
#3426 = ( GEOMETRIC_REPRESENTATION_CONTEXT(2) 
PARAMETRIC_REPRESENTATION_CONTEXT() REPRESENTATION_CONTEXT('2D SPACE',''
  ) );
#3427 = PCURVE('',#537,#3428);
#3428 = DEFINITIONAL_REPRESENTATION('',(#3429),#3433);
#3429 = LINE('',#3430,#3431);
#3430 = CARTESIAN_POINT('',(0.,-0.));
#3431 = VECTOR('',#3432,1.);
#3432 = DIRECTION('',(0.,1.));
#3433 = ( GEOMETRIC_REPRESENTATION_CONTEXT(2) 
PARAMETRIC_REPRESENTATION_CONTEXT() REPRESENTATION_CONTEXT('2D SPACE',''
  ) );
#3434 = ORIENTED_EDGE('',*,*,#3435,.T.);
#3435 = EDGE_CURVE('',#3413,#3413,#3436,.T.);
#3436 = SURFACE_CURVE('',#3437,(#3442,#3449),.PCURVE_S1.);
#3437 = CIRCLE('',#3438,1.5);
#3438 = AXIS2_PLACEMENT_3D('',#3439,#3440,#3441);
#3439 = CARTESIAN_POINT('',(-13.,16.5,8.6));
#3440 = DIRECTION('',(-1.,0.,1.110223024625E-16));
#3441 = DIRECTION('',(1.110223024625E-16,0.,1.));
#3442 = PCURVE('',#537,#3443);
#3443 = DEFINITIONAL_REPRESENTATION('',(#3444),#3448);
#3444 = LINE('',#3445,#3446);
#3445 = CARTESIAN_POINT('',(0.,0.));
#3446 = VECTOR('',#3447,1.);
#3447 = DIRECTION('',(1.,0.));
#3448 = ( GEOMETRIC_REPRESENTATION_CONTEXT(2) 
PARAMETRIC_REPRESENTATION_CONTEXT() REPRESENTATION_CONTEXT('2D SPACE',''
  ) );
#3449 = PCURVE('',#3450,#3455);
#3450 = PLANE('',#3451);
#3451 = AXIS2_PLACEMENT_3D('',#3452,#3453,#3454);
#3452 = CARTESIAN_POINT('',(-13.,16.5,8.6));
#3453 = DIRECTION('',(-1.,0.,1.110223024625E-16));
#3454 = DIRECTION('',(1.110223024625E-16,0.,1.));
#3455 = DEFINITIONAL_REPRESENTATION('',(#3456),#3460);
#3456 = CIRCLE('',#3457,1.5);
#3457 = AXIS2_PLACEMENT_2D('',#3458,#3459);
#3458 = CARTESIAN_POINT('',(0.,0.));
#3459 = DIRECTION('',(1.,0.));
#3460 = ( GEOMETRIC_REPRESENTATION_CONTEXT(2) 
PARAMETRIC_REPRESENTATION_CONTEXT() REPRESENTATION_CONTEXT('2D SPACE',''
  ) );
#3461 = ORIENTED_EDGE('',*,*,#3412,.T.);
#3462 = ADVANCED_FACE('',(#3463),#648,.F.);
#3463 = FACE_BOUND('',#3464,.F.);
#3464 = EDGE_LOOP('',(#3465,#3466,#3487,#3488));
#3465 = ORIENTED_EDGE('',*,*,#632,.T.);
#3466 = ORIENTED_EDGE('',*,*,#3467,.T.);
#3467 = EDGE_CURVE('',#605,#1515,#3468,.T.);
#3468 = SURFACE_CURVE('',#3469,(#3473,#3480),.PCURVE_S1.);
#3469 = LINE('',#3470,#3471);
#3470 = CARTESIAN_POINT('',(13.,-8.,15.));
#3471 = VECTOR('',#3472,1.);
#3472 = DIRECTION('',(0.,0.,-1.));
#3473 = PCURVE('',#648,#3474);
#3474 = DEFINITIONAL_REPRESENTATION('',(#3475),#3479);
#3475 = LINE('',#3476,#3477);
#3476 = CARTESIAN_POINT('',(0.,-29.));
#3477 = VECTOR('',#3478,1.);
#3478 = DIRECTION('',(1.,0.));
#3479 = ( GEOMETRIC_REPRESENTATION_CONTEXT(2) 
PARAMETRIC_REPRESENTATION_CONTEXT() REPRESENTATION_CONTEXT('2D SPACE',''
  ) );
#3480 = PCURVE('',#620,#3481);
#3481 = DEFINITIONAL_REPRESENTATION('',(#3482),#3486);
#3482 = LINE('',#3483,#3484);
#3483 = CARTESIAN_POINT('',(-0.,-2.12132034356));
#3484 = VECTOR('',#3485,1.);
#3485 = DIRECTION('',(-1.,0.));
#3486 = ( GEOMETRIC_REPRESENTATION_CONTEXT(2) 
PARAMETRIC_REPRESENTATION_CONTEXT() REPRESENTATION_CONTEXT('2D SPACE',''
  ) );
#3487 = ORIENTED_EDGE('',*,*,#1514,.F.);
#3488 = ORIENTED_EDGE('',*,*,#1113,.F.);
#3489 = ADVANCED_FACE('',(#3490,#3565,#3596,#3627),#592,.T.);
#3490 = FACE_BOUND('',#3491,.T.);
#3491 = EDGE_LOOP('',(#3492,#3493,#3514,#3515,#3536,#3537,#3538,#3539,
    #3540,#3541,#3562,#3563,#3564));
#3492 = ORIENTED_EDGE('',*,*,#576,.T.);
#3493 = ORIENTED_EDGE('',*,*,#3494,.T.);
#3494 = EDGE_CURVE('',#577,#1538,#3495,.T.);
#3495 = SURFACE_CURVE('',#3496,(#3500,#3507),.PCURVE_S1.);
#3496 = LINE('',#3497,#3498);
#3497 = CARTESIAN_POINT('',(16.,-5.,15.));
#3498 = VECTOR('',#3499,1.);
#3499 = DIRECTION('',(0.,0.,-1.));
#3500 = PCURVE('',#592,#3501);
#3501 = DEFINITIONAL_REPRESENTATION('',(#3502),#3506);
#3502 = LINE('',#3503,#3504);
#3503 = CARTESIAN_POINT('',(-14.85616438356,13.146301369863));
#3504 = VECTOR('',#3505,1.);
#3505 = DIRECTION('',(0.,-1.));
#3506 = ( GEOMETRIC_REPRESENTATION_CONTEXT(2) 
PARAMETRIC_REPRESENTATION_CONTEXT() REPRESENTATION_CONTEXT('2D SPACE',''
  ) );
#3507 = PCURVE('',#620,#3508);
#3508 = DEFINITIONAL_REPRESENTATION('',(#3509),#3513);
#3509 = LINE('',#3510,#3511);
#3510 = CARTESIAN_POINT('',(-0.,2.12132034356));
#3511 = VECTOR('',#3512,1.);
#3512 = DIRECTION('',(-1.,0.));
#3513 = ( GEOMETRIC_REPRESENTATION_CONTEXT(2) 
PARAMETRIC_REPRESENTATION_CONTEXT() REPRESENTATION_CONTEXT('2D SPACE',''
  ) );
#3514 = ORIENTED_EDGE('',*,*,#1560,.T.);
#3515 = ORIENTED_EDGE('',*,*,#3516,.T.);
#3516 = EDGE_CURVE('',#1561,#2743,#3517,.T.);
#3517 = SURFACE_CURVE('',#3518,(#3522,#3529),.PCURVE_S1.);
#3518 = LINE('',#3519,#3520);
#3519 = CARTESIAN_POINT('',(16.,13.,10.2));
#3520 = VECTOR('',#3521,1.);
#3521 = DIRECTION('',(0.,0.,-1.));
#3522 = PCURVE('',#592,#3523);
#3523 = DEFINITIONAL_REPRESENTATION('',(#3524),#3528);
#3524 = LINE('',#3525,#3526);
#3525 = CARTESIAN_POINT('',(3.143835616438,8.346301369863));
#3526 = VECTOR('',#3527,1.);
#3527 = DIRECTION('',(0.,-1.));
#3528 = ( GEOMETRIC_REPRESENTATION_CONTEXT(2) 
PARAMETRIC_REPRESENTATION_CONTEXT() REPRESENTATION_CONTEXT('2D SPACE',''
  ) );
#3529 = PCURVE('',#1599,#3530);
#3530 = DEFINITIONAL_REPRESENTATION('',(#3531),#3535);
#3531 = LINE('',#3532,#3533);
#3532 = CARTESIAN_POINT('',(0.,-32.));
#3533 = VECTOR('',#3534,1.);
#3534 = DIRECTION('',(1.,0.));
#3535 = ( GEOMETRIC_REPRESENTATION_CONTEXT(2) 
PARAMETRIC_REPRESENTATION_CONTEXT() REPRESENTATION_CONTEXT('2D SPACE',''
  ) );
#3536 = ORIENTED_EDGE('',*,*,#2765,.T.);
#3537 = ORIENTED_EDGE('',*,*,#2962,.T.);
#3538 = ORIENTED_EDGE('',*,*,#3226,.T.);
#3539 = ORIENTED_EDGE('',*,*,#3275,.T.);
#3540 = ORIENTED_EDGE('',*,*,#3034,.F.);
#3541 = ORIENTED_EDGE('',*,*,#3542,.T.);
#3542 = EDGE_CURVE('',#3035,#2390,#3543,.T.);
#3543 = SURFACE_CURVE('',#3544,(#3548,#3555),.PCURVE_S1.);
#3544 = LINE('',#3545,#3546);
#3545 = CARTESIAN_POINT('',(16.,-20.8,-10.6));
#3546 = VECTOR('',#3547,1.);
#3547 = DIRECTION('',(0.,0.,-1.));
#3548 = PCURVE('',#592,#3549);
#3549 = DEFINITIONAL_REPRESENTATION('',(#3550),#3554);
#3550 = LINE('',#3551,#3552);
#3551 = CARTESIAN_POINT('',(-30.65616438356,-12.45369863013));
#3552 = VECTOR('',#3553,1.);
#3553 = DIRECTION('',(0.,-1.));
#3554 = ( GEOMETRIC_REPRESENTATION_CONTEXT(2) 
PARAMETRIC_REPRESENTATION_CONTEXT() REPRESENTATION_CONTEXT('2D SPACE',''
  ) );
#3555 = PCURVE('',#2405,#3556);
#3556 = DEFINITIONAL_REPRESENTATION('',(#3557),#3561);
#3557 = LINE('',#3558,#3559);
#3558 = CARTESIAN_POINT('',(-0.,2.12132034356));
#3559 = VECTOR('',#3560,1.);
#3560 = DIRECTION('',(-1.,0.));
#3561 = ( GEOMETRIC_REPRESENTATION_CONTEXT(2) 
PARAMETRIC_REPRESENTATION_CONTEXT() REPRESENTATION_CONTEXT('2D SPACE',''
  ) );
#3562 = ORIENTED_EDGE('',*,*,#2417,.T.);
#3563 = ORIENTED_EDGE('',*,*,#2067,.T.);
#3564 = ORIENTED_EDGE('',*,*,#1161,.T.);
#3565 = FACE_BOUND('',#3566,.T.);
#3566 = EDGE_LOOP('',(#3567));
#3567 = ORIENTED_EDGE('',*,*,#3568,.F.);
#3568 = EDGE_CURVE('',#3569,#3569,#3571,.T.);
#3569 = VERTEX_POINT('',#3570);
#3570 = CARTESIAN_POINT('',(16.,16.5,-3.5));
#3571 = SURFACE_CURVE('',#3572,(#3577,#3584),.PCURVE_S1.);
#3572 = CIRCLE('',#3573,1.5);
#3573 = AXIS2_PLACEMENT_3D('',#3574,#3575,#3576);
#3574 = CARTESIAN_POINT('',(16.,16.5,-2.));
#3575 = DIRECTION('',(1.,-0.,1.110223024625E-16));
#3576 = DIRECTION('',(1.110223024625E-16,0.,-1.));
#3577 = PCURVE('',#592,#3578);
#3578 = DEFINITIONAL_REPRESENTATION('',(#3579),#3583);
#3579 = CIRCLE('',#3580,1.5);
#3580 = AXIS2_PLACEMENT_2D('',#3581,#3582);
#3581 = CARTESIAN_POINT('',(6.643835616438,-3.853698630137));
#3582 = DIRECTION('',(0.,-1.));
#3583 = ( GEOMETRIC_REPRESENTATION_CONTEXT(2) 
PARAMETRIC_REPRESENTATION_CONTEXT() REPRESENTATION_CONTEXT('2D SPACE',''
  ) );
#3584 = PCURVE('',#3585,#3590);
#3585 = CYLINDRICAL_SURFACE('',#3586,1.5);
#3586 = AXIS2_PLACEMENT_3D('',#3587,#3588,#3589);
#3587 = CARTESIAN_POINT('',(13.,16.5,-2.));
#3588 = DIRECTION('',(1.,0.,1.110223024625E-16));
#3589 = DIRECTION('',(1.110223024625E-16,0.,-1.));
#3590 = DEFINITIONAL_REPRESENTATION('',(#3591),#3595);
#3591 = LINE('',#3592,#3593);
#3592 = CARTESIAN_POINT('',(0.,3.));
#3593 = VECTOR('',#3594,1.);
#3594 = DIRECTION('',(1.,0.));
#3595 = ( GEOMETRIC_REPRESENTATION_CONTEXT(2) 
PARAMETRIC_REPRESENTATION_CONTEXT() REPRESENTATION_CONTEXT('2D SPACE',''
  ) );
#3596 = FACE_BOUND('',#3597,.T.);
#3597 = EDGE_LOOP('',(#3598));
#3598 = ORIENTED_EDGE('',*,*,#3599,.F.);
#3599 = EDGE_CURVE('',#3600,#3600,#3602,.T.);
#3600 = VERTEX_POINT('',#3601);
#3601 = CARTESIAN_POINT('',(16.,-3.673940397442E-16,11.1));
#3602 = SURFACE_CURVE('',#3603,(#3608,#3615),.PCURVE_S1.);
#3603 = CIRCLE('',#3604,1.5);
#3604 = AXIS2_PLACEMENT_3D('',#3605,#3606,#3607);
#3605 = CARTESIAN_POINT('',(16.,0.,12.6));
#3606 = DIRECTION('',(1.,-0.,1.110223024625E-16));
#3607 = DIRECTION('',(1.110223024625E-16,0.,-1.));
#3608 = PCURVE('',#592,#3609);
#3609 = DEFINITIONAL_REPRESENTATION('',(#3610),#3614);
#3610 = CIRCLE('',#3611,1.5);
#3611 = AXIS2_PLACEMENT_2D('',#3612,#3613);
#3612 = CARTESIAN_POINT('',(-9.856164383562,10.746301369863));
#3613 = DIRECTION('',(0.,-1.));
#3614 = ( GEOMETRIC_REPRESENTATION_CONTEXT(2) 
PARAMETRIC_REPRESENTATION_CONTEXT() REPRESENTATION_CONTEXT('2D SPACE',''
  ) );
#3615 = PCURVE('',#3616,#3621);
#3616 = CYLINDRICAL_SURFACE('',#3617,1.5);
#3617 = AXIS2_PLACEMENT_3D('',#3618,#3619,#3620);
#3618 = CARTESIAN_POINT('',(13.,0.,12.6));
#3619 = DIRECTION('',(1.,0.,1.110223024625E-16));
#3620 = DIRECTION('',(1.110223024625E-16,0.,-1.));
#3621 = DEFINITIONAL_REPRESENTATION('',(#3622),#3626);
#3622 = LINE('',#3623,#3624);
#3623 = CARTESIAN_POINT('',(0.,3.));
#3624 = VECTOR('',#3625,1.);
#3625 = DIRECTION('',(1.,0.));
#3626 = ( GEOMETRIC_REPRESENTATION_CONTEXT(2) 
PARAMETRIC_REPRESENTATION_CONTEXT() REPRESENTATION_CONTEXT('2D SPACE',''
  ) );
#3627 = FACE_BOUND('',#3628,.T.);
#3628 = EDGE_LOOP('',(#3629));
#3629 = ORIENTED_EDGE('',*,*,#3630,.F.);
#3630 = EDGE_CURVE('',#3631,#3631,#3633,.T.);
#3631 = VERTEX_POINT('',#3632);
#3632 = CARTESIAN_POINT('',(16.,16.5,7.1));
#3633 = SURFACE_CURVE('',#3634,(#3639,#3646),.PCURVE_S1.);
#3634 = CIRCLE('',#3635,1.5);
#3635 = AXIS2_PLACEMENT_3D('',#3636,#3637,#3638);
#3636 = CARTESIAN_POINT('',(16.,16.5,8.6));
#3637 = DIRECTION('',(1.,-0.,1.110223024625E-16));
#3638 = DIRECTION('',(1.110223024625E-16,0.,-1.));
#3639 = PCURVE('',#592,#3640);
#3640 = DEFINITIONAL_REPRESENTATION('',(#3641),#3645);
#3641 = CIRCLE('',#3642,1.5);
#3642 = AXIS2_PLACEMENT_2D('',#3643,#3644);
#3643 = CARTESIAN_POINT('',(6.643835616438,6.746301369863));
#3644 = DIRECTION('',(0.,-1.));
#3645 = ( GEOMETRIC_REPRESENTATION_CONTEXT(2) 
PARAMETRIC_REPRESENTATION_CONTEXT() REPRESENTATION_CONTEXT('2D SPACE',''
  ) );
#3646 = PCURVE('',#3647,#3652);
#3647 = CYLINDRICAL_SURFACE('',#3648,1.5);
#3648 = AXIS2_PLACEMENT_3D('',#3649,#3650,#3651);
#3649 = CARTESIAN_POINT('',(13.,16.5,8.6));
#3650 = DIRECTION('',(1.,0.,1.110223024625E-16));
#3651 = DIRECTION('',(1.110223024625E-16,0.,-1.));
#3652 = DEFINITIONAL_REPRESENTATION('',(#3653),#3657);
#3653 = LINE('',#3654,#3655);
#3654 = CARTESIAN_POINT('',(0.,3.));
#3655 = VECTOR('',#3656,1.);
#3656 = DIRECTION('',(1.,0.));
#3657 = ( GEOMETRIC_REPRESENTATION_CONTEXT(2) 
PARAMETRIC_REPRESENTATION_CONTEXT() REPRESENTATION_CONTEXT('2D SPACE',''
  ) );
#3658 = ADVANCED_FACE('',(#3659),#620,.F.);
#3659 = FACE_BOUND('',#3660,.T.);
#3660 = EDGE_LOOP('',(#3661,#3662,#3663,#3664));
#3661 = ORIENTED_EDGE('',*,*,#604,.F.);
#3662 = ORIENTED_EDGE('',*,*,#3467,.T.);
#3663 = ORIENTED_EDGE('',*,*,#1537,.T.);
#3664 = ORIENTED_EDGE('',*,*,#3494,.F.);
#3665 = ADVANCED_FACE('',(#3666),#704,.F.);
#3666 = FACE_BOUND('',#3667,.F.);
#3667 = EDGE_LOOP('',(#3668,#3689,#3690,#3691));
#3668 = ORIENTED_EDGE('',*,*,#3669,.T.);
#3669 = EDGE_CURVE('',#1920,#684,#3670,.T.);
#3670 = SEAM_CURVE('',#3671,(#3675,#3682),.PCURVE_S1.);
#3671 = LINE('',#3672,#3673);
#3672 = CARTESIAN_POINT('',(7.7,11.,-3.));
#3673 = VECTOR('',#3674,1.);
#3674 = DIRECTION('',(0.,0.,1.));
#3675 = PCURVE('',#704,#3676);
#3676 = DEFINITIONAL_REPRESENTATION('',(#3677),#3681);
#3677 = LINE('',#3678,#3679);
#3678 = CARTESIAN_POINT('',(6.28318530718,-0.));
#3679 = VECTOR('',#3680,1.);
#3680 = DIRECTION('',(0.,1.));
#3681 = ( GEOMETRIC_REPRESENTATION_CONTEXT(2) 
PARAMETRIC_REPRESENTATION_CONTEXT() REPRESENTATION_CONTEXT('2D SPACE',''
  ) );
#3682 = PCURVE('',#704,#3683);
#3683 = DEFINITIONAL_REPRESENTATION('',(#3684),#3688);
#3684 = LINE('',#3685,#3686);
#3685 = CARTESIAN_POINT('',(0.,-0.));
#3686 = VECTOR('',#3687,1.);
#3687 = DIRECTION('',(0.,1.));
#3688 = ( GEOMETRIC_REPRESENTATION_CONTEXT(2) 
PARAMETRIC_REPRESENTATION_CONTEXT() REPRESENTATION_CONTEXT('2D SPACE',''
  ) );
#3689 = ORIENTED_EDGE('',*,*,#683,.F.);
#3690 = ORIENTED_EDGE('',*,*,#3669,.F.);
#3691 = ORIENTED_EDGE('',*,*,#1919,.T.);
#3692 = ADVANCED_FACE('',(#3693),#735,.F.);
#3693 = FACE_BOUND('',#3694,.F.);
#3694 = EDGE_LOOP('',(#3695,#3718,#3745,#3746));
#3695 = ORIENTED_EDGE('',*,*,#3696,.T.);
#3696 = EDGE_CURVE('',#719,#3697,#3699,.T.);
#3697 = VERTEX_POINT('',#3698);
#3698 = CARTESIAN_POINT('',(11.229367061317,-4.,11.2));
#3699 = SEAM_CURVE('',#3700,(#3704,#3711),.PCURVE_S1.);
#3700 = LINE('',#3701,#3702);
#3701 = CARTESIAN_POINT('',(11.229367061317,-4.,19.2));
#3702 = VECTOR('',#3703,1.);
#3703 = DIRECTION('',(0.,-1.224646799147E-16,-1.));
#3704 = PCURVE('',#735,#3705);
#3705 = DEFINITIONAL_REPRESENTATION('',(#3706),#3710);
#3706 = LINE('',#3707,#3708);
#3707 = CARTESIAN_POINT('',(6.28318530718,-0.));
#3708 = VECTOR('',#3709,1.);
#3709 = DIRECTION('',(0.,1.));
#3710 = ( GEOMETRIC_REPRESENTATION_CONTEXT(2) 
PARAMETRIC_REPRESENTATION_CONTEXT() REPRESENTATION_CONTEXT('2D SPACE',''
  ) );
#3711 = PCURVE('',#735,#3712);
#3712 = DEFINITIONAL_REPRESENTATION('',(#3713),#3717);
#3713 = LINE('',#3714,#3715);
#3714 = CARTESIAN_POINT('',(0.,-0.));
#3715 = VECTOR('',#3716,1.);
#3716 = DIRECTION('',(0.,1.));
#3717 = ( GEOMETRIC_REPRESENTATION_CONTEXT(2) 
PARAMETRIC_REPRESENTATION_CONTEXT() REPRESENTATION_CONTEXT('2D SPACE',''
  ) );
#3718 = ORIENTED_EDGE('',*,*,#3719,.F.);
#3719 = EDGE_CURVE('',#3697,#3697,#3720,.T.);
#3720 = SURFACE_CURVE('',#3721,(#3726,#3733),.PCURVE_S1.);
#3721 = CIRCLE('',#3722,1.229367061317);
#3722 = AXIS2_PLACEMENT_3D('',#3723,#3724,#3725);
#3723 = CARTESIAN_POINT('',(10.,-4.,11.2));
#3724 = DIRECTION('',(0.,-1.224646799147E-16,-1.));
#3725 = DIRECTION('',(1.,0.,0.));
#3726 = PCURVE('',#735,#3727);
#3727 = DEFINITIONAL_REPRESENTATION('',(#3728),#3732);
#3728 = LINE('',#3729,#3730);
#3729 = CARTESIAN_POINT('',(0.,8.));
#3730 = VECTOR('',#3731,1.);
#3731 = DIRECTION('',(1.,0.));
#3732 = ( GEOMETRIC_REPRESENTATION_CONTEXT(2) 
PARAMETRIC_REPRESENTATION_CONTEXT() REPRESENTATION_CONTEXT('2D SPACE',''
  ) );
#3733 = PCURVE('',#3734,#3739);
#3734 = PLANE('',#3735);
#3735 = AXIS2_PLACEMENT_3D('',#3736,#3737,#3738);
#3736 = CARTESIAN_POINT('',(10.,-4.,11.2));
#3737 = DIRECTION('',(0.,-1.224646799147E-16,-1.));
#3738 = DIRECTION('',(1.,0.,0.));
#3739 = DEFINITIONAL_REPRESENTATION('',(#3740),#3744);
#3740 = CIRCLE('',#3741,1.229367061317);
#3741 = AXIS2_PLACEMENT_2D('',#3742,#3743);
#3742 = CARTESIAN_POINT('',(0.,0.));
#3743 = DIRECTION('',(1.,-0.));
#3744 = ( GEOMETRIC_REPRESENTATION_CONTEXT(2) 
PARAMETRIC_REPRESENTATION_CONTEXT() REPRESENTATION_CONTEXT('2D SPACE',''
  ) );
#3745 = ORIENTED_EDGE('',*,*,#3696,.F.);
#3746 = ORIENTED_EDGE('',*,*,#718,.T.);
#3747 = ADVANCED_FACE('',(#3748),#766,.F.);
#3748 = FACE_BOUND('',#3749,.F.);
#3749 = EDGE_LOOP('',(#3750,#3773,#3800,#3801));
#3750 = ORIENTED_EDGE('',*,*,#3751,.T.);
#3751 = EDGE_CURVE('',#750,#3752,#3754,.T.);
#3752 = VERTEX_POINT('',#3753);
#3753 = CARTESIAN_POINT('',(1.229367061317,15.,11.2));
#3754 = SEAM_CURVE('',#3755,(#3759,#3766),.PCURVE_S1.);
#3755 = LINE('',#3756,#3757);
#3756 = CARTESIAN_POINT('',(1.229367061317,15.,19.2));
#3757 = VECTOR('',#3758,1.);
#3758 = DIRECTION('',(0.,-1.224646799147E-16,-1.));
#3759 = PCURVE('',#766,#3760);
#3760 = DEFINITIONAL_REPRESENTATION('',(#3761),#3765);
#3761 = LINE('',#3762,#3763);
#3762 = CARTESIAN_POINT('',(6.28318530718,-0.));
#3763 = VECTOR('',#3764,1.);
#3764 = DIRECTION('',(0.,1.));
#3765 = ( GEOMETRIC_REPRESENTATION_CONTEXT(2) 
PARAMETRIC_REPRESENTATION_CONTEXT() REPRESENTATION_CONTEXT('2D SPACE',''
  ) );
#3766 = PCURVE('',#766,#3767);
#3767 = DEFINITIONAL_REPRESENTATION('',(#3768),#3772);
#3768 = LINE('',#3769,#3770);
#3769 = CARTESIAN_POINT('',(0.,-0.));
#3770 = VECTOR('',#3771,1.);
#3771 = DIRECTION('',(0.,1.));
#3772 = ( GEOMETRIC_REPRESENTATION_CONTEXT(2) 
PARAMETRIC_REPRESENTATION_CONTEXT() REPRESENTATION_CONTEXT('2D SPACE',''
  ) );
#3773 = ORIENTED_EDGE('',*,*,#3774,.F.);
#3774 = EDGE_CURVE('',#3752,#3752,#3775,.T.);
#3775 = SURFACE_CURVE('',#3776,(#3781,#3788),.PCURVE_S1.);
#3776 = CIRCLE('',#3777,1.229367061317);
#3777 = AXIS2_PLACEMENT_3D('',#3778,#3779,#3780);
#3778 = CARTESIAN_POINT('',(0.,15.,11.2));
#3779 = DIRECTION('',(0.,-1.224646799147E-16,-1.));
#3780 = DIRECTION('',(1.,0.,0.));
#3781 = PCURVE('',#766,#3782);
#3782 = DEFINITIONAL_REPRESENTATION('',(#3783),#3787);
#3783 = LINE('',#3784,#3785);
#3784 = CARTESIAN_POINT('',(0.,8.));
#3785 = VECTOR('',#3786,1.);
#3786 = DIRECTION('',(1.,0.));
#3787 = ( GEOMETRIC_REPRESENTATION_CONTEXT(2) 
PARAMETRIC_REPRESENTATION_CONTEXT() REPRESENTATION_CONTEXT('2D SPACE',''
  ) );
#3788 = PCURVE('',#3789,#3794);
#3789 = PLANE('',#3790);
#3790 = AXIS2_PLACEMENT_3D('',#3791,#3792,#3793);
#3791 = CARTESIAN_POINT('',(0.,15.,11.2));
#3792 = DIRECTION('',(0.,-1.224646799147E-16,-1.));
#3793 = DIRECTION('',(1.,0.,0.));
#3794 = DEFINITIONAL_REPRESENTATION('',(#3795),#3799);
#3795 = CIRCLE('',#3796,1.229367061317);
#3796 = AXIS2_PLACEMENT_2D('',#3797,#3798);
#3797 = CARTESIAN_POINT('',(0.,0.));
#3798 = DIRECTION('',(1.,-0.));
#3799 = ( GEOMETRIC_REPRESENTATION_CONTEXT(2) 
PARAMETRIC_REPRESENTATION_CONTEXT() REPRESENTATION_CONTEXT('2D SPACE',''
  ) );
#3800 = ORIENTED_EDGE('',*,*,#3751,.F.);
#3801 = ORIENTED_EDGE('',*,*,#749,.T.);
#3802 = ADVANCED_FACE('',(#3803),#801,.F.);
#3803 = FACE_BOUND('',#3804,.F.);
#3804 = EDGE_LOOP('',(#3805,#3826,#3827,#3828));
#3805 = ORIENTED_EDGE('',*,*,#3806,.T.);
#3806 = EDGE_CURVE('',#2016,#781,#3807,.T.);
#3807 = SEAM_CURVE('',#3808,(#3812,#3819),.PCURVE_S1.);
#3808 = LINE('',#3809,#3810);
#3809 = CARTESIAN_POINT('',(-4.7,11.,-3.));
#3810 = VECTOR('',#3811,1.);
#3811 = DIRECTION('',(0.,0.,1.));
#3812 = PCURVE('',#801,#3813);
#3813 = DEFINITIONAL_REPRESENTATION('',(#3814),#3818);
#3814 = LINE('',#3815,#3816);
#3815 = CARTESIAN_POINT('',(6.28318530718,-0.));
#3816 = VECTOR('',#3817,1.);
#3817 = DIRECTION('',(0.,1.));
#3818 = ( GEOMETRIC_REPRESENTATION_CONTEXT(2) 
PARAMETRIC_REPRESENTATION_CONTEXT() REPRESENTATION_CONTEXT('2D SPACE',''
  ) );
#3819 = PCURVE('',#801,#3820);
#3820 = DEFINITIONAL_REPRESENTATION('',(#3821),#3825);
#3821 = LINE('',#3822,#3823);
#3822 = CARTESIAN_POINT('',(0.,-0.));
#3823 = VECTOR('',#3824,1.);
#3824 = DIRECTION('',(0.,1.));
#3825 = ( GEOMETRIC_REPRESENTATION_CONTEXT(2) 
PARAMETRIC_REPRESENTATION_CONTEXT() REPRESENTATION_CONTEXT('2D SPACE',''
  ) );
#3826 = ORIENTED_EDGE('',*,*,#780,.F.);
#3827 = ORIENTED_EDGE('',*,*,#3806,.F.);
#3828 = ORIENTED_EDGE('',*,*,#2015,.T.);
#3829 = ADVANCED_FACE('',(#3830),#832,.T.);
#3830 = FACE_BOUND('',#3831,.F.);
#3831 = EDGE_LOOP('',(#3832,#3833,#3854,#3855));
#3832 = ORIENTED_EDGE('',*,*,#1793,.T.);
#3833 = ORIENTED_EDGE('',*,*,#3834,.T.);
#3834 = EDGE_CURVE('',#1773,#816,#3835,.T.);
#3835 = SURFACE_CURVE('',#3836,(#3840,#3847),.PCURVE_S1.);
#3836 = LINE('',#3837,#3838);
#3837 = CARTESIAN_POINT('',(-10.,5.,-0.2));
#3838 = VECTOR('',#3839,1.);
#3839 = DIRECTION('',(0.,0.,1.));
#3840 = PCURVE('',#832,#3841);
#3841 = DEFINITIONAL_REPRESENTATION('',(#3842),#3846);
#3842 = LINE('',#3843,#3844);
#3843 = CARTESIAN_POINT('',(-0.,-0.707106781187));
#3844 = VECTOR('',#3845,1.);
#3845 = DIRECTION('',(-1.,0.));
#3846 = ( GEOMETRIC_REPRESENTATION_CONTEXT(2) 
PARAMETRIC_REPRESENTATION_CONTEXT() REPRESENTATION_CONTEXT('2D SPACE',''
  ) );
#3847 = PCURVE('',#858,#3848);
#3848 = DEFINITIONAL_REPRESENTATION('',(#3849),#3853);
#3849 = LINE('',#3850,#3851);
#3850 = CARTESIAN_POINT('',(0.,-5.));
#3851 = VECTOR('',#3852,1.);
#3852 = DIRECTION('',(1.,0.));
#3853 = ( GEOMETRIC_REPRESENTATION_CONTEXT(2) 
PARAMETRIC_REPRESENTATION_CONTEXT() REPRESENTATION_CONTEXT('2D SPACE',''
  ) );
#3854 = ORIENTED_EDGE('',*,*,#815,.T.);
#3855 = ORIENTED_EDGE('',*,*,#3856,.F.);
#3856 = EDGE_CURVE('',#1794,#818,#3857,.T.);
#3857 = SURFACE_CURVE('',#3858,(#3862,#3869),.PCURVE_S1.);
#3858 = LINE('',#3859,#3860);
#3859 = CARTESIAN_POINT('',(-9.,6.,-0.2));
#3860 = VECTOR('',#3861,1.);
#3861 = DIRECTION('',(0.,0.,1.));
#3862 = PCURVE('',#832,#3863);
#3863 = DEFINITIONAL_REPRESENTATION('',(#3864),#3868);
#3864 = LINE('',#3865,#3866);
#3865 = CARTESIAN_POINT('',(-0.,0.707106781187));
#3866 = VECTOR('',#3867,1.);
#3867 = DIRECTION('',(-1.,0.));
#3868 = ( GEOMETRIC_REPRESENTATION_CONTEXT(2) 
PARAMETRIC_REPRESENTATION_CONTEXT() REPRESENTATION_CONTEXT('2D SPACE',''
  ) );
#3869 = PCURVE('',#1012,#3870);
#3870 = DEFINITIONAL_REPRESENTATION('',(#3871),#3875);
#3871 = LINE('',#3872,#3873);
#3872 = CARTESIAN_POINT('',(0.,1.));
#3873 = VECTOR('',#3874,1.);
#3874 = DIRECTION('',(1.,0.));
#3875 = ( GEOMETRIC_REPRESENTATION_CONTEXT(2) 
PARAMETRIC_REPRESENTATION_CONTEXT() REPRESENTATION_CONTEXT('2D SPACE',''
  ) );
#3876 = ADVANCED_FACE('',(#3877),#1012,.F.);
#3877 = FACE_BOUND('',#3878,.F.);
#3878 = EDGE_LOOP('',(#3879,#3880,#3881,#3882));
#3879 = ORIENTED_EDGE('',*,*,#1814,.T.);
#3880 = ORIENTED_EDGE('',*,*,#3856,.T.);
#3881 = ORIENTED_EDGE('',*,*,#999,.T.);
#3882 = ORIENTED_EDGE('',*,*,#3883,.F.);
#3883 = EDGE_CURVE('',#1815,#974,#3884,.T.);
#3884 = SURFACE_CURVE('',#3885,(#3889,#3896),.PCURVE_S1.);
#3885 = LINE('',#3886,#3887);
#3886 = CARTESIAN_POINT('',(9.,6.,-0.2));
#3887 = VECTOR('',#3888,1.);
#3888 = DIRECTION('',(0.,0.,1.));
#3889 = PCURVE('',#1012,#3890);
#3890 = DEFINITIONAL_REPRESENTATION('',(#3891),#3895);
#3891 = LINE('',#3892,#3893);
#3892 = CARTESIAN_POINT('',(0.,19.));
#3893 = VECTOR('',#3894,1.);
#3894 = DIRECTION('',(1.,0.));
#3895 = ( GEOMETRIC_REPRESENTATION_CONTEXT(2) 
PARAMETRIC_REPRESENTATION_CONTEXT() REPRESENTATION_CONTEXT('2D SPACE',''
  ) );
#3896 = PCURVE('',#988,#3897);
#3897 = DEFINITIONAL_REPRESENTATION('',(#3898),#3902);
#3898 = LINE('',#3899,#3900);
#3899 = CARTESIAN_POINT('',(-0.,0.707106781187));
#3900 = VECTOR('',#3901,1.);
#3901 = DIRECTION('',(-1.,0.));
#3902 = ( GEOMETRIC_REPRESENTATION_CONTEXT(2) 
PARAMETRIC_REPRESENTATION_CONTEXT() REPRESENTATION_CONTEXT('2D SPACE',''
  ) );
#3903 = ADVANCED_FACE('',(#3904),#988,.F.);
#3904 = FACE_BOUND('',#3905,.T.);
#3905 = EDGE_LOOP('',(#3906,#3907,#3928,#3929));
#3906 = ORIENTED_EDGE('',*,*,#1835,.T.);
#3907 = ORIENTED_EDGE('',*,*,#3908,.T.);
#3908 = EDGE_CURVE('',#1836,#948,#3909,.T.);
#3909 = SURFACE_CURVE('',#3910,(#3914,#3921),.PCURVE_S1.);
#3910 = LINE('',#3911,#3912);
#3911 = CARTESIAN_POINT('',(10.,5.,-0.2));
#3912 = VECTOR('',#3913,1.);
#3913 = DIRECTION('',(0.,0.,1.));
#3914 = PCURVE('',#988,#3915);
#3915 = DEFINITIONAL_REPRESENTATION('',(#3916),#3920);
#3916 = LINE('',#3917,#3918);
#3917 = CARTESIAN_POINT('',(-0.,-0.707106781187));
#3918 = VECTOR('',#3919,1.);
#3919 = DIRECTION('',(-1.,0.));
#3920 = ( GEOMETRIC_REPRESENTATION_CONTEXT(2) 
PARAMETRIC_REPRESENTATION_CONTEXT() REPRESENTATION_CONTEXT('2D SPACE',''
  ) );
#3921 = PCURVE('',#962,#3922);
#3922 = DEFINITIONAL_REPRESENTATION('',(#3923),#3927);
#3923 = LINE('',#3924,#3925);
#3924 = CARTESIAN_POINT('',(0.,-5.));
#3925 = VECTOR('',#3926,1.);
#3926 = DIRECTION('',(1.,0.));
#3927 = ( GEOMETRIC_REPRESENTATION_CONTEXT(2) 
PARAMETRIC_REPRESENTATION_CONTEXT() REPRESENTATION_CONTEXT('2D SPACE',''
  ) );
#3928 = ORIENTED_EDGE('',*,*,#973,.T.);
#3929 = ORIENTED_EDGE('',*,*,#3883,.F.);
#3930 = ADVANCED_FACE('',(#3931),#962,.F.);
#3931 = FACE_BOUND('',#3932,.F.);
#3932 = EDGE_LOOP('',(#3933,#3954,#3955,#3956));
#3933 = ORIENTED_EDGE('',*,*,#3934,.F.);
#3934 = EDGE_CURVE('',#1857,#922,#3935,.T.);
#3935 = SURFACE_CURVE('',#3936,(#3940,#3947),.PCURVE_S1.);
#3936 = LINE('',#3937,#3938);
#3937 = CARTESIAN_POINT('',(10.,1.,-0.2));
#3938 = VECTOR('',#3939,1.);
#3939 = DIRECTION('',(0.,0.,1.));
#3940 = PCURVE('',#962,#3941);
#3941 = DEFINITIONAL_REPRESENTATION('',(#3942),#3946);
#3942 = LINE('',#3943,#3944);
#3943 = CARTESIAN_POINT('',(0.,-1.));
#3944 = VECTOR('',#3945,1.);
#3945 = DIRECTION('',(1.,0.));
#3946 = ( GEOMETRIC_REPRESENTATION_CONTEXT(2) 
PARAMETRIC_REPRESENTATION_CONTEXT() REPRESENTATION_CONTEXT('2D SPACE',''
  ) );
#3947 = PCURVE('',#936,#3948);
#3948 = DEFINITIONAL_REPRESENTATION('',(#3949),#3953);
#3949 = LINE('',#3950,#3951);
#3950 = CARTESIAN_POINT('',(-0.,-0.707106781187));
#3951 = VECTOR('',#3952,1.);
#3952 = DIRECTION('',(-1.,0.));
#3953 = ( GEOMETRIC_REPRESENTATION_CONTEXT(2) 
PARAMETRIC_REPRESENTATION_CONTEXT() REPRESENTATION_CONTEXT('2D SPACE',''
  ) );
#3954 = ORIENTED_EDGE('',*,*,#1856,.T.);
#3955 = ORIENTED_EDGE('',*,*,#3908,.T.);
#3956 = ORIENTED_EDGE('',*,*,#947,.T.);
#3957 = ADVANCED_FACE('',(#3958),#936,.T.);
#3958 = FACE_BOUND('',#3959,.F.);
#3959 = EDGE_LOOP('',(#3960,#3961,#3962,#3963));
#3960 = ORIENTED_EDGE('',*,*,#1877,.T.);
#3961 = ORIENTED_EDGE('',*,*,#3934,.T.);
#3962 = ORIENTED_EDGE('',*,*,#921,.T.);
#3963 = ORIENTED_EDGE('',*,*,#3964,.F.);
#3964 = EDGE_CURVE('',#1878,#896,#3965,.T.);
#3965 = SURFACE_CURVE('',#3966,(#3970,#3977),.PCURVE_S1.);
#3966 = LINE('',#3967,#3968);
#3967 = CARTESIAN_POINT('',(9.,0.,-0.2));
#3968 = VECTOR('',#3969,1.);
#3969 = DIRECTION('',(0.,0.,1.));
#3970 = PCURVE('',#936,#3971);
#3971 = DEFINITIONAL_REPRESENTATION('',(#3972),#3976);
#3972 = LINE('',#3973,#3974);
#3973 = CARTESIAN_POINT('',(-0.,0.707106781187));
#3974 = VECTOR('',#3975,1.);
#3975 = DIRECTION('',(-1.,0.));
#3976 = ( GEOMETRIC_REPRESENTATION_CONTEXT(2) 
PARAMETRIC_REPRESENTATION_CONTEXT() REPRESENTATION_CONTEXT('2D SPACE',''
  ) );
#3977 = PCURVE('',#910,#3978);
#3978 = DEFINITIONAL_REPRESENTATION('',(#3979),#3983);
#3979 = LINE('',#3980,#3981);
#3980 = CARTESIAN_POINT('',(0.,19.));
#3981 = VECTOR('',#3982,1.);
#3982 = DIRECTION('',(1.,0.));
#3983 = ( GEOMETRIC_REPRESENTATION_CONTEXT(2) 
PARAMETRIC_REPRESENTATION_CONTEXT() REPRESENTATION_CONTEXT('2D SPACE',''
  ) );
#3984 = ADVANCED_FACE('',(#3985),#910,.T.);
#3985 = FACE_BOUND('',#3986,.T.);
#3986 = EDGE_LOOP('',(#3987,#3988,#4009,#4010));
#3987 = ORIENTED_EDGE('',*,*,#1898,.T.);
#3988 = ORIENTED_EDGE('',*,*,#3989,.T.);
#3989 = EDGE_CURVE('',#1750,#870,#3990,.T.);
#3990 = SURFACE_CURVE('',#3991,(#3995,#4002),.PCURVE_S1.);
#3991 = LINE('',#3992,#3993);
#3992 = CARTESIAN_POINT('',(-9.,0.,-0.2));
#3993 = VECTOR('',#3994,1.);
#3994 = DIRECTION('',(0.,0.,1.));
#3995 = PCURVE('',#910,#3996);
#3996 = DEFINITIONAL_REPRESENTATION('',(#3997),#4001);
#3997 = LINE('',#3998,#3999);
#3998 = CARTESIAN_POINT('',(0.,1.));
#3999 = VECTOR('',#4000,1.);
#4000 = DIRECTION('',(1.,0.));
#4001 = ( GEOMETRIC_REPRESENTATION_CONTEXT(2) 
PARAMETRIC_REPRESENTATION_CONTEXT() REPRESENTATION_CONTEXT('2D SPACE',''
  ) );
#4002 = PCURVE('',#884,#4003);
#4003 = DEFINITIONAL_REPRESENTATION('',(#4004),#4008);
#4004 = LINE('',#4005,#4006);
#4005 = CARTESIAN_POINT('',(-0.,0.707106781187));
#4006 = VECTOR('',#4007,1.);
#4007 = DIRECTION('',(-1.,0.));
#4008 = ( GEOMETRIC_REPRESENTATION_CONTEXT(2) 
PARAMETRIC_REPRESENTATION_CONTEXT() REPRESENTATION_CONTEXT('2D SPACE',''
  ) );
#4009 = ORIENTED_EDGE('',*,*,#895,.T.);
#4010 = ORIENTED_EDGE('',*,*,#3964,.F.);
#4011 = ADVANCED_FACE('',(#4012),#884,.F.);
#4012 = FACE_BOUND('',#4013,.T.);
#4013 = EDGE_LOOP('',(#4014,#4015,#4036,#4037));
#4014 = ORIENTED_EDGE('',*,*,#1749,.T.);
#4015 = ORIENTED_EDGE('',*,*,#4016,.T.);
#4016 = EDGE_CURVE('',#1752,#844,#4017,.T.);
#4017 = SURFACE_CURVE('',#4018,(#4022,#4029),.PCURVE_S1.);
#4018 = LINE('',#4019,#4020);
#4019 = CARTESIAN_POINT('',(-10.,1.,-0.2));
#4020 = VECTOR('',#4021,1.);
#4021 = DIRECTION('',(0.,0.,1.));
#4022 = PCURVE('',#884,#4023);
#4023 = DEFINITIONAL_REPRESENTATION('',(#4024),#4028);
#4024 = LINE('',#4025,#4026);
#4025 = CARTESIAN_POINT('',(-0.,-0.707106781187));
#4026 = VECTOR('',#4027,1.);
#4027 = DIRECTION('',(-1.,0.));
#4028 = ( GEOMETRIC_REPRESENTATION_CONTEXT(2) 
PARAMETRIC_REPRESENTATION_CONTEXT() REPRESENTATION_CONTEXT('2D SPACE',''
  ) );
#4029 = PCURVE('',#858,#4030);
#4030 = DEFINITIONAL_REPRESENTATION('',(#4031),#4035);
#4031 = LINE('',#4032,#4033);
#4032 = CARTESIAN_POINT('',(0.,-1.));
#4033 = VECTOR('',#4034,1.);
#4034 = DIRECTION('',(1.,0.));
#4035 = ( GEOMETRIC_REPRESENTATION_CONTEXT(2) 
PARAMETRIC_REPRESENTATION_CONTEXT() REPRESENTATION_CONTEXT('2D SPACE',''
  ) );
#4036 = ORIENTED_EDGE('',*,*,#869,.T.);
#4037 = ORIENTED_EDGE('',*,*,#3989,.F.);
#4038 = ADVANCED_FACE('',(#4039),#858,.T.);
#4039 = FACE_BOUND('',#4040,.T.);
#4040 = EDGE_LOOP('',(#4041,#4042,#4043,#4044));
#4041 = ORIENTED_EDGE('',*,*,#4016,.F.);
#4042 = ORIENTED_EDGE('',*,*,#1772,.T.);
#4043 = ORIENTED_EDGE('',*,*,#3834,.T.);
#4044 = ORIENTED_EDGE('',*,*,#843,.T.);
#4045 = ADVANCED_FACE('',(#4046),#1042,.F.);
#4046 = FACE_BOUND('',#4047,.F.);
#4047 = EDGE_LOOP('',(#4048,#4071,#4098,#4099));
#4048 = ORIENTED_EDGE('',*,*,#4049,.T.);
#4049 = EDGE_CURVE('',#1026,#4050,#4052,.T.);
#4050 = VERTEX_POINT('',#4051);
#4051 = CARTESIAN_POINT('',(1.229367061317,-4.,11.2));
#4052 = SEAM_CURVE('',#4053,(#4057,#4064),.PCURVE_S1.);
#4053 = LINE('',#4054,#4055);
#4054 = CARTESIAN_POINT('',(1.229367061317,-4.,19.2));
#4055 = VECTOR('',#4056,1.);
#4056 = DIRECTION('',(0.,-1.224646799147E-16,-1.));
#4057 = PCURVE('',#1042,#4058);
#4058 = DEFINITIONAL_REPRESENTATION('',(#4059),#4063);
#4059 = LINE('',#4060,#4061);
#4060 = CARTESIAN_POINT('',(6.28318530718,-0.));
#4061 = VECTOR('',#4062,1.);
#4062 = DIRECTION('',(0.,1.));
#4063 = ( GEOMETRIC_REPRESENTATION_CONTEXT(2) 
PARAMETRIC_REPRESENTATION_CONTEXT() REPRESENTATION_CONTEXT('2D SPACE',''
  ) );
#4064 = PCURVE('',#1042,#4065);
#4065 = DEFINITIONAL_REPRESENTATION('',(#4066),#4070);
#4066 = LINE('',#4067,#4068);
#4067 = CARTESIAN_POINT('',(0.,-0.));
#4068 = VECTOR('',#4069,1.);
#4069 = DIRECTION('',(0.,1.));
#4070 = ( GEOMETRIC_REPRESENTATION_CONTEXT(2) 
PARAMETRIC_REPRESENTATION_CONTEXT() REPRESENTATION_CONTEXT('2D SPACE',''
  ) );
#4071 = ORIENTED_EDGE('',*,*,#4072,.F.);
#4072 = EDGE_CURVE('',#4050,#4050,#4073,.T.);
#4073 = SURFACE_CURVE('',#4074,(#4079,#4086),.PCURVE_S1.);
#4074 = CIRCLE('',#4075,1.229367061317);
#4075 = AXIS2_PLACEMENT_3D('',#4076,#4077,#4078);
#4076 = CARTESIAN_POINT('',(0.,-4.,11.2));
#4077 = DIRECTION('',(0.,-1.224646799147E-16,-1.));
#4078 = DIRECTION('',(1.,0.,0.));
#4079 = PCURVE('',#1042,#4080);
#4080 = DEFINITIONAL_REPRESENTATION('',(#4081),#4085);
#4081 = LINE('',#4082,#4083);
#4082 = CARTESIAN_POINT('',(0.,8.));
#4083 = VECTOR('',#4084,1.);
#4084 = DIRECTION('',(1.,0.));
#4085 = ( GEOMETRIC_REPRESENTATION_CONTEXT(2) 
PARAMETRIC_REPRESENTATION_CONTEXT() REPRESENTATION_CONTEXT('2D SPACE',''
  ) );
#4086 = PCURVE('',#4087,#4092);
#4087 = PLANE('',#4088);
#4088 = AXIS2_PLACEMENT_3D('',#4089,#4090,#4091);
#4089 = CARTESIAN_POINT('',(0.,-4.,11.2));
#4090 = DIRECTION('',(0.,-1.224646799147E-16,-1.));
#4091 = DIRECTION('',(1.,0.,0.));
#4092 = DEFINITIONAL_REPRESENTATION('',(#4093),#4097);
#4093 = CIRCLE('',#4094,1.229367061317);
#4094 = AXIS2_PLACEMENT_2D('',#4095,#4096);
#4095 = CARTESIAN_POINT('',(0.,0.));
#4096 = DIRECTION('',(1.,-0.));
#4097 = ( GEOMETRIC_REPRESENTATION_CONTEXT(2) 
PARAMETRIC_REPRESENTATION_CONTEXT() REPRESENTATION_CONTEXT('2D SPACE',''
  ) );
#4098 = ORIENTED_EDGE('',*,*,#4049,.F.);
#4099 = ORIENTED_EDGE('',*,*,#1025,.T.);
#4100 = ADVANCED_FACE('',(#4101),#1073,.F.);
#4101 = FACE_BOUND('',#4102,.F.);
#4102 = EDGE_LOOP('',(#4103,#4126,#4153,#4154));
#4103 = ORIENTED_EDGE('',*,*,#4104,.T.);
#4104 = EDGE_CURVE('',#1057,#4105,#4107,.T.);
#4105 = VERTEX_POINT('',#4106);
#4106 = CARTESIAN_POINT('',(-8.770632938683,-4.,11.2));
#4107 = SEAM_CURVE('',#4108,(#4112,#4119),.PCURVE_S1.);
#4108 = LINE('',#4109,#4110);
#4109 = CARTESIAN_POINT('',(-8.770632938683,-4.,19.2));
#4110 = VECTOR('',#4111,1.);
#4111 = DIRECTION('',(0.,-1.224646799147E-16,-1.));
#4112 = PCURVE('',#1073,#4113);
#4113 = DEFINITIONAL_REPRESENTATION('',(#4114),#4118);
#4114 = LINE('',#4115,#4116);
#4115 = CARTESIAN_POINT('',(6.28318530718,-0.));
#4116 = VECTOR('',#4117,1.);
#4117 = DIRECTION('',(0.,1.));
#4118 = ( GEOMETRIC_REPRESENTATION_CONTEXT(2) 
PARAMETRIC_REPRESENTATION_CONTEXT() REPRESENTATION_CONTEXT('2D SPACE',''
  ) );
#4119 = PCURVE('',#1073,#4120);
#4120 = DEFINITIONAL_REPRESENTATION('',(#4121),#4125);
#4121 = LINE('',#4122,#4123);
#4122 = CARTESIAN_POINT('',(0.,-0.));
#4123 = VECTOR('',#4124,1.);
#4124 = DIRECTION('',(0.,1.));
#4125 = ( GEOMETRIC_REPRESENTATION_CONTEXT(2) 
PARAMETRIC_REPRESENTATION_CONTEXT() REPRESENTATION_CONTEXT('2D SPACE',''
  ) );
#4126 = ORIENTED_EDGE('',*,*,#4127,.F.);
#4127 = EDGE_CURVE('',#4105,#4105,#4128,.T.);
#4128 = SURFACE_CURVE('',#4129,(#4134,#4141),.PCURVE_S1.);
#4129 = CIRCLE('',#4130,1.229367061317);
#4130 = AXIS2_PLACEMENT_3D('',#4131,#4132,#4133);
#4131 = CARTESIAN_POINT('',(-10.,-4.,11.2));
#4132 = DIRECTION('',(0.,-1.224646799147E-16,-1.));
#4133 = DIRECTION('',(1.,0.,0.));
#4134 = PCURVE('',#1073,#4135);
#4135 = DEFINITIONAL_REPRESENTATION('',(#4136),#4140);
#4136 = LINE('',#4137,#4138);
#4137 = CARTESIAN_POINT('',(0.,8.));
#4138 = VECTOR('',#4139,1.);
#4139 = DIRECTION('',(1.,0.));
#4140 = ( GEOMETRIC_REPRESENTATION_CONTEXT(2) 
PARAMETRIC_REPRESENTATION_CONTEXT() REPRESENTATION_CONTEXT('2D SPACE',''
  ) );
#4141 = PCURVE('',#4142,#4147);
#4142 = PLANE('',#4143);
#4143 = AXIS2_PLACEMENT_3D('',#4144,#4145,#4146);
#4144 = CARTESIAN_POINT('',(-10.,-4.,11.2));
#4145 = DIRECTION('',(0.,-1.224646799147E-16,-1.));
#4146 = DIRECTION('',(1.,0.,0.));
#4147 = DEFINITIONAL_REPRESENTATION('',(#4148),#4152);
#4148 = CIRCLE('',#4149,1.229367061317);
#4149 = AXIS2_PLACEMENT_2D('',#4150,#4151);
#4150 = CARTESIAN_POINT('',(0.,0.));
#4151 = DIRECTION('',(1.,-0.));
#4152 = ( GEOMETRIC_REPRESENTATION_CONTEXT(2) 
PARAMETRIC_REPRESENTATION_CONTEXT() REPRESENTATION_CONTEXT('2D SPACE',''
  ) );
#4153 = ORIENTED_EDGE('',*,*,#4104,.F.);
#4154 = ORIENTED_EDGE('',*,*,#1056,.T.);
#4155 = ADVANCED_FACE('',(#4156),#1203,.T.);
#4156 = FACE_BOUND('',#4157,.T.);
#4157 = EDGE_LOOP('',(#4158,#4181,#4209,#4230));
#4158 = ORIENTED_EDGE('',*,*,#4159,.T.);
#4159 = EDGE_CURVE('',#1186,#4160,#4162,.T.);
#4160 = VERTEX_POINT('',#4161);
#4161 = CARTESIAN_POINT('',(-12.5,19.6,-1.076660417783));
#4162 = SURFACE_CURVE('',#4163,(#4167,#4174),.PCURVE_S1.);
#4163 = LINE('',#4164,#4165);
#4164 = CARTESIAN_POINT('',(-12.5,20.,-1.076660417783));
#4165 = VECTOR('',#4166,1.);
#4166 = DIRECTION('',(0.,-1.,0.));
#4167 = PCURVE('',#1203,#4168);
#4168 = DEFINITIONAL_REPRESENTATION('',(#4169),#4173);
#4169 = LINE('',#4170,#4171);
#4170 = CARTESIAN_POINT('',(0.,0.));
#4171 = VECTOR('',#4172,1.);
#4172 = DIRECTION('',(0.,-1.));
#4173 = ( GEOMETRIC_REPRESENTATION_CONTEXT(2) 
PARAMETRIC_REPRESENTATION_CONTEXT() REPRESENTATION_CONTEXT('2D SPACE',''
  ) );
#4174 = PCURVE('',#1231,#4175);
#4175 = DEFINITIONAL_REPRESENTATION('',(#4176),#4180);
#4176 = LINE('',#4177,#4178);
#4177 = CARTESIAN_POINT('',(0.,0.));
#4178 = VECTOR('',#4179,1.);
#4179 = DIRECTION('',(0.,-1.));
#4180 = ( GEOMETRIC_REPRESENTATION_CONTEXT(2) 
PARAMETRIC_REPRESENTATION_CONTEXT() REPRESENTATION_CONTEXT('2D SPACE',''
  ) );
#4181 = ORIENTED_EDGE('',*,*,#4182,.T.);
#4182 = EDGE_CURVE('',#4160,#4183,#4185,.T.);
#4183 = VERTEX_POINT('',#4184);
#4184 = CARTESIAN_POINT('',(-12.5,19.6,-10.32666041778));
#4185 = SURFACE_CURVE('',#4186,(#4190,#4197),.PCURVE_S1.);
#4186 = LINE('',#4187,#4188);
#4187 = CARTESIAN_POINT('',(-12.5,19.6,-5.701660417783));
#4188 = VECTOR('',#4189,1.);
#4189 = DIRECTION('',(0.,0.,-1.));
#4190 = PCURVE('',#1203,#4191);
#4191 = DEFINITIONAL_REPRESENTATION('',(#4192),#4196);
#4192 = LINE('',#4193,#4194);
#4193 = CARTESIAN_POINT('',(4.625,-0.4));
#4194 = VECTOR('',#4195,1.);
#4195 = DIRECTION('',(1.,0.));
#4196 = ( GEOMETRIC_REPRESENTATION_CONTEXT(2) 
PARAMETRIC_REPRESENTATION_CONTEXT() REPRESENTATION_CONTEXT('2D SPACE',''
  ) );
#4197 = PCURVE('',#4198,#4203);
#4198 = PLANE('',#4199);
#4199 = AXIS2_PLACEMENT_3D('',#4200,#4201,#4202);
#4200 = CARTESIAN_POINT('',(4.302931872623E-16,19.6,-5.701660417783));
#4201 = DIRECTION('',(0.,1.,0.));
#4202 = DIRECTION('',(1.,0.,0.));
#4203 = DEFINITIONAL_REPRESENTATION('',(#4204),#4208);
#4204 = LINE('',#4205,#4206);
#4205 = CARTESIAN_POINT('',(-12.5,0.));
#4206 = VECTOR('',#4207,1.);
#4207 = DIRECTION('',(0.,1.));
#4208 = ( GEOMETRIC_REPRESENTATION_CONTEXT(2) 
PARAMETRIC_REPRESENTATION_CONTEXT() REPRESENTATION_CONTEXT('2D SPACE',''
  ) );
#4209 = ORIENTED_EDGE('',*,*,#4210,.F.);
#4210 = EDGE_CURVE('',#1188,#4183,#4211,.T.);
#4211 = SURFACE_CURVE('',#4212,(#4216,#4223),.PCURVE_S1.);
#4212 = LINE('',#4213,#4214);
#4213 = CARTESIAN_POINT('',(-12.5,20.,-10.32666041778));
#4214 = VECTOR('',#4215,1.);
#4215 = DIRECTION('',(0.,-1.,0.));
#4216 = PCURVE('',#1203,#4217);
#4217 = DEFINITIONAL_REPRESENTATION('',(#4218),#4222);
#4218 = LINE('',#4219,#4220);
#4219 = CARTESIAN_POINT('',(9.25,0.));
#4220 = VECTOR('',#4221,1.);
#4221 = DIRECTION('',(0.,-1.));
#4222 = ( GEOMETRIC_REPRESENTATION_CONTEXT(2) 
PARAMETRIC_REPRESENTATION_CONTEXT() REPRESENTATION_CONTEXT('2D SPACE',''
  ) );
#4223 = PCURVE('',#1285,#4224);
#4224 = DEFINITIONAL_REPRESENTATION('',(#4225),#4229);
#4225 = LINE('',#4226,#4227);
#4226 = CARTESIAN_POINT('',(0.,0.));
#4227 = VECTOR('',#4228,1.);
#4228 = DIRECTION('',(0.,-1.));
#4229 = ( GEOMETRIC_REPRESENTATION_CONTEXT(2) 
PARAMETRIC_REPRESENTATION_CONTEXT() REPRESENTATION_CONTEXT('2D SPACE',''
  ) );
#4230 = ORIENTED_EDGE('',*,*,#1185,.F.);
#4231 = ADVANCED_FACE('',(#4232),#1285,.T.);
#4232 = FACE_BOUND('',#4233,.T.);
#4233 = EDGE_LOOP('',(#4234,#4235,#4258,#4279));
#4234 = ORIENTED_EDGE('',*,*,#4210,.T.);
#4235 = ORIENTED_EDGE('',*,*,#4236,.T.);
#4236 = EDGE_CURVE('',#4183,#4237,#4239,.T.);
#4237 = VERTEX_POINT('',#4238);
#4238 = CARTESIAN_POINT('',(12.5,19.6,-10.32666041778));
#4239 = SURFACE_CURVE('',#4240,(#4244,#4251),.PCURVE_S1.);
#4240 = LINE('',#4241,#4242);
#4241 = CARTESIAN_POINT('',(4.302931872623E-16,19.6,-10.32666041778));
#4242 = VECTOR('',#4243,1.);
#4243 = DIRECTION('',(1.,0.,0.));
#4244 = PCURVE('',#1285,#4245);
#4245 = DEFINITIONAL_REPRESENTATION('',(#4246),#4250);
#4246 = LINE('',#4247,#4248);
#4247 = CARTESIAN_POINT('',(12.5,-0.4));
#4248 = VECTOR('',#4249,1.);
#4249 = DIRECTION('',(1.,0.));
#4250 = ( GEOMETRIC_REPRESENTATION_CONTEXT(2) 
PARAMETRIC_REPRESENTATION_CONTEXT() REPRESENTATION_CONTEXT('2D SPACE',''
  ) );
#4251 = PCURVE('',#4198,#4252);
#4252 = DEFINITIONAL_REPRESENTATION('',(#4253),#4257);
#4253 = LINE('',#4254,#4255);
#4254 = CARTESIAN_POINT('',(0.,4.625));
#4255 = VECTOR('',#4256,1.);
#4256 = DIRECTION('',(1.,0.));
#4257 = ( GEOMETRIC_REPRESENTATION_CONTEXT(2) 
PARAMETRIC_REPRESENTATION_CONTEXT() REPRESENTATION_CONTEXT('2D SPACE',''
  ) );
#4258 = ORIENTED_EDGE('',*,*,#4259,.F.);
#4259 = EDGE_CURVE('',#1244,#4237,#4260,.T.);
#4260 = SURFACE_CURVE('',#4261,(#4265,#4272),.PCURVE_S1.);
#4261 = LINE('',#4262,#4263);
#4262 = CARTESIAN_POINT('',(12.5,20.,-10.32666041778));
#4263 = VECTOR('',#4264,1.);
#4264 = DIRECTION('',(0.,-1.,0.));
#4265 = PCURVE('',#1285,#4266);
#4266 = DEFINITIONAL_REPRESENTATION('',(#4267),#4271);
#4267 = LINE('',#4268,#4269);
#4268 = CARTESIAN_POINT('',(25.,0.));
#4269 = VECTOR('',#4270,1.);
#4270 = DIRECTION('',(0.,-1.));
#4271 = ( GEOMETRIC_REPRESENTATION_CONTEXT(2) 
PARAMETRIC_REPRESENTATION_CONTEXT() REPRESENTATION_CONTEXT('2D SPACE',''
  ) );
#4272 = PCURVE('',#1259,#4273);
#4273 = DEFINITIONAL_REPRESENTATION('',(#4274),#4278);
#4274 = LINE('',#4275,#4276);
#4275 = CARTESIAN_POINT('',(9.25,0.));
#4276 = VECTOR('',#4277,1.);
#4277 = DIRECTION('',(0.,-1.));
#4278 = ( GEOMETRIC_REPRESENTATION_CONTEXT(2) 
PARAMETRIC_REPRESENTATION_CONTEXT() REPRESENTATION_CONTEXT('2D SPACE',''
  ) );
#4279 = ORIENTED_EDGE('',*,*,#1271,.F.);
#4280 = ADVANCED_FACE('',(#4281),#1259,.F.);
#4281 = FACE_BOUND('',#4282,.F.);
#4282 = EDGE_LOOP('',(#4283,#4306,#4327,#4328));
#4283 = ORIENTED_EDGE('',*,*,#4284,.T.);
#4284 = EDGE_CURVE('',#1216,#4285,#4287,.T.);
#4285 = VERTEX_POINT('',#4286);
#4286 = CARTESIAN_POINT('',(12.5,19.6,-1.076660417783));
#4287 = SURFACE_CURVE('',#4288,(#4292,#4299),.PCURVE_S1.);
#4288 = LINE('',#4289,#4290);
#4289 = CARTESIAN_POINT('',(12.5,20.,-1.076660417783));
#4290 = VECTOR('',#4291,1.);
#4291 = DIRECTION('',(0.,-1.,0.));
#4292 = PCURVE('',#1259,#4293);
#4293 = DEFINITIONAL_REPRESENTATION('',(#4294),#4298);
#4294 = LINE('',#4295,#4296);
#4295 = CARTESIAN_POINT('',(0.,0.));
#4296 = VECTOR('',#4297,1.);
#4297 = DIRECTION('',(0.,-1.));
#4298 = ( GEOMETRIC_REPRESENTATION_CONTEXT(2) 
PARAMETRIC_REPRESENTATION_CONTEXT() REPRESENTATION_CONTEXT('2D SPACE',''
  ) );
#4299 = PCURVE('',#1231,#4300);
#4300 = DEFINITIONAL_REPRESENTATION('',(#4301),#4305);
#4301 = LINE('',#4302,#4303);
#4302 = CARTESIAN_POINT('',(25.,0.));
#4303 = VECTOR('',#4304,1.);
#4304 = DIRECTION('',(0.,-1.));
#4305 = ( GEOMETRIC_REPRESENTATION_CONTEXT(2) 
PARAMETRIC_REPRESENTATION_CONTEXT() REPRESENTATION_CONTEXT('2D SPACE',''
  ) );
#4306 = ORIENTED_EDGE('',*,*,#4307,.T.);
#4307 = EDGE_CURVE('',#4285,#4237,#4308,.T.);
#4308 = SURFACE_CURVE('',#4309,(#4313,#4320),.PCURVE_S1.);
#4309 = LINE('',#4310,#4311);
#4310 = CARTESIAN_POINT('',(12.5,19.6,-5.701660417783));
#4311 = VECTOR('',#4312,1.);
#4312 = DIRECTION('',(0.,0.,-1.));
#4313 = PCURVE('',#1259,#4314);
#4314 = DEFINITIONAL_REPRESENTATION('',(#4315),#4319);
#4315 = LINE('',#4316,#4317);
#4316 = CARTESIAN_POINT('',(4.625,-0.4));
#4317 = VECTOR('',#4318,1.);
#4318 = DIRECTION('',(1.,0.));
#4319 = ( GEOMETRIC_REPRESENTATION_CONTEXT(2) 
PARAMETRIC_REPRESENTATION_CONTEXT() REPRESENTATION_CONTEXT('2D SPACE',''
  ) );
#4320 = PCURVE('',#4198,#4321);
#4321 = DEFINITIONAL_REPRESENTATION('',(#4322),#4326);
#4322 = LINE('',#4323,#4324);
#4323 = CARTESIAN_POINT('',(12.5,0.));
#4324 = VECTOR('',#4325,1.);
#4325 = DIRECTION('',(0.,1.));
#4326 = ( GEOMETRIC_REPRESENTATION_CONTEXT(2) 
PARAMETRIC_REPRESENTATION_CONTEXT() REPRESENTATION_CONTEXT('2D SPACE',''
  ) );
#4327 = ORIENTED_EDGE('',*,*,#4259,.F.);
#4328 = ORIENTED_EDGE('',*,*,#1243,.F.);
#4329 = ADVANCED_FACE('',(#4330),#1231,.F.);
#4330 = FACE_BOUND('',#4331,.F.);
#4331 = EDGE_LOOP('',(#4332,#4333,#4354,#4355));
#4332 = ORIENTED_EDGE('',*,*,#4159,.T.);
#4333 = ORIENTED_EDGE('',*,*,#4334,.T.);
#4334 = EDGE_CURVE('',#4160,#4285,#4335,.T.);
#4335 = SURFACE_CURVE('',#4336,(#4340,#4347),.PCURVE_S1.);
#4336 = LINE('',#4337,#4338);
#4337 = CARTESIAN_POINT('',(4.302931872623E-16,19.6,-1.076660417783));
#4338 = VECTOR('',#4339,1.);
#4339 = DIRECTION('',(1.,0.,0.));
#4340 = PCURVE('',#1231,#4341);
#4341 = DEFINITIONAL_REPRESENTATION('',(#4342),#4346);
#4342 = LINE('',#4343,#4344);
#4343 = CARTESIAN_POINT('',(12.5,-0.4));
#4344 = VECTOR('',#4345,1.);
#4345 = DIRECTION('',(1.,0.));
#4346 = ( GEOMETRIC_REPRESENTATION_CONTEXT(2) 
PARAMETRIC_REPRESENTATION_CONTEXT() REPRESENTATION_CONTEXT('2D SPACE',''
  ) );
#4347 = PCURVE('',#4198,#4348);
#4348 = DEFINITIONAL_REPRESENTATION('',(#4349),#4353);
#4349 = LINE('',#4350,#4351);
#4350 = CARTESIAN_POINT('',(0.,-4.625));
#4351 = VECTOR('',#4352,1.);
#4352 = DIRECTION('',(1.,0.));
#4353 = ( GEOMETRIC_REPRESENTATION_CONTEXT(2) 
PARAMETRIC_REPRESENTATION_CONTEXT() REPRESENTATION_CONTEXT('2D SPACE',''
  ) );
#4354 = ORIENTED_EDGE('',*,*,#4284,.F.);
#4355 = ORIENTED_EDGE('',*,*,#1215,.F.);
#4356 = ADVANCED_FACE('',(#4357),#1384,.F.);
#4357 = FACE_BOUND('',#4358,.F.);
#4358 = EDGE_LOOP('',(#4359,#4360,#4379,#4380));
#4359 = ORIENTED_EDGE('',*,*,#1611,.F.);
#4360 = ORIENTED_EDGE('',*,*,#4361,.T.);
#4361 = EDGE_CURVE('',#1584,#2720,#4362,.T.);
#4362 = SURFACE_CURVE('',#4363,(#4367,#4373),.PCURVE_S1.);
#4363 = LINE('',#4364,#4365);
#4364 = CARTESIAN_POINT('',(12.2,13.,5.));
#4365 = VECTOR('',#4366,1.);
#4366 = DIRECTION('',(0.,0.,-1.));
#4367 = PCURVE('',#1384,#4368);
#4368 = DEFINITIONAL_REPRESENTATION('',(#4369),#4372);
#4369 = B_SPLINE_CURVE_WITH_KNOTS('',1,(#4370,#4371),.UNSPECIFIED.,.F.,
  .F.,(2,2),(-5.2,5.2),.PIECEWISE_BEZIER_KNOTS.);
#4370 = CARTESIAN_POINT('',(10.4,-14.));
#4371 = CARTESIAN_POINT('',(8.881784197001E-16,-14.));
#4372 = ( GEOMETRIC_REPRESENTATION_CONTEXT(2) 
PARAMETRIC_REPRESENTATION_CONTEXT() REPRESENTATION_CONTEXT('2D SPACE',''
  ) );
#4373 = PCURVE('',#1599,#4374);
#4374 = DEFINITIONAL_REPRESENTATION('',(#4375),#4378);
#4375 = B_SPLINE_CURVE_WITH_KNOTS('',1,(#4376,#4377),.UNSPECIFIED.,.F.,
  .F.,(2,2),(-5.2,5.2),.PIECEWISE_BEZIER_KNOTS.);
#4376 = CARTESIAN_POINT('',(0.,-28.2));
#4377 = CARTESIAN_POINT('',(10.4,-28.2));
#4378 = ( GEOMETRIC_REPRESENTATION_CONTEXT(2) 
PARAMETRIC_REPRESENTATION_CONTEXT() REPRESENTATION_CONTEXT('2D SPACE',''
  ) );
#4379 = ORIENTED_EDGE('',*,*,#2719,.T.);
#4380 = ORIENTED_EDGE('',*,*,#1371,.T.);
#4381 = ADVANCED_FACE('',(#4382),#1338,.T.);
#4382 = FACE_BOUND('',#4383,.T.);
#4383 = EDGE_LOOP('',(#4384,#4385,#4386,#4387));
#4384 = ORIENTED_EDGE('',*,*,#1633,.F.);
#4385 = ORIENTED_EDGE('',*,*,#2292,.T.);
#4386 = ORIENTED_EDGE('',*,*,#2697,.T.);
#4387 = ORIENTED_EDGE('',*,*,#1323,.T.);
#4388 = ADVANCED_FACE('',(#4389),#1415,.T.);
#4389 = FACE_BOUND('',#4390,.T.);
#4390 = EDGE_LOOP('',(#4391,#4414,#4442,#4463));
#4391 = ORIENTED_EDGE('',*,*,#4392,.T.);
#4392 = EDGE_CURVE('',#1398,#4393,#4395,.T.);
#4393 = VERTEX_POINT('',#4394);
#4394 = CARTESIAN_POINT('',(-12.5,19.6,14.423339582217));
#4395 = SURFACE_CURVE('',#4396,(#4400,#4407),.PCURVE_S1.);
#4396 = LINE('',#4397,#4398);
#4397 = CARTESIAN_POINT('',(-12.5,20.,14.423339582217));
#4398 = VECTOR('',#4399,1.);
#4399 = DIRECTION('',(0.,-1.,0.));
#4400 = PCURVE('',#1415,#4401);
#4401 = DEFINITIONAL_REPRESENTATION('',(#4402),#4406);
#4402 = LINE('',#4403,#4404);
#4403 = CARTESIAN_POINT('',(0.,0.));
#4404 = VECTOR('',#4405,1.);
#4405 = DIRECTION('',(0.,-1.));
#4406 = ( GEOMETRIC_REPRESENTATION_CONTEXT(2) 
PARAMETRIC_REPRESENTATION_CONTEXT() REPRESENTATION_CONTEXT('2D SPACE',''
  ) );
#4407 = PCURVE('',#1443,#4408);
#4408 = DEFINITIONAL_REPRESENTATION('',(#4409),#4413);
#4409 = LINE('',#4410,#4411);
#4410 = CARTESIAN_POINT('',(0.,0.));
#4411 = VECTOR('',#4412,1.);
#4412 = DIRECTION('',(0.,-1.));
#4413 = ( GEOMETRIC_REPRESENTATION_CONTEXT(2) 
PARAMETRIC_REPRESENTATION_CONTEXT() REPRESENTATION_CONTEXT('2D SPACE',''
  ) );
#4414 = ORIENTED_EDGE('',*,*,#4415,.T.);
#4415 = EDGE_CURVE('',#4393,#4416,#4418,.T.);
#4416 = VERTEX_POINT('',#4417);
#4417 = CARTESIAN_POINT('',(-12.5,19.6,11.173339582217));
#4418 = SURFACE_CURVE('',#4419,(#4423,#4430),.PCURVE_S1.);
#4419 = LINE('',#4420,#4421);
#4420 = CARTESIAN_POINT('',(-12.5,19.6,12.798339582217));
#4421 = VECTOR('',#4422,1.);
#4422 = DIRECTION('',(0.,0.,-1.));
#4423 = PCURVE('',#1415,#4424);
#4424 = DEFINITIONAL_REPRESENTATION('',(#4425),#4429);
#4425 = LINE('',#4426,#4427);
#4426 = CARTESIAN_POINT('',(1.625,-0.4));
#4427 = VECTOR('',#4428,1.);
#4428 = DIRECTION('',(1.,0.));
#4429 = ( GEOMETRIC_REPRESENTATION_CONTEXT(2) 
PARAMETRIC_REPRESENTATION_CONTEXT() REPRESENTATION_CONTEXT('2D SPACE',''
  ) );
#4430 = PCURVE('',#4431,#4436);
#4431 = PLANE('',#4432);
#4432 = AXIS2_PLACEMENT_3D('',#4433,#4434,#4435);
#4433 = CARTESIAN_POINT('',(4.302931872623E-16,19.6,12.798339582217));
#4434 = DIRECTION('',(0.,1.,0.));
#4435 = DIRECTION('',(1.,0.,0.));
#4436 = DEFINITIONAL_REPRESENTATION('',(#4437),#4441);
#4437 = LINE('',#4438,#4439);
#4438 = CARTESIAN_POINT('',(-12.5,0.));
#4439 = VECTOR('',#4440,1.);
#4440 = DIRECTION('',(0.,1.));
#4441 = ( GEOMETRIC_REPRESENTATION_CONTEXT(2) 
PARAMETRIC_REPRESENTATION_CONTEXT() REPRESENTATION_CONTEXT('2D SPACE',''
  ) );
#4442 = ORIENTED_EDGE('',*,*,#4443,.F.);
#4443 = EDGE_CURVE('',#1400,#4416,#4444,.T.);
#4444 = SURFACE_CURVE('',#4445,(#4449,#4456),.PCURVE_S1.);
#4445 = LINE('',#4446,#4447);
#4446 = CARTESIAN_POINT('',(-12.5,20.,11.173339582217));
#4447 = VECTOR('',#4448,1.);
#4448 = DIRECTION('',(0.,-1.,0.));
#4449 = PCURVE('',#1415,#4450);
#4450 = DEFINITIONAL_REPRESENTATION('',(#4451),#4455);
#4451 = LINE('',#4452,#4453);
#4452 = CARTESIAN_POINT('',(3.25,0.));
#4453 = VECTOR('',#4454,1.);
#4454 = DIRECTION('',(0.,-1.));
#4455 = ( GEOMETRIC_REPRESENTATION_CONTEXT(2) 
PARAMETRIC_REPRESENTATION_CONTEXT() REPRESENTATION_CONTEXT('2D SPACE',''
  ) );
#4456 = PCURVE('',#1497,#4457);
#4457 = DEFINITIONAL_REPRESENTATION('',(#4458),#4462);
#4458 = LINE('',#4459,#4460);
#4459 = CARTESIAN_POINT('',(0.,0.));
#4460 = VECTOR('',#4461,1.);
#4461 = DIRECTION('',(0.,-1.));
#4462 = ( GEOMETRIC_REPRESENTATION_CONTEXT(2) 
PARAMETRIC_REPRESENTATION_CONTEXT() REPRESENTATION_CONTEXT('2D SPACE',''
  ) );
#4463 = ORIENTED_EDGE('',*,*,#1397,.F.);
#4464 = ADVANCED_FACE('',(#4465),#1497,.T.);
#4465 = FACE_BOUND('',#4466,.T.);
#4466 = EDGE_LOOP('',(#4467,#4468,#4491,#4512));
#4467 = ORIENTED_EDGE('',*,*,#4443,.T.);
#4468 = ORIENTED_EDGE('',*,*,#4469,.T.);
#4469 = EDGE_CURVE('',#4416,#4470,#4472,.T.);
#4470 = VERTEX_POINT('',#4471);
#4471 = CARTESIAN_POINT('',(12.5,19.6,11.173339582217));
#4472 = SURFACE_CURVE('',#4473,(#4477,#4484),.PCURVE_S1.);
#4473 = LINE('',#4474,#4475);
#4474 = CARTESIAN_POINT('',(4.302931872623E-16,19.6,11.173339582217));
#4475 = VECTOR('',#4476,1.);
#4476 = DIRECTION('',(1.,0.,0.));
#4477 = PCURVE('',#1497,#4478);
#4478 = DEFINITIONAL_REPRESENTATION('',(#4479),#4483);
#4479 = LINE('',#4480,#4481);
#4480 = CARTESIAN_POINT('',(12.5,-0.4));
#4481 = VECTOR('',#4482,1.);
#4482 = DIRECTION('',(1.,0.));
#4483 = ( GEOMETRIC_REPRESENTATION_CONTEXT(2) 
PARAMETRIC_REPRESENTATION_CONTEXT() REPRESENTATION_CONTEXT('2D SPACE',''
  ) );
#4484 = PCURVE('',#4431,#4485);
#4485 = DEFINITIONAL_REPRESENTATION('',(#4486),#4490);
#4486 = LINE('',#4487,#4488);
#4487 = CARTESIAN_POINT('',(0.,1.625));
#4488 = VECTOR('',#4489,1.);
#4489 = DIRECTION('',(1.,0.));
#4490 = ( GEOMETRIC_REPRESENTATION_CONTEXT(2) 
PARAMETRIC_REPRESENTATION_CONTEXT() REPRESENTATION_CONTEXT('2D SPACE',''
  ) );
#4491 = ORIENTED_EDGE('',*,*,#4492,.F.);
#4492 = EDGE_CURVE('',#1456,#4470,#4493,.T.);
#4493 = SURFACE_CURVE('',#4494,(#4498,#4505),.PCURVE_S1.);
#4494 = LINE('',#4495,#4496);
#4495 = CARTESIAN_POINT('',(12.5,20.,11.173339582217));
#4496 = VECTOR('',#4497,1.);
#4497 = DIRECTION('',(0.,-1.,0.));
#4498 = PCURVE('',#1497,#4499);
#4499 = DEFINITIONAL_REPRESENTATION('',(#4500),#4504);
#4500 = LINE('',#4501,#4502);
#4501 = CARTESIAN_POINT('',(25.,0.));
#4502 = VECTOR('',#4503,1.);
#4503 = DIRECTION('',(0.,-1.));
#4504 = ( GEOMETRIC_REPRESENTATION_CONTEXT(2) 
PARAMETRIC_REPRESENTATION_CONTEXT() REPRESENTATION_CONTEXT('2D SPACE',''
  ) );
#4505 = PCURVE('',#1471,#4506);
#4506 = DEFINITIONAL_REPRESENTATION('',(#4507),#4511);
#4507 = LINE('',#4508,#4509);
#4508 = CARTESIAN_POINT('',(3.25,0.));
#4509 = VECTOR('',#4510,1.);
#4510 = DIRECTION('',(0.,-1.));
#4511 = ( GEOMETRIC_REPRESENTATION_CONTEXT(2) 
PARAMETRIC_REPRESENTATION_CONTEXT() REPRESENTATION_CONTEXT('2D SPACE',''
  ) );
#4512 = ORIENTED_EDGE('',*,*,#1483,.F.);
#4513 = ADVANCED_FACE('',(#4514),#1471,.F.);
#4514 = FACE_BOUND('',#4515,.F.);
#4515 = EDGE_LOOP('',(#4516,#4539,#4560,#4561));
#4516 = ORIENTED_EDGE('',*,*,#4517,.T.);
#4517 = EDGE_CURVE('',#1428,#4518,#4520,.T.);
#4518 = VERTEX_POINT('',#4519);
#4519 = CARTESIAN_POINT('',(12.5,19.6,14.423339582217));
#4520 = SURFACE_CURVE('',#4521,(#4525,#4532),.PCURVE_S1.);
#4521 = LINE('',#4522,#4523);
#4522 = CARTESIAN_POINT('',(12.5,20.,14.423339582217));
#4523 = VECTOR('',#4524,1.);
#4524 = DIRECTION('',(0.,-1.,0.));
#4525 = PCURVE('',#1471,#4526);
#4526 = DEFINITIONAL_REPRESENTATION('',(#4527),#4531);
#4527 = LINE('',#4528,#4529);
#4528 = CARTESIAN_POINT('',(0.,0.));
#4529 = VECTOR('',#4530,1.);
#4530 = DIRECTION('',(0.,-1.));
#4531 = ( GEOMETRIC_REPRESENTATION_CONTEXT(2) 
PARAMETRIC_REPRESENTATION_CONTEXT() REPRESENTATION_CONTEXT('2D SPACE',''
  ) );
#4532 = PCURVE('',#1443,#4533);
#4533 = DEFINITIONAL_REPRESENTATION('',(#4534),#4538);
#4534 = LINE('',#4535,#4536);
#4535 = CARTESIAN_POINT('',(25.,0.));
#4536 = VECTOR('',#4537,1.);
#4537 = DIRECTION('',(0.,-1.));
#4538 = ( GEOMETRIC_REPRESENTATION_CONTEXT(2) 
PARAMETRIC_REPRESENTATION_CONTEXT() REPRESENTATION_CONTEXT('2D SPACE',''
  ) );
#4539 = ORIENTED_EDGE('',*,*,#4540,.T.);
#4540 = EDGE_CURVE('',#4518,#4470,#4541,.T.);
#4541 = SURFACE_CURVE('',#4542,(#4546,#4553),.PCURVE_S1.);
#4542 = LINE('',#4543,#4544);
#4543 = CARTESIAN_POINT('',(12.5,19.6,12.798339582217));
#4544 = VECTOR('',#4545,1.);
#4545 = DIRECTION('',(0.,0.,-1.));
#4546 = PCURVE('',#1471,#4547);
#4547 = DEFINITIONAL_REPRESENTATION('',(#4548),#4552);
#4548 = LINE('',#4549,#4550);
#4549 = CARTESIAN_POINT('',(1.625,-0.4));
#4550 = VECTOR('',#4551,1.);
#4551 = DIRECTION('',(1.,0.));
#4552 = ( GEOMETRIC_REPRESENTATION_CONTEXT(2) 
PARAMETRIC_REPRESENTATION_CONTEXT() REPRESENTATION_CONTEXT('2D SPACE',''
  ) );
#4553 = PCURVE('',#4431,#4554);
#4554 = DEFINITIONAL_REPRESENTATION('',(#4555),#4559);
#4555 = LINE('',#4556,#4557);
#4556 = CARTESIAN_POINT('',(12.5,0.));
#4557 = VECTOR('',#4558,1.);
#4558 = DIRECTION('',(0.,1.));
#4559 = ( GEOMETRIC_REPRESENTATION_CONTEXT(2) 
PARAMETRIC_REPRESENTATION_CONTEXT() REPRESENTATION_CONTEXT('2D SPACE',''
  ) );
#4560 = ORIENTED_EDGE('',*,*,#4492,.F.);
#4561 = ORIENTED_EDGE('',*,*,#1455,.F.);
#4562 = ADVANCED_FACE('',(#4563),#1443,.F.);
#4563 = FACE_BOUND('',#4564,.F.);
#4564 = EDGE_LOOP('',(#4565,#4566,#4587,#4588));
#4565 = ORIENTED_EDGE('',*,*,#4392,.T.);
#4566 = ORIENTED_EDGE('',*,*,#4567,.T.);
#4567 = EDGE_CURVE('',#4393,#4518,#4568,.T.);
#4568 = SURFACE_CURVE('',#4569,(#4573,#4580),.PCURVE_S1.);
#4569 = LINE('',#4570,#4571);
#4570 = CARTESIAN_POINT('',(4.302931872623E-16,19.6,14.423339582217));
#4571 = VECTOR('',#4572,1.);
#4572 = DIRECTION('',(1.,0.,0.));
#4573 = PCURVE('',#1443,#4574);
#4574 = DEFINITIONAL_REPRESENTATION('',(#4575),#4579);
#4575 = LINE('',#4576,#4577);
#4576 = CARTESIAN_POINT('',(12.5,-0.4));
#4577 = VECTOR('',#4578,1.);
#4578 = DIRECTION('',(1.,0.));
#4579 = ( GEOMETRIC_REPRESENTATION_CONTEXT(2) 
PARAMETRIC_REPRESENTATION_CONTEXT() REPRESENTATION_CONTEXT('2D SPACE',''
  ) );
#4580 = PCURVE('',#4431,#4581);
#4581 = DEFINITIONAL_REPRESENTATION('',(#4582),#4586);
#4582 = LINE('',#4583,#4584);
#4583 = CARTESIAN_POINT('',(0.,-1.625));
#4584 = VECTOR('',#4585,1.);
#4585 = DIRECTION('',(1.,0.));
#4586 = ( GEOMETRIC_REPRESENTATION_CONTEXT(2) 
PARAMETRIC_REPRESENTATION_CONTEXT() REPRESENTATION_CONTEXT('2D SPACE',''
  ) );
#4587 = ORIENTED_EDGE('',*,*,#4517,.F.);
#4588 = ORIENTED_EDGE('',*,*,#1427,.F.);
#4589 = ADVANCED_FACE('',(#4590),#1599,.F.);
#4590 = FACE_BOUND('',#4591,.F.);
#4591 = EDGE_LOOP('',(#4592,#4593,#4594,#4595));
#4592 = ORIENTED_EDGE('',*,*,#4361,.F.);
#4593 = ORIENTED_EDGE('',*,*,#1583,.T.);
#4594 = ORIENTED_EDGE('',*,*,#3516,.T.);
#4595 = ORIENTED_EDGE('',*,*,#2742,.F.);
#4596 = ADVANCED_FACE('',(#4597),#1700,.F.);
#4597 = FACE_BOUND('',#4598,.F.);
#4598 = EDGE_LOOP('',(#4599,#4623,#4644,#4645));
#4599 = ORIENTED_EDGE('',*,*,#4600,.T.);
#4600 = EDGE_CURVE('',#4601,#4601,#4603,.T.);
#4601 = VERTEX_POINT('',#4602);
#4602 = CARTESIAN_POINT('',(12.84,-4.,11.2));
#4603 = SURFACE_CURVE('',#4604,(#4609,#4616),.PCURVE_S1.);
#4604 = CIRCLE('',#4605,2.84);
#4605 = AXIS2_PLACEMENT_3D('',#4606,#4607,#4608);
#4606 = CARTESIAN_POINT('',(10.,-4.,11.2));
#4607 = DIRECTION('',(0.,-1.224646799147E-16,-1.));
#4608 = DIRECTION('',(1.,0.,0.));
#4609 = PCURVE('',#1700,#4610);
#4610 = DEFINITIONAL_REPRESENTATION('',(#4611),#4615);
#4611 = LINE('',#4612,#4613);
#4612 = CARTESIAN_POINT('',(0.,-1.5));
#4613 = VECTOR('',#4614,1.);
#4614 = DIRECTION('',(1.,0.));
#4615 = ( GEOMETRIC_REPRESENTATION_CONTEXT(2) 
PARAMETRIC_REPRESENTATION_CONTEXT() REPRESENTATION_CONTEXT('2D SPACE',''
  ) );
#4616 = PCURVE('',#3734,#4617);
#4617 = DEFINITIONAL_REPRESENTATION('',(#4618),#4622);
#4618 = CIRCLE('',#4619,2.84);
#4619 = AXIS2_PLACEMENT_2D('',#4620,#4621);
#4620 = CARTESIAN_POINT('',(0.,0.));
#4621 = DIRECTION('',(1.,-0.));
#4622 = ( GEOMETRIC_REPRESENTATION_CONTEXT(2) 
PARAMETRIC_REPRESENTATION_CONTEXT() REPRESENTATION_CONTEXT('2D SPACE',''
  ) );
#4623 = ORIENTED_EDGE('',*,*,#4624,.T.);
#4624 = EDGE_CURVE('',#4601,#1680,#4625,.T.);
#4625 = SEAM_CURVE('',#4626,(#4630,#4637),.PCURVE_S1.);
#4626 = LINE('',#4627,#4628);
#4627 = CARTESIAN_POINT('',(12.84,-4.,9.7));
#4628 = VECTOR('',#4629,1.);
#4629 = DIRECTION('',(0.,-1.224646799147E-16,-1.));
#4630 = PCURVE('',#1700,#4631);
#4631 = DEFINITIONAL_REPRESENTATION('',(#4632),#4636);
#4632 = LINE('',#4633,#4634);
#4633 = CARTESIAN_POINT('',(0.,0.));
#4634 = VECTOR('',#4635,1.);
#4635 = DIRECTION('',(0.,1.));
#4636 = ( GEOMETRIC_REPRESENTATION_CONTEXT(2) 
PARAMETRIC_REPRESENTATION_CONTEXT() REPRESENTATION_CONTEXT('2D SPACE',''
  ) );
#4637 = PCURVE('',#1700,#4638);
#4638 = DEFINITIONAL_REPRESENTATION('',(#4639),#4643);
#4639 = LINE('',#4640,#4641);
#4640 = CARTESIAN_POINT('',(6.28318530718,0.));
#4641 = VECTOR('',#4642,1.);
#4642 = DIRECTION('',(0.,1.));
#4643 = ( GEOMETRIC_REPRESENTATION_CONTEXT(2) 
PARAMETRIC_REPRESENTATION_CONTEXT() REPRESENTATION_CONTEXT('2D SPACE',''
  ) );
#4644 = ORIENTED_EDGE('',*,*,#1679,.F.);
#4645 = ORIENTED_EDGE('',*,*,#4624,.F.);
#4646 = ADVANCED_FACE('',(#4647),#1735,.F.);
#4647 = FACE_BOUND('',#4648,.F.);
#4648 = EDGE_LOOP('',(#4649,#4673,#4694,#4695));
#4649 = ORIENTED_EDGE('',*,*,#4650,.T.);
#4650 = EDGE_CURVE('',#4651,#4651,#4653,.T.);
#4651 = VERTEX_POINT('',#4652);
#4652 = CARTESIAN_POINT('',(2.84,-4.,11.2));
#4653 = SURFACE_CURVE('',#4654,(#4659,#4666),.PCURVE_S1.);
#4654 = CIRCLE('',#4655,2.84);
#4655 = AXIS2_PLACEMENT_3D('',#4656,#4657,#4658);
#4656 = CARTESIAN_POINT('',(0.,-4.,11.2));
#4657 = DIRECTION('',(0.,-1.224646799147E-16,-1.));
#4658 = DIRECTION('',(1.,0.,0.));
#4659 = PCURVE('',#1735,#4660);
#4660 = DEFINITIONAL_REPRESENTATION('',(#4661),#4665);
#4661 = LINE('',#4662,#4663);
#4662 = CARTESIAN_POINT('',(0.,-1.5));
#4663 = VECTOR('',#4664,1.);
#4664 = DIRECTION('',(1.,0.));
#4665 = ( GEOMETRIC_REPRESENTATION_CONTEXT(2) 
PARAMETRIC_REPRESENTATION_CONTEXT() REPRESENTATION_CONTEXT('2D SPACE',''
  ) );
#4666 = PCURVE('',#4087,#4667);
#4667 = DEFINITIONAL_REPRESENTATION('',(#4668),#4672);
#4668 = CIRCLE('',#4669,2.84);
#4669 = AXIS2_PLACEMENT_2D('',#4670,#4671);
#4670 = CARTESIAN_POINT('',(0.,0.));
#4671 = DIRECTION('',(1.,-0.));
#4672 = ( GEOMETRIC_REPRESENTATION_CONTEXT(2) 
PARAMETRIC_REPRESENTATION_CONTEXT() REPRESENTATION_CONTEXT('2D SPACE',''
  ) );
#4673 = ORIENTED_EDGE('',*,*,#4674,.T.);
#4674 = EDGE_CURVE('',#4651,#1715,#4675,.T.);
#4675 = SEAM_CURVE('',#4676,(#4680,#4687),.PCURVE_S1.);
#4676 = LINE('',#4677,#4678);
#4677 = CARTESIAN_POINT('',(2.84,-4.,9.7));
#4678 = VECTOR('',#4679,1.);
#4679 = DIRECTION('',(0.,-1.224646799147E-16,-1.));
#4680 = PCURVE('',#1735,#4681);
#4681 = DEFINITIONAL_REPRESENTATION('',(#4682),#4686);
#4682 = LINE('',#4683,#4684);
#4683 = CARTESIAN_POINT('',(0.,0.));
#4684 = VECTOR('',#4685,1.);
#4685 = DIRECTION('',(0.,1.));
#4686 = ( GEOMETRIC_REPRESENTATION_CONTEXT(2) 
PARAMETRIC_REPRESENTATION_CONTEXT() REPRESENTATION_CONTEXT('2D SPACE',''
  ) );
#4687 = PCURVE('',#1735,#4688);
#4688 = DEFINITIONAL_REPRESENTATION('',(#4689),#4693);
#4689 = LINE('',#4690,#4691);
#4690 = CARTESIAN_POINT('',(6.28318530718,0.));
#4691 = VECTOR('',#4692,1.);
#4692 = DIRECTION('',(0.,1.));
#4693 = ( GEOMETRIC_REPRESENTATION_CONTEXT(2) 
PARAMETRIC_REPRESENTATION_CONTEXT() REPRESENTATION_CONTEXT('2D SPACE',''
  ) );
#4694 = ORIENTED_EDGE('',*,*,#1714,.F.);
#4695 = ORIENTED_EDGE('',*,*,#4674,.F.);
#4696 = ADVANCED_FACE('',(#4697),#1966,.F.);
#4697 = FACE_BOUND('',#4698,.F.);
#4698 = EDGE_LOOP('',(#4699,#4723,#4744,#4745));
#4699 = ORIENTED_EDGE('',*,*,#4700,.T.);
#4700 = EDGE_CURVE('',#4701,#4701,#4703,.T.);
#4701 = VERTEX_POINT('',#4702);
#4702 = CARTESIAN_POINT('',(2.84,15.,11.2));
#4703 = SURFACE_CURVE('',#4704,(#4709,#4716),.PCURVE_S1.);
#4704 = CIRCLE('',#4705,2.84);
#4705 = AXIS2_PLACEMENT_3D('',#4706,#4707,#4708);
#4706 = CARTESIAN_POINT('',(0.,15.,11.2));
#4707 = DIRECTION('',(0.,-1.224646799147E-16,-1.));
#4708 = DIRECTION('',(1.,0.,0.));
#4709 = PCURVE('',#1966,#4710);
#4710 = DEFINITIONAL_REPRESENTATION('',(#4711),#4715);
#4711 = LINE('',#4712,#4713);
#4712 = CARTESIAN_POINT('',(0.,-1.5));
#4713 = VECTOR('',#4714,1.);
#4714 = DIRECTION('',(1.,0.));
#4715 = ( GEOMETRIC_REPRESENTATION_CONTEXT(2) 
PARAMETRIC_REPRESENTATION_CONTEXT() REPRESENTATION_CONTEXT('2D SPACE',''
  ) );
#4716 = PCURVE('',#3789,#4717);
#4717 = DEFINITIONAL_REPRESENTATION('',(#4718),#4722);
#4718 = CIRCLE('',#4719,2.84);
#4719 = AXIS2_PLACEMENT_2D('',#4720,#4721);
#4720 = CARTESIAN_POINT('',(0.,0.));
#4721 = DIRECTION('',(1.,-0.));
#4722 = ( GEOMETRIC_REPRESENTATION_CONTEXT(2) 
PARAMETRIC_REPRESENTATION_CONTEXT() REPRESENTATION_CONTEXT('2D SPACE',''
  ) );
#4723 = ORIENTED_EDGE('',*,*,#4724,.T.);
#4724 = EDGE_CURVE('',#4701,#1946,#4725,.T.);
#4725 = SEAM_CURVE('',#4726,(#4730,#4737),.PCURVE_S1.);
#4726 = LINE('',#4727,#4728);
#4727 = CARTESIAN_POINT('',(2.84,15.,9.7));
#4728 = VECTOR('',#4729,1.);
#4729 = DIRECTION('',(0.,-1.224646799147E-16,-1.));
#4730 = PCURVE('',#1966,#4731);
#4731 = DEFINITIONAL_REPRESENTATION('',(#4732),#4736);
#4732 = LINE('',#4733,#4734);
#4733 = CARTESIAN_POINT('',(0.,0.));
#4734 = VECTOR('',#4735,1.);
#4735 = DIRECTION('',(0.,1.));
#4736 = ( GEOMETRIC_REPRESENTATION_CONTEXT(2) 
PARAMETRIC_REPRESENTATION_CONTEXT() REPRESENTATION_CONTEXT('2D SPACE',''
  ) );
#4737 = PCURVE('',#1966,#4738);
#4738 = DEFINITIONAL_REPRESENTATION('',(#4739),#4743);
#4739 = LINE('',#4740,#4741);
#4740 = CARTESIAN_POINT('',(6.28318530718,0.));
#4741 = VECTOR('',#4742,1.);
#4742 = DIRECTION('',(0.,1.));
#4743 = ( GEOMETRIC_REPRESENTATION_CONTEXT(2) 
PARAMETRIC_REPRESENTATION_CONTEXT() REPRESENTATION_CONTEXT('2D SPACE',''
  ) );
#4744 = ORIENTED_EDGE('',*,*,#1945,.F.);
#4745 = ORIENTED_EDGE('',*,*,#4724,.F.);
#4746 = ADVANCED_FACE('',(#4747),#2001,.F.);
#4747 = FACE_BOUND('',#4748,.F.);
#4748 = EDGE_LOOP('',(#4749,#4773,#4794,#4795));
#4749 = ORIENTED_EDGE('',*,*,#4750,.T.);
#4750 = EDGE_CURVE('',#4751,#4751,#4753,.T.);
#4751 = VERTEX_POINT('',#4752);
#4752 = CARTESIAN_POINT('',(-7.16,-4.,11.2));
#4753 = SURFACE_CURVE('',#4754,(#4759,#4766),.PCURVE_S1.);
#4754 = CIRCLE('',#4755,2.84);
#4755 = AXIS2_PLACEMENT_3D('',#4756,#4757,#4758);
#4756 = CARTESIAN_POINT('',(-10.,-4.,11.2));
#4757 = DIRECTION('',(0.,-1.224646799147E-16,-1.));
#4758 = DIRECTION('',(1.,0.,0.));
#4759 = PCURVE('',#2001,#4760);
#4760 = DEFINITIONAL_REPRESENTATION('',(#4761),#4765);
#4761 = LINE('',#4762,#4763);
#4762 = CARTESIAN_POINT('',(0.,-1.5));
#4763 = VECTOR('',#4764,1.);
#4764 = DIRECTION('',(1.,0.));
#4765 = ( GEOMETRIC_REPRESENTATION_CONTEXT(2) 
PARAMETRIC_REPRESENTATION_CONTEXT() REPRESENTATION_CONTEXT('2D SPACE',''
  ) );
#4766 = PCURVE('',#4142,#4767);
#4767 = DEFINITIONAL_REPRESENTATION('',(#4768),#4772);
#4768 = CIRCLE('',#4769,2.84);
#4769 = AXIS2_PLACEMENT_2D('',#4770,#4771);
#4770 = CARTESIAN_POINT('',(0.,0.));
#4771 = DIRECTION('',(1.,-0.));
#4772 = ( GEOMETRIC_REPRESENTATION_CONTEXT(2) 
PARAMETRIC_REPRESENTATION_CONTEXT() REPRESENTATION_CONTEXT('2D SPACE',''
  ) );
#4773 = ORIENTED_EDGE('',*,*,#4774,.T.);
#4774 = EDGE_CURVE('',#4751,#1981,#4775,.T.);
#4775 = SEAM_CURVE('',#4776,(#4780,#4787),.PCURVE_S1.);
#4776 = LINE('',#4777,#4778);
#4777 = CARTESIAN_POINT('',(-7.16,-4.,9.7));
#4778 = VECTOR('',#4779,1.);
#4779 = DIRECTION('',(0.,-1.224646799147E-16,-1.));
#4780 = PCURVE('',#2001,#4781);
#4781 = DEFINITIONAL_REPRESENTATION('',(#4782),#4786);
#4782 = LINE('',#4783,#4784);
#4783 = CARTESIAN_POINT('',(0.,0.));
#4784 = VECTOR('',#4785,1.);
#4785 = DIRECTION('',(0.,1.));
#4786 = ( GEOMETRIC_REPRESENTATION_CONTEXT(2) 
PARAMETRIC_REPRESENTATION_CONTEXT() REPRESENTATION_CONTEXT('2D SPACE',''
  ) );
#4787 = PCURVE('',#2001,#4788);
#4788 = DEFINITIONAL_REPRESENTATION('',(#4789),#4793);
#4789 = LINE('',#4790,#4791);
#4790 = CARTESIAN_POINT('',(6.28318530718,0.));
#4791 = VECTOR('',#4792,1.);
#4792 = DIRECTION('',(0.,1.));
#4793 = ( GEOMETRIC_REPRESENTATION_CONTEXT(2) 
PARAMETRIC_REPRESENTATION_CONTEXT() REPRESENTATION_CONTEXT('2D SPACE',''
  ) );
#4794 = ORIENTED_EDGE('',*,*,#1980,.F.);
#4795 = ORIENTED_EDGE('',*,*,#4774,.F.);
#4796 = ADVANCED_FACE('',(#4797),#2226,.F.);
#4797 = FACE_BOUND('',#4798,.F.);
#4798 = EDGE_LOOP('',(#4799,#4800,#4821,#4822,#4823));
#4799 = ORIENTED_EDGE('',*,*,#2846,.F.);
#4800 = ORIENTED_EDGE('',*,*,#4801,.F.);
#4801 = EDGE_CURVE('',#2092,#2847,#4802,.T.);
#4802 = SEAM_CURVE('',#4803,(#4807,#4814),.PCURVE_S1.);
#4803 = LINE('',#4804,#4805);
#4804 = CARTESIAN_POINT('',(3.,15.,-90.));
#4805 = VECTOR('',#4806,1.);
#4806 = DIRECTION('',(0.,0.,1.));
#4807 = PCURVE('',#2226,#4808);
#4808 = DEFINITIONAL_REPRESENTATION('',(#4809),#4813);
#4809 = LINE('',#4810,#4811);
#4810 = CARTESIAN_POINT('',(6.28318530718,-0.));
#4811 = VECTOR('',#4812,1.);
#4812 = DIRECTION('',(0.,1.));
#4813 = ( GEOMETRIC_REPRESENTATION_CONTEXT(2) 
PARAMETRIC_REPRESENTATION_CONTEXT() REPRESENTATION_CONTEXT('2D SPACE',''
  ) );
#4814 = PCURVE('',#2226,#4815);
#4815 = DEFINITIONAL_REPRESENTATION('',(#4816),#4820);
#4816 = LINE('',#4817,#4818);
#4817 = CARTESIAN_POINT('',(0.,-0.));
#4818 = VECTOR('',#4819,1.);
#4819 = DIRECTION('',(0.,1.));
#4820 = ( GEOMETRIC_REPRESENTATION_CONTEXT(2) 
PARAMETRIC_REPRESENTATION_CONTEXT() REPRESENTATION_CONTEXT('2D SPACE',''
  ) );
#4821 = ORIENTED_EDGE('',*,*,#2114,.T.);
#4822 = ORIENTED_EDGE('',*,*,#2439,.T.);
#4823 = ORIENTED_EDGE('',*,*,#4801,.T.);
#4824 = ADVANCED_FACE('',(#4825),#2405,.F.);
#4825 = FACE_BOUND('',#4826,.T.);
#4826 = EDGE_LOOP('',(#4827,#4828,#4849,#4850));
#4827 = ORIENTED_EDGE('',*,*,#3057,.F.);
#4828 = ORIENTED_EDGE('',*,*,#4829,.T.);
#4829 = EDGE_CURVE('',#3058,#2362,#4830,.T.);
#4830 = SURFACE_CURVE('',#4831,(#4835,#4842),.PCURVE_S1.);
#4831 = LINE('',#4832,#4833);
#4832 = CARTESIAN_POINT('',(13.,-23.8,-10.6));
#4833 = VECTOR('',#4834,1.);
#4834 = DIRECTION('',(0.,0.,-1.));
#4835 = PCURVE('',#2405,#4836);
#4836 = DEFINITIONAL_REPRESENTATION('',(#4837),#4841);
#4837 = LINE('',#4838,#4839);
#4838 = CARTESIAN_POINT('',(-0.,-2.12132034356));
#4839 = VECTOR('',#4840,1.);
#4840 = DIRECTION('',(-1.,0.));
#4841 = ( GEOMETRIC_REPRESENTATION_CONTEXT(2) 
PARAMETRIC_REPRESENTATION_CONTEXT() REPRESENTATION_CONTEXT('2D SPACE',''
  ) );
#4842 = PCURVE('',#2377,#4843);
#4843 = DEFINITIONAL_REPRESENTATION('',(#4844),#4848);
#4844 = LINE('',#4845,#4846);
#4845 = CARTESIAN_POINT('',(0.,-29.));
#4846 = VECTOR('',#4847,1.);
#4847 = DIRECTION('',(1.,0.));
#4848 = ( GEOMETRIC_REPRESENTATION_CONTEXT(2) 
PARAMETRIC_REPRESENTATION_CONTEXT() REPRESENTATION_CONTEXT('2D SPACE',''
  ) );
#4849 = ORIENTED_EDGE('',*,*,#2389,.T.);
#4850 = ORIENTED_EDGE('',*,*,#3542,.F.);
#4851 = ADVANCED_FACE('',(#4852),#2377,.F.);
#4852 = FACE_BOUND('',#4853,.F.);
#4853 = EDGE_LOOP('',(#4854,#4855,#4856,#4857));
#4854 = ORIENTED_EDGE('',*,*,#3080,.T.);
#4855 = ORIENTED_EDGE('',*,*,#4829,.T.);
#4856 = ORIENTED_EDGE('',*,*,#2361,.F.);
#4857 = ORIENTED_EDGE('',*,*,#2937,.F.);
#4858 = ADVANCED_FACE('',(#4859),#2481,.F.);
#4859 = FACE_BOUND('',#4860,.F.);
#4860 = EDGE_LOOP('',(#4861,#4862,#4883,#4884));
#4861 = ORIENTED_EDGE('',*,*,#3104,.F.);
#4862 = ORIENTED_EDGE('',*,*,#4863,.F.);
#4863 = EDGE_CURVE('',#2465,#3105,#4864,.T.);
#4864 = SEAM_CURVE('',#4865,(#4869,#4876),.PCURVE_S1.);
#4865 = LINE('',#4866,#4867);
#4866 = CARTESIAN_POINT('',(13.,-4.,-90.));
#4867 = VECTOR('',#4868,1.);
#4868 = DIRECTION('',(0.,0.,1.));
#4869 = PCURVE('',#2481,#4870);
#4870 = DEFINITIONAL_REPRESENTATION('',(#4871),#4875);
#4871 = LINE('',#4872,#4873);
#4872 = CARTESIAN_POINT('',(6.28318530718,-0.));
#4873 = VECTOR('',#4874,1.);
#4874 = DIRECTION('',(0.,1.));
#4875 = ( GEOMETRIC_REPRESENTATION_CONTEXT(2) 
PARAMETRIC_REPRESENTATION_CONTEXT() REPRESENTATION_CONTEXT('2D SPACE',''
  ) );
#4876 = PCURVE('',#2481,#4877);
#4877 = DEFINITIONAL_REPRESENTATION('',(#4878),#4882);
#4878 = LINE('',#4879,#4880);
#4879 = CARTESIAN_POINT('',(0.,-0.));
#4880 = VECTOR('',#4881,1.);
#4881 = DIRECTION('',(0.,1.));
#4882 = ( GEOMETRIC_REPRESENTATION_CONTEXT(2) 
PARAMETRIC_REPRESENTATION_CONTEXT() REPRESENTATION_CONTEXT('2D SPACE',''
  ) );
#4883 = ORIENTED_EDGE('',*,*,#2464,.T.);
#4884 = ORIENTED_EDGE('',*,*,#4863,.T.);
#4885 = ADVANCED_FACE('',(#4886),#2512,.F.);
#4886 = FACE_BOUND('',#4887,.F.);
#4887 = EDGE_LOOP('',(#4888,#4911,#4938,#4939));
#4888 = ORIENTED_EDGE('',*,*,#4889,.T.);
#4889 = EDGE_CURVE('',#2496,#4890,#4892,.T.);
#4890 = VERTEX_POINT('',#4891);
#4891 = CARTESIAN_POINT('',(1.5,-19.5,-13.8));
#4892 = SEAM_CURVE('',#4893,(#4897,#4904),.PCURVE_S1.);
#4893 = LINE('',#4894,#4895);
#4894 = CARTESIAN_POINT('',(1.5,-19.5,-16.8));
#4895 = VECTOR('',#4896,1.);
#4896 = DIRECTION('',(0.,0.,1.));
#4897 = PCURVE('',#2512,#4898);
#4898 = DEFINITIONAL_REPRESENTATION('',(#4899),#4903);
#4899 = LINE('',#4900,#4901);
#4900 = CARTESIAN_POINT('',(6.28318530718,-0.));
#4901 = VECTOR('',#4902,1.);
#4902 = DIRECTION('',(0.,1.));
#4903 = ( GEOMETRIC_REPRESENTATION_CONTEXT(2) 
PARAMETRIC_REPRESENTATION_CONTEXT() REPRESENTATION_CONTEXT('2D SPACE',''
  ) );
#4904 = PCURVE('',#2512,#4905);
#4905 = DEFINITIONAL_REPRESENTATION('',(#4906),#4910);
#4906 = LINE('',#4907,#4908);
#4907 = CARTESIAN_POINT('',(0.,-0.));
#4908 = VECTOR('',#4909,1.);
#4909 = DIRECTION('',(0.,1.));
#4910 = ( GEOMETRIC_REPRESENTATION_CONTEXT(2) 
PARAMETRIC_REPRESENTATION_CONTEXT() REPRESENTATION_CONTEXT('2D SPACE',''
  ) );
#4911 = ORIENTED_EDGE('',*,*,#4912,.F.);
#4912 = EDGE_CURVE('',#4890,#4890,#4913,.T.);
#4913 = SURFACE_CURVE('',#4914,(#4919,#4926),.PCURVE_S1.);
#4914 = CIRCLE('',#4915,1.5);
#4915 = AXIS2_PLACEMENT_3D('',#4916,#4917,#4918);
#4916 = CARTESIAN_POINT('',(0.,-19.5,-13.8));
#4917 = DIRECTION('',(0.,0.,1.));
#4918 = DIRECTION('',(1.,0.,0.));
#4919 = PCURVE('',#2512,#4920);
#4920 = DEFINITIONAL_REPRESENTATION('',(#4921),#4925);
#4921 = LINE('',#4922,#4923);
#4922 = CARTESIAN_POINT('',(0.,3.));
#4923 = VECTOR('',#4924,1.);
#4924 = DIRECTION('',(1.,0.));
#4925 = ( GEOMETRIC_REPRESENTATION_CONTEXT(2) 
PARAMETRIC_REPRESENTATION_CONTEXT() REPRESENTATION_CONTEXT('2D SPACE',''
  ) );
#4926 = PCURVE('',#4927,#4932);
#4927 = PLANE('',#4928);
#4928 = AXIS2_PLACEMENT_3D('',#4929,#4930,#4931);
#4929 = CARTESIAN_POINT('',(0.,-19.5,-13.8));
#4930 = DIRECTION('',(0.,0.,1.));
#4931 = DIRECTION('',(1.,0.,0.));
#4932 = DEFINITIONAL_REPRESENTATION('',(#4933),#4937);
#4933 = CIRCLE('',#4934,1.5);
#4934 = AXIS2_PLACEMENT_2D('',#4935,#4936);
#4935 = CARTESIAN_POINT('',(0.,0.));
#4936 = DIRECTION('',(1.,0.));
#4937 = ( GEOMETRIC_REPRESENTATION_CONTEXT(2) 
PARAMETRIC_REPRESENTATION_CONTEXT() REPRESENTATION_CONTEXT('2D SPACE',''
  ) );
#4938 = ORIENTED_EDGE('',*,*,#4889,.F.);
#4939 = ORIENTED_EDGE('',*,*,#2495,.T.);
#4940 = ADVANCED_FACE('',(#4941),#2543,.F.);
#4941 = FACE_BOUND('',#4942,.F.);
#4942 = EDGE_LOOP('',(#4943,#4966,#4967,#4990));
#4943 = ORIENTED_EDGE('',*,*,#4944,.F.);
#4944 = EDGE_CURVE('',#2527,#4945,#4947,.T.);
#4945 = VERTEX_POINT('',#4946);
#4946 = CARTESIAN_POINT('',(-6.405,6.195,-15.75));
#4947 = SURFACE_CURVE('',#4948,(#4952,#4959),.PCURVE_S1.);
#4948 = LINE('',#4949,#4950);
#4949 = CARTESIAN_POINT('',(-6.405,6.195,-20.475));
#4950 = VECTOR('',#4951,1.);
#4951 = DIRECTION('',(0.,0.,1.));
#4952 = PCURVE('',#2543,#4953);
#4953 = DEFINITIONAL_REPRESENTATION('',(#4954),#4958);
#4954 = LINE('',#4955,#4956);
#4955 = CARTESIAN_POINT('',(5.735744101633,11.9175));
#4956 = VECTOR('',#4957,1.);
#4957 = DIRECTION('',(1.,0.));
#4958 = ( GEOMETRIC_REPRESENTATION_CONTEXT(2) 
PARAMETRIC_REPRESENTATION_CONTEXT() REPRESENTATION_CONTEXT('2D SPACE',''
  ) );
#4959 = PCURVE('',#2569,#4960);
#4960 = DEFINITIONAL_REPRESENTATION('',(#4961),#4965);
#4961 = LINE('',#4962,#4963);
#4962 = CARTESIAN_POINT('',(0.,0.));
#4963 = VECTOR('',#4964,1.);
#4964 = DIRECTION('',(0.,-1.));
#4965 = ( GEOMETRIC_REPRESENTATION_CONTEXT(2) 
PARAMETRIC_REPRESENTATION_CONTEXT() REPRESENTATION_CONTEXT('2D SPACE',''
  ) );
#4966 = ORIENTED_EDGE('',*,*,#2526,.T.);
#4967 = ORIENTED_EDGE('',*,*,#4968,.T.);
#4968 = EDGE_CURVE('',#2529,#4969,#4971,.T.);
#4969 = VERTEX_POINT('',#4970);
#4970 = CARTESIAN_POINT('',(-6.405,-17.64,-15.75));
#4971 = SURFACE_CURVE('',#4972,(#4976,#4983),.PCURVE_S1.);
#4972 = LINE('',#4973,#4974);
#4973 = CARTESIAN_POINT('',(-6.405,-17.64,-20.475));
#4974 = VECTOR('',#4975,1.);
#4975 = DIRECTION('',(0.,0.,1.));
#4976 = PCURVE('',#2543,#4977);
#4977 = DEFINITIONAL_REPRESENTATION('',(#4978),#4982);
#4978 = LINE('',#4979,#4980);
#4979 = CARTESIAN_POINT('',(5.735744101633,-11.9175));
#4980 = VECTOR('',#4981,1.);
#4981 = DIRECTION('',(1.,0.));
#4982 = ( GEOMETRIC_REPRESENTATION_CONTEXT(2) 
PARAMETRIC_REPRESENTATION_CONTEXT() REPRESENTATION_CONTEXT('2D SPACE',''
  ) );
#4983 = PCURVE('',#2619,#4984);
#4984 = DEFINITIONAL_REPRESENTATION('',(#4985),#4989);
#4985 = LINE('',#4986,#4987);
#4986 = CARTESIAN_POINT('',(12.81,0.));
#4987 = VECTOR('',#4988,1.);
#4988 = DIRECTION('',(0.,-1.));
#4989 = ( GEOMETRIC_REPRESENTATION_CONTEXT(2) 
PARAMETRIC_REPRESENTATION_CONTEXT() REPRESENTATION_CONTEXT('2D SPACE',''
  ) );
#4990 = ORIENTED_EDGE('',*,*,#4991,.T.);
#4991 = EDGE_CURVE('',#4969,#4945,#4992,.T.);
#4992 = SURFACE_CURVE('',#4993,(#4997,#5004),.PCURVE_S1.);
#4993 = LINE('',#4994,#4995);
#4994 = CARTESIAN_POINT('',(-6.405,-17.64,-15.75));
#4995 = VECTOR('',#4996,1.);
#4996 = DIRECTION('',(0.,1.,0.));
#4997 = PCURVE('',#2543,#4998);
#4998 = DEFINITIONAL_REPRESENTATION('',(#4999),#5003);
#4999 = LINE('',#5000,#5001);
#5000 = CARTESIAN_POINT('',(10.460744101633,-11.9175));
#5001 = VECTOR('',#5002,1.);
#5002 = DIRECTION('',(0.,1.));
#5003 = ( GEOMETRIC_REPRESENTATION_CONTEXT(2) 
PARAMETRIC_REPRESENTATION_CONTEXT() REPRESENTATION_CONTEXT('2D SPACE',''
  ) );
#5004 = PCURVE('',#5005,#5010);
#5005 = PLANE('',#5006);
#5006 = AXIS2_PLACEMENT_3D('',#5007,#5008,#5009);
#5007 = CARTESIAN_POINT('',(-4.305E-16,-5.7225,-15.75));
#5008 = DIRECTION('',(0.,0.,1.));
#5009 = DIRECTION('',(0.,1.,0.));
#5010 = DEFINITIONAL_REPRESENTATION('',(#5011),#5015);
#5011 = LINE('',#5012,#5013);
#5012 = CARTESIAN_POINT('',(-11.9175,6.405));
#5013 = VECTOR('',#5014,1.);
#5014 = DIRECTION('',(1.,0.));
#5015 = ( GEOMETRIC_REPRESENTATION_CONTEXT(2) 
PARAMETRIC_REPRESENTATION_CONTEXT() REPRESENTATION_CONTEXT('2D SPACE',''
  ) );
#5016 = ADVANCED_FACE('',(#5017),#2569,.F.);
#5017 = FACE_BOUND('',#5018,.F.);
#5018 = EDGE_LOOP('',(#5019,#5042,#5043,#5044,#5067,#5095));
#5019 = ORIENTED_EDGE('',*,*,#5020,.F.);
#5020 = EDGE_CURVE('',#2555,#5021,#5023,.T.);
#5021 = VERTEX_POINT('',#5022);
#5022 = CARTESIAN_POINT('',(6.405,6.195,-15.75));
#5023 = SURFACE_CURVE('',#5024,(#5028,#5035),.PCURVE_S1.);
#5024 = LINE('',#5025,#5026);
#5025 = CARTESIAN_POINT('',(6.405,6.195,-20.475));
#5026 = VECTOR('',#5027,1.);
#5027 = DIRECTION('',(0.,0.,1.));
#5028 = PCURVE('',#2569,#5029);
#5029 = DEFINITIONAL_REPRESENTATION('',(#5030),#5034);
#5030 = LINE('',#5031,#5032);
#5031 = CARTESIAN_POINT('',(12.81,0.));
#5032 = VECTOR('',#5033,1.);
#5033 = DIRECTION('',(0.,-1.));
#5034 = ( GEOMETRIC_REPRESENTATION_CONTEXT(2) 
PARAMETRIC_REPRESENTATION_CONTEXT() REPRESENTATION_CONTEXT('2D SPACE',''
  ) );
#5035 = PCURVE('',#2595,#5036);
#5036 = DEFINITIONAL_REPRESENTATION('',(#5037),#5041);
#5037 = LINE('',#5038,#5039);
#5038 = CARTESIAN_POINT('',(-5.735744101633,11.9175));
#5039 = VECTOR('',#5040,1.);
#5040 = DIRECTION('',(-1.,0.));
#5041 = ( GEOMETRIC_REPRESENTATION_CONTEXT(2) 
PARAMETRIC_REPRESENTATION_CONTEXT() REPRESENTATION_CONTEXT('2D SPACE',''
  ) );
#5042 = ORIENTED_EDGE('',*,*,#2554,.T.);
#5043 = ORIENTED_EDGE('',*,*,#4944,.T.);
#5044 = ORIENTED_EDGE('',*,*,#5045,.T.);
#5045 = EDGE_CURVE('',#4945,#5046,#5048,.T.);
#5046 = VERTEX_POINT('',#5047);
#5047 = CARTESIAN_POINT('',(-1.145414772036,6.195,-15.75));
#5048 = SURFACE_CURVE('',#5049,(#5053,#5060),.PCURVE_S1.);
#5049 = LINE('',#5050,#5051);
#5050 = CARTESIAN_POINT('',(-6.405,6.195,-15.75));
#5051 = VECTOR('',#5052,1.);
#5052 = DIRECTION('',(1.,0.,0.));
#5053 = PCURVE('',#2569,#5054);
#5054 = DEFINITIONAL_REPRESENTATION('',(#5055),#5059);
#5055 = LINE('',#5056,#5057);
#5056 = CARTESIAN_POINT('',(0.,-4.725));
#5057 = VECTOR('',#5058,1.);
#5058 = DIRECTION('',(1.,0.));
#5059 = ( GEOMETRIC_REPRESENTATION_CONTEXT(2) 
PARAMETRIC_REPRESENTATION_CONTEXT() REPRESENTATION_CONTEXT('2D SPACE',''
  ) );
#5060 = PCURVE('',#5005,#5061);
#5061 = DEFINITIONAL_REPRESENTATION('',(#5062),#5066);
#5062 = LINE('',#5063,#5064);
#5063 = CARTESIAN_POINT('',(11.9175,6.405));
#5064 = VECTOR('',#5065,1.);
#5065 = DIRECTION('',(0.,-1.));
#5066 = ( GEOMETRIC_REPRESENTATION_CONTEXT(2) 
PARAMETRIC_REPRESENTATION_CONTEXT() REPRESENTATION_CONTEXT('2D SPACE',''
  ) );
#5067 = ORIENTED_EDGE('',*,*,#5068,.T.);
#5068 = EDGE_CURVE('',#5046,#5069,#5071,.T.);
#5069 = VERTEX_POINT('',#5070);
#5070 = CARTESIAN_POINT('',(1.145414772036,6.195,-15.75));
#5071 = SURFACE_CURVE('',#5072,(#5076,#5083),.PCURVE_S1.);
#5072 = LINE('',#5073,#5074);
#5073 = CARTESIAN_POINT('',(-6.405,6.195,-15.75));
#5074 = VECTOR('',#5075,1.);
#5075 = DIRECTION('',(1.,0.,0.));
#5076 = PCURVE('',#2569,#5077);
#5077 = DEFINITIONAL_REPRESENTATION('',(#5078),#5082);
#5078 = LINE('',#5079,#5080);
#5079 = CARTESIAN_POINT('',(0.,-4.725));
#5080 = VECTOR('',#5081,1.);
#5081 = DIRECTION('',(1.,0.));
#5082 = ( GEOMETRIC_REPRESENTATION_CONTEXT(2) 
PARAMETRIC_REPRESENTATION_CONTEXT() REPRESENTATION_CONTEXT('2D SPACE',''
  ) );
#5083 = PCURVE('',#5084,#5089);
#5084 = PLANE('',#5085);
#5085 = AXIS2_PLACEMENT_3D('',#5086,#5087,#5088);
#5086 = CARTESIAN_POINT('',(-3.66975E-14,-1.108270783446,-15.75));
#5087 = DIRECTION('',(0.,0.,1.));
#5088 = DIRECTION('',(0.,1.,0.));
#5089 = DEFINITIONAL_REPRESENTATION('',(#5090),#5094);
#5090 = LINE('',#5091,#5092);
#5091 = CARTESIAN_POINT('',(7.303270783446,6.405));
#5092 = VECTOR('',#5093,1.);
#5093 = DIRECTION('',(0.,-1.));
#5094 = ( GEOMETRIC_REPRESENTATION_CONTEXT(2) 
PARAMETRIC_REPRESENTATION_CONTEXT() REPRESENTATION_CONTEXT('2D SPACE',''
  ) );
#5095 = ORIENTED_EDGE('',*,*,#5096,.T.);
#5096 = EDGE_CURVE('',#5069,#5021,#5097,.T.);
#5097 = SURFACE_CURVE('',#5098,(#5102,#5109),.PCURVE_S1.);
#5098 = LINE('',#5099,#5100);
#5099 = CARTESIAN_POINT('',(-6.405,6.195,-15.75));
#5100 = VECTOR('',#5101,1.);
#5101 = DIRECTION('',(1.,0.,0.));
#5102 = PCURVE('',#2569,#5103);
#5103 = DEFINITIONAL_REPRESENTATION('',(#5104),#5108);
#5104 = LINE('',#5105,#5106);
#5105 = CARTESIAN_POINT('',(0.,-4.725));
#5106 = VECTOR('',#5107,1.);
#5107 = DIRECTION('',(1.,0.));
#5108 = ( GEOMETRIC_REPRESENTATION_CONTEXT(2) 
PARAMETRIC_REPRESENTATION_CONTEXT() REPRESENTATION_CONTEXT('2D SPACE',''
  ) );
#5109 = PCURVE('',#5005,#5110);
#5110 = DEFINITIONAL_REPRESENTATION('',(#5111),#5115);
#5111 = LINE('',#5112,#5113);
#5112 = CARTESIAN_POINT('',(11.9175,6.405));
#5113 = VECTOR('',#5114,1.);
#5114 = DIRECTION('',(0.,-1.));
#5115 = ( GEOMETRIC_REPRESENTATION_CONTEXT(2) 
PARAMETRIC_REPRESENTATION_CONTEXT() REPRESENTATION_CONTEXT('2D SPACE',''
  ) );
#5116 = ADVANCED_FACE('',(#5117),#2619,.F.);
#5117 = FACE_BOUND('',#5118,.F.);
#5118 = EDGE_LOOP('',(#5119,#5120,#5121,#5144));
#5119 = ORIENTED_EDGE('',*,*,#4968,.F.);
#5120 = ORIENTED_EDGE('',*,*,#2606,.T.);
#5121 = ORIENTED_EDGE('',*,*,#5122,.T.);
#5122 = EDGE_CURVE('',#2581,#5123,#5125,.T.);
#5123 = VERTEX_POINT('',#5124);
#5124 = CARTESIAN_POINT('',(6.405,-17.64,-15.75));
#5125 = SURFACE_CURVE('',#5126,(#5130,#5137),.PCURVE_S1.);
#5126 = LINE('',#5127,#5128);
#5127 = CARTESIAN_POINT('',(6.405,-17.64,-20.475));
#5128 = VECTOR('',#5129,1.);
#5129 = DIRECTION('',(0.,0.,1.));
#5130 = PCURVE('',#2619,#5131);
#5131 = DEFINITIONAL_REPRESENTATION('',(#5132),#5136);
#5132 = LINE('',#5133,#5134);
#5133 = CARTESIAN_POINT('',(0.,0.));
#5134 = VECTOR('',#5135,1.);
#5135 = DIRECTION('',(0.,-1.));
#5136 = ( GEOMETRIC_REPRESENTATION_CONTEXT(2) 
PARAMETRIC_REPRESENTATION_CONTEXT() REPRESENTATION_CONTEXT('2D SPACE',''
  ) );
#5137 = PCURVE('',#2595,#5138);
#5138 = DEFINITIONAL_REPRESENTATION('',(#5139),#5143);
#5139 = LINE('',#5140,#5141);
#5140 = CARTESIAN_POINT('',(-5.735744101633,-11.9175));
#5141 = VECTOR('',#5142,1.);
#5142 = DIRECTION('',(-1.,0.));
#5143 = ( GEOMETRIC_REPRESENTATION_CONTEXT(2) 
PARAMETRIC_REPRESENTATION_CONTEXT() REPRESENTATION_CONTEXT('2D SPACE',''
  ) );
#5144 = ORIENTED_EDGE('',*,*,#5145,.T.);
#5145 = EDGE_CURVE('',#5123,#4969,#5146,.T.);
#5146 = SURFACE_CURVE('',#5147,(#5151,#5158),.PCURVE_S1.);
#5147 = LINE('',#5148,#5149);
#5148 = CARTESIAN_POINT('',(6.405,-17.64,-15.75));
#5149 = VECTOR('',#5150,1.);
#5150 = DIRECTION('',(-1.,0.,0.));
#5151 = PCURVE('',#2619,#5152);
#5152 = DEFINITIONAL_REPRESENTATION('',(#5153),#5157);
#5153 = LINE('',#5154,#5155);
#5154 = CARTESIAN_POINT('',(0.,-4.725));
#5155 = VECTOR('',#5156,1.);
#5156 = DIRECTION('',(1.,0.));
#5157 = ( GEOMETRIC_REPRESENTATION_CONTEXT(2) 
PARAMETRIC_REPRESENTATION_CONTEXT() REPRESENTATION_CONTEXT('2D SPACE',''
  ) );
#5158 = PCURVE('',#5005,#5159);
#5159 = DEFINITIONAL_REPRESENTATION('',(#5160),#5164);
#5160 = LINE('',#5161,#5162);
#5161 = CARTESIAN_POINT('',(-11.9175,-6.405));
#5162 = VECTOR('',#5163,1.);
#5163 = DIRECTION('',(0.,1.));
#5164 = ( GEOMETRIC_REPRESENTATION_CONTEXT(2) 
PARAMETRIC_REPRESENTATION_CONTEXT() REPRESENTATION_CONTEXT('2D SPACE',''
  ) );
#5165 = ADVANCED_FACE('',(#5166),#2595,.F.);
#5166 = FACE_BOUND('',#5167,.F.);
#5167 = EDGE_LOOP('',(#5168,#5169,#5170,#5191));
#5168 = ORIENTED_EDGE('',*,*,#2580,.T.);
#5169 = ORIENTED_EDGE('',*,*,#5020,.T.);
#5170 = ORIENTED_EDGE('',*,*,#5171,.T.);
#5171 = EDGE_CURVE('',#5021,#5123,#5172,.T.);
#5172 = SURFACE_CURVE('',#5173,(#5177,#5184),.PCURVE_S1.);
#5173 = LINE('',#5174,#5175);
#5174 = CARTESIAN_POINT('',(6.405,6.195,-15.75));
#5175 = VECTOR('',#5176,1.);
#5176 = DIRECTION('',(0.,-1.,0.));
#5177 = PCURVE('',#2595,#5178);
#5178 = DEFINITIONAL_REPRESENTATION('',(#5179),#5183);
#5179 = LINE('',#5180,#5181);
#5180 = CARTESIAN_POINT('',(-10.46074410163,11.9175));
#5181 = VECTOR('',#5182,1.);
#5182 = DIRECTION('',(0.,-1.));
#5183 = ( GEOMETRIC_REPRESENTATION_CONTEXT(2) 
PARAMETRIC_REPRESENTATION_CONTEXT() REPRESENTATION_CONTEXT('2D SPACE',''
  ) );
#5184 = PCURVE('',#5005,#5185);
#5185 = DEFINITIONAL_REPRESENTATION('',(#5186),#5190);
#5186 = LINE('',#5187,#5188);
#5187 = CARTESIAN_POINT('',(11.9175,-6.405));
#5188 = VECTOR('',#5189,1.);
#5189 = DIRECTION('',(-1.,0.));
#5190 = ( GEOMETRIC_REPRESENTATION_CONTEXT(2) 
PARAMETRIC_REPRESENTATION_CONTEXT() REPRESENTATION_CONTEXT('2D SPACE',''
  ) );
#5191 = ORIENTED_EDGE('',*,*,#5122,.F.);
#5192 = ADVANCED_FACE('',(#5193),#2649,.F.);
#5193 = FACE_BOUND('',#5194,.F.);
#5194 = EDGE_LOOP('',(#5195,#5218,#5245,#5246));
#5195 = ORIENTED_EDGE('',*,*,#5196,.T.);
#5196 = EDGE_CURVE('',#2633,#5197,#5199,.T.);
#5197 = VERTEX_POINT('',#5198);
#5198 = CARTESIAN_POINT('',(1.5,8.5,-13.8));
#5199 = SEAM_CURVE('',#5200,(#5204,#5211),.PCURVE_S1.);
#5200 = LINE('',#5201,#5202);
#5201 = CARTESIAN_POINT('',(1.5,8.5,-16.8));
#5202 = VECTOR('',#5203,1.);
#5203 = DIRECTION('',(0.,0.,1.));
#5204 = PCURVE('',#2649,#5205);
#5205 = DEFINITIONAL_REPRESENTATION('',(#5206),#5210);
#5206 = LINE('',#5207,#5208);
#5207 = CARTESIAN_POINT('',(6.28318530718,-0.));
#5208 = VECTOR('',#5209,1.);
#5209 = DIRECTION('',(0.,1.));
#5210 = ( GEOMETRIC_REPRESENTATION_CONTEXT(2) 
PARAMETRIC_REPRESENTATION_CONTEXT() REPRESENTATION_CONTEXT('2D SPACE',''
  ) );
#5211 = PCURVE('',#2649,#5212);
#5212 = DEFINITIONAL_REPRESENTATION('',(#5213),#5217);
#5213 = LINE('',#5214,#5215);
#5214 = CARTESIAN_POINT('',(0.,-0.));
#5215 = VECTOR('',#5216,1.);
#5216 = DIRECTION('',(0.,1.));
#5217 = ( GEOMETRIC_REPRESENTATION_CONTEXT(2) 
PARAMETRIC_REPRESENTATION_CONTEXT() REPRESENTATION_CONTEXT('2D SPACE',''
  ) );
#5218 = ORIENTED_EDGE('',*,*,#5219,.F.);
#5219 = EDGE_CURVE('',#5197,#5197,#5220,.T.);
#5220 = SURFACE_CURVE('',#5221,(#5226,#5233),.PCURVE_S1.);
#5221 = CIRCLE('',#5222,1.5);
#5222 = AXIS2_PLACEMENT_3D('',#5223,#5224,#5225);
#5223 = CARTESIAN_POINT('',(0.,8.5,-13.8));
#5224 = DIRECTION('',(0.,0.,1.));
#5225 = DIRECTION('',(1.,0.,0.));
#5226 = PCURVE('',#2649,#5227);
#5227 = DEFINITIONAL_REPRESENTATION('',(#5228),#5232);
#5228 = LINE('',#5229,#5230);
#5229 = CARTESIAN_POINT('',(0.,3.));
#5230 = VECTOR('',#5231,1.);
#5231 = DIRECTION('',(1.,0.));
#5232 = ( GEOMETRIC_REPRESENTATION_CONTEXT(2) 
PARAMETRIC_REPRESENTATION_CONTEXT() REPRESENTATION_CONTEXT('2D SPACE',''
  ) );
#5233 = PCURVE('',#5234,#5239);
#5234 = PLANE('',#5235);
#5235 = AXIS2_PLACEMENT_3D('',#5236,#5237,#5238);
#5236 = CARTESIAN_POINT('',(0.,8.5,-13.8));
#5237 = DIRECTION('',(0.,0.,1.));
#5238 = DIRECTION('',(1.,0.,0.));
#5239 = DEFINITIONAL_REPRESENTATION('',(#5240),#5244);
#5240 = CIRCLE('',#5241,1.5);
#5241 = AXIS2_PLACEMENT_2D('',#5242,#5243);
#5242 = CARTESIAN_POINT('',(0.,0.));
#5243 = DIRECTION('',(1.,0.));
#5244 = ( GEOMETRIC_REPRESENTATION_CONTEXT(2) 
PARAMETRIC_REPRESENTATION_CONTEXT() REPRESENTATION_CONTEXT('2D SPACE',''
  ) );
#5245 = ORIENTED_EDGE('',*,*,#5196,.F.);
#5246 = ORIENTED_EDGE('',*,*,#2632,.T.);
#5247 = ADVANCED_FACE('',(#5248),#2680,.F.);
#5248 = FACE_BOUND('',#5249,.F.);
#5249 = EDGE_LOOP('',(#5250,#5251,#5272,#5273));
#5250 = ORIENTED_EDGE('',*,*,#3194,.F.);
#5251 = ORIENTED_EDGE('',*,*,#5252,.F.);
#5252 = EDGE_CURVE('',#2664,#3195,#5253,.T.);
#5253 = SEAM_CURVE('',#5254,(#5258,#5265),.PCURVE_S1.);
#5254 = LINE('',#5255,#5256);
#5255 = CARTESIAN_POINT('',(-7.,-4.,-90.));
#5256 = VECTOR('',#5257,1.);
#5257 = DIRECTION('',(0.,0.,1.));
#5258 = PCURVE('',#2680,#5259);
#5259 = DEFINITIONAL_REPRESENTATION('',(#5260),#5264);
#5260 = LINE('',#5261,#5262);
#5261 = CARTESIAN_POINT('',(6.28318530718,-0.));
#5262 = VECTOR('',#5263,1.);
#5263 = DIRECTION('',(0.,1.));
#5264 = ( GEOMETRIC_REPRESENTATION_CONTEXT(2) 
PARAMETRIC_REPRESENTATION_CONTEXT() REPRESENTATION_CONTEXT('2D SPACE',''
  ) );
#5265 = PCURVE('',#2680,#5266);
#5266 = DEFINITIONAL_REPRESENTATION('',(#5267),#5271);
#5267 = LINE('',#5268,#5269);
#5268 = CARTESIAN_POINT('',(0.,-0.));
#5269 = VECTOR('',#5270,1.);
#5270 = DIRECTION('',(0.,1.));
#5271 = ( GEOMETRIC_REPRESENTATION_CONTEXT(2) 
PARAMETRIC_REPRESENTATION_CONTEXT() REPRESENTATION_CONTEXT('2D SPACE',''
  ) );
#5272 = ORIENTED_EDGE('',*,*,#2663,.T.);
#5273 = ORIENTED_EDGE('',*,*,#5252,.T.);
#5274 = ADVANCED_FACE('',(#5275),#2832,.F.);
#5275 = FACE_BOUND('',#5276,.F.);
#5276 = EDGE_LOOP('',(#5277,#5278,#5301,#5328));
#5277 = ORIENTED_EDGE('',*,*,#2811,.F.);
#5278 = ORIENTED_EDGE('',*,*,#5279,.F.);
#5279 = EDGE_CURVE('',#5280,#2812,#5282,.T.);
#5280 = VERTEX_POINT('',#5281);
#5281 = CARTESIAN_POINT('',(7.7,11.,-3.));
#5282 = SEAM_CURVE('',#5283,(#5287,#5294),.PCURVE_S1.);
#5283 = LINE('',#5284,#5285);
#5284 = CARTESIAN_POINT('',(7.7,11.,-3.));
#5285 = VECTOR('',#5286,1.);
#5286 = DIRECTION('',(0.,0.,1.));
#5287 = PCURVE('',#2832,#5288);
#5288 = DEFINITIONAL_REPRESENTATION('',(#5289),#5293);
#5289 = LINE('',#5290,#5291);
#5290 = CARTESIAN_POINT('',(6.28318530718,-0.));
#5291 = VECTOR('',#5292,1.);
#5292 = DIRECTION('',(0.,1.));
#5293 = ( GEOMETRIC_REPRESENTATION_CONTEXT(2) 
PARAMETRIC_REPRESENTATION_CONTEXT() REPRESENTATION_CONTEXT('2D SPACE',''
  ) );
#5294 = PCURVE('',#2832,#5295);
#5295 = DEFINITIONAL_REPRESENTATION('',(#5296),#5300);
#5296 = LINE('',#5297,#5298);
#5297 = CARTESIAN_POINT('',(0.,-0.));
#5298 = VECTOR('',#5299,1.);
#5299 = DIRECTION('',(0.,1.));
#5300 = ( GEOMETRIC_REPRESENTATION_CONTEXT(2) 
PARAMETRIC_REPRESENTATION_CONTEXT() REPRESENTATION_CONTEXT('2D SPACE',''
  ) );
#5301 = ORIENTED_EDGE('',*,*,#5302,.T.);
#5302 = EDGE_CURVE('',#5280,#5280,#5303,.T.);
#5303 = SURFACE_CURVE('',#5304,(#5309,#5316),.PCURVE_S1.);
#5304 = CIRCLE('',#5305,1.5);
#5305 = AXIS2_PLACEMENT_3D('',#5306,#5307,#5308);
#5306 = CARTESIAN_POINT('',(6.2,11.,-3.));
#5307 = DIRECTION('',(0.,0.,1.));
#5308 = DIRECTION('',(1.,0.,0.));
#5309 = PCURVE('',#2832,#5310);
#5310 = DEFINITIONAL_REPRESENTATION('',(#5311),#5315);
#5311 = LINE('',#5312,#5313);
#5312 = CARTESIAN_POINT('',(0.,0.));
#5313 = VECTOR('',#5314,1.);
#5314 = DIRECTION('',(1.,0.));
#5315 = ( GEOMETRIC_REPRESENTATION_CONTEXT(2) 
PARAMETRIC_REPRESENTATION_CONTEXT() REPRESENTATION_CONTEXT('2D SPACE',''
  ) );
#5316 = PCURVE('',#5317,#5322);
#5317 = PLANE('',#5318);
#5318 = AXIS2_PLACEMENT_3D('',#5319,#5320,#5321);
#5319 = CARTESIAN_POINT('',(6.2,11.,-3.));
#5320 = DIRECTION('',(0.,0.,1.));
#5321 = DIRECTION('',(1.,0.,0.));
#5322 = DEFINITIONAL_REPRESENTATION('',(#5323),#5327);
#5323 = CIRCLE('',#5324,1.5);
#5324 = AXIS2_PLACEMENT_2D('',#5325,#5326);
#5325 = CARTESIAN_POINT('',(0.,0.));
#5326 = DIRECTION('',(1.,0.));
#5327 = ( GEOMETRIC_REPRESENTATION_CONTEXT(2) 
PARAMETRIC_REPRESENTATION_CONTEXT() REPRESENTATION_CONTEXT('2D SPACE',''
  ) );
#5328 = ORIENTED_EDGE('',*,*,#5279,.T.);
#5329 = ADVANCED_FACE('',(#5330),#2897,.F.);
#5330 = FACE_BOUND('',#5331,.F.);
#5331 = EDGE_LOOP('',(#5332,#5333,#5356,#5383));
#5332 = ORIENTED_EDGE('',*,*,#2876,.F.);
#5333 = ORIENTED_EDGE('',*,*,#5334,.F.);
#5334 = EDGE_CURVE('',#5335,#2877,#5337,.T.);
#5335 = VERTEX_POINT('',#5336);
#5336 = CARTESIAN_POINT('',(-4.7,11.,-3.));
#5337 = SEAM_CURVE('',#5338,(#5342,#5349),.PCURVE_S1.);
#5338 = LINE('',#5339,#5340);
#5339 = CARTESIAN_POINT('',(-4.7,11.,-3.));
#5340 = VECTOR('',#5341,1.);
#5341 = DIRECTION('',(0.,0.,1.));
#5342 = PCURVE('',#2897,#5343);
#5343 = DEFINITIONAL_REPRESENTATION('',(#5344),#5348);
#5344 = LINE('',#5345,#5346);
#5345 = CARTESIAN_POINT('',(6.28318530718,-0.));
#5346 = VECTOR('',#5347,1.);
#5347 = DIRECTION('',(0.,1.));
#5348 = ( GEOMETRIC_REPRESENTATION_CONTEXT(2) 
PARAMETRIC_REPRESENTATION_CONTEXT() REPRESENTATION_CONTEXT('2D SPACE',''
  ) );
#5349 = PCURVE('',#2897,#5350);
#5350 = DEFINITIONAL_REPRESENTATION('',(#5351),#5355);
#5351 = LINE('',#5352,#5353);
#5352 = CARTESIAN_POINT('',(0.,-0.));
#5353 = VECTOR('',#5354,1.);
#5354 = DIRECTION('',(0.,1.));
#5355 = ( GEOMETRIC_REPRESENTATION_CONTEXT(2) 
PARAMETRIC_REPRESENTATION_CONTEXT() REPRESENTATION_CONTEXT('2D SPACE',''
  ) );
#5356 = ORIENTED_EDGE('',*,*,#5357,.T.);
#5357 = EDGE_CURVE('',#5335,#5335,#5358,.T.);
#5358 = SURFACE_CURVE('',#5359,(#5364,#5371),.PCURVE_S1.);
#5359 = CIRCLE('',#5360,1.5);
#5360 = AXIS2_PLACEMENT_3D('',#5361,#5362,#5363);
#5361 = CARTESIAN_POINT('',(-6.2,11.,-3.));
#5362 = DIRECTION('',(0.,0.,1.));
#5363 = DIRECTION('',(1.,0.,0.));
#5364 = PCURVE('',#2897,#5365);
#5365 = DEFINITIONAL_REPRESENTATION('',(#5366),#5370);
#5366 = LINE('',#5367,#5368);
#5367 = CARTESIAN_POINT('',(0.,0.));
#5368 = VECTOR('',#5369,1.);
#5369 = DIRECTION('',(1.,0.));
#5370 = ( GEOMETRIC_REPRESENTATION_CONTEXT(2) 
PARAMETRIC_REPRESENTATION_CONTEXT() REPRESENTATION_CONTEXT('2D SPACE',''
  ) );
#5371 = PCURVE('',#5372,#5377);
#5372 = PLANE('',#5373);
#5373 = AXIS2_PLACEMENT_3D('',#5374,#5375,#5376);
#5374 = CARTESIAN_POINT('',(-6.2,11.,-3.));
#5375 = DIRECTION('',(0.,0.,1.));
#5376 = DIRECTION('',(1.,0.,0.));
#5377 = DEFINITIONAL_REPRESENTATION('',(#5378),#5382);
#5378 = CIRCLE('',#5379,1.5);
#5379 = AXIS2_PLACEMENT_2D('',#5380,#5381);
#5380 = CARTESIAN_POINT('',(0.,0.));
#5381 = DIRECTION('',(1.,0.));
#5382 = ( GEOMETRIC_REPRESENTATION_CONTEXT(2) 
PARAMETRIC_REPRESENTATION_CONTEXT() REPRESENTATION_CONTEXT('2D SPACE',''
  ) );
#5383 = ORIENTED_EDGE('',*,*,#5334,.T.);
#5384 = ADVANCED_FACE('',(#5385),#3153,.F.);
#5385 = FACE_BOUND('',#5386,.F.);
#5386 = EDGE_LOOP('',(#5387,#5408,#5429,#5450,#5473,#5492));
#5387 = ORIENTED_EDGE('',*,*,#5388,.F.);
#5388 = EDGE_CURVE('',#5389,#3137,#5391,.T.);
#5389 = VERTEX_POINT('',#5390);
#5390 = CARTESIAN_POINT('',(2.938392050001,-5.572777777777,-15.75));
#5391 = SURFACE_CURVE('',#5392,(#5396,#5402),.PCURVE_S1.);
#5392 = LINE('',#5393,#5394);
#5393 = CARTESIAN_POINT('',(2.938392050001,-5.572777777777,-15.75));
#5394 = VECTOR('',#5395,1.);
#5395 = DIRECTION('',(0.,0.,1.));
#5396 = PCURVE('',#3153,#5397);
#5397 = DEFINITIONAL_REPRESENTATION('',(#5398),#5401);
#5398 = B_SPLINE_CURVE_WITH_KNOTS('',1,(#5399,#5400),.UNSPECIFIED.,.F.,
  .F.,(2,2),(0.,5.985),.PIECEWISE_BEZIER_KNOTS.);
#5399 = CARTESIAN_POINT('',(8.939548396966,0.));
#5400 = CARTESIAN_POINT('',(8.939548396966,-5.985));
#5401 = ( GEOMETRIC_REPRESENTATION_CONTEXT(2) 
PARAMETRIC_REPRESENTATION_CONTEXT() REPRESENTATION_CONTEXT('2D SPACE',''
  ) );
#5402 = PCURVE('',#3180,#5403);
#5403 = DEFINITIONAL_REPRESENTATION('',(#5404),#5407);
#5404 = B_SPLINE_CURVE_WITH_KNOTS('',1,(#5405,#5406),.UNSPECIFIED.,.F.,
  .F.,(2,2),(0.,5.985),.PIECEWISE_BEZIER_KNOTS.);
#5405 = CARTESIAN_POINT('',(1.537721513728,0.));
#5406 = CARTESIAN_POINT('',(1.537721513728,-5.985));
#5407 = ( GEOMETRIC_REPRESENTATION_CONTEXT(2) 
PARAMETRIC_REPRESENTATION_CONTEXT() REPRESENTATION_CONTEXT('2D SPACE',''
  ) );
#5408 = ORIENTED_EDGE('',*,*,#5409,.T.);
#5409 = EDGE_CURVE('',#5389,#5069,#5410,.T.);
#5410 = SURFACE_CURVE('',#5411,(#5416,#5422),.PCURVE_S1.);
#5411 = CIRCLE('',#5412,6.3);
#5412 = AXIS2_PLACEMENT_3D('',#5413,#5414,#5415);
#5413 = CARTESIAN_POINT('',(0.,0.,-15.75));
#5414 = DIRECTION('',(0.,-0.,1.));
#5415 = DIRECTION('',(0.,1.,0.));
#5416 = PCURVE('',#3153,#5417);
#5417 = DEFINITIONAL_REPRESENTATION('',(#5418),#5421);
#5418 = B_SPLINE_CURVE_WITH_KNOTS('',1,(#5419,#5420),.UNSPECIFIED.,.F.,
  .F.,(2,2),(3.626822217393,6.100356590436),.PIECEWISE_BEZIER_KNOTS.);
#5419 = CARTESIAN_POINT('',(8.939548396966,0.));
#5420 = CARTESIAN_POINT('',(6.466014023924,0.));
#5421 = ( GEOMETRIC_REPRESENTATION_CONTEXT(2) 
PARAMETRIC_REPRESENTATION_CONTEXT() REPRESENTATION_CONTEXT('2D SPACE',''
  ) );
#5422 = PCURVE('',#5005,#5423);
#5423 = DEFINITIONAL_REPRESENTATION('',(#5424),#5428);
#5424 = CIRCLE('',#5425,6.3);
#5425 = AXIS2_PLACEMENT_2D('',#5426,#5427);
#5426 = CARTESIAN_POINT('',(5.7225,-4.305E-16));
#5427 = DIRECTION('',(1.,0.));
#5428 = ( GEOMETRIC_REPRESENTATION_CONTEXT(2) 
PARAMETRIC_REPRESENTATION_CONTEXT() REPRESENTATION_CONTEXT('2D SPACE',''
  ) );
#5429 = ORIENTED_EDGE('',*,*,#5430,.T.);
#5430 = EDGE_CURVE('',#5069,#5046,#5431,.T.);
#5431 = SURFACE_CURVE('',#5432,(#5437,#5443),.PCURVE_S1.);
#5432 = CIRCLE('',#5433,6.3);
#5433 = AXIS2_PLACEMENT_3D('',#5434,#5435,#5436);
#5434 = CARTESIAN_POINT('',(0.,0.,-15.75));
#5435 = DIRECTION('',(0.,-0.,1.));
#5436 = DIRECTION('',(0.,1.,0.));
#5437 = PCURVE('',#3153,#5438);
#5438 = DEFINITIONAL_REPRESENTATION('',(#5439),#5442);
#5439 = B_SPLINE_CURVE_WITH_KNOTS('',1,(#5440,#5441),.UNSPECIFIED.,.F.,
  .F.,(2,2),(6.100356590436,6.466014023924),.PIECEWISE_BEZIER_KNOTS.);
#5440 = CARTESIAN_POINT('',(6.466014023924,0.));
#5441 = CARTESIAN_POINT('',(6.100356590436,0.));
#5442 = ( GEOMETRIC_REPRESENTATION_CONTEXT(2) 
PARAMETRIC_REPRESENTATION_CONTEXT() REPRESENTATION_CONTEXT('2D SPACE',''
  ) );
#5443 = PCURVE('',#5084,#5444);
#5444 = DEFINITIONAL_REPRESENTATION('',(#5445),#5449);
#5445 = CIRCLE('',#5446,6.3);
#5446 = AXIS2_PLACEMENT_2D('',#5447,#5448);
#5447 = CARTESIAN_POINT('',(1.108270783446,-3.66975E-14));
#5448 = DIRECTION('',(1.,0.));
#5449 = ( GEOMETRIC_REPRESENTATION_CONTEXT(2) 
PARAMETRIC_REPRESENTATION_CONTEXT() REPRESENTATION_CONTEXT('2D SPACE',''
  ) );
#5450 = ORIENTED_EDGE('',*,*,#5451,.T.);
#5451 = EDGE_CURVE('',#5046,#5452,#5454,.T.);
#5452 = VERTEX_POINT('',#5453);
#5453 = CARTESIAN_POINT('',(-2.93839205,-5.572777777777,-15.75));
#5454 = SURFACE_CURVE('',#5455,(#5460,#5466),.PCURVE_S1.);
#5455 = CIRCLE('',#5456,6.3);
#5456 = AXIS2_PLACEMENT_3D('',#5457,#5458,#5459);
#5457 = CARTESIAN_POINT('',(0.,0.,-15.75));
#5458 = DIRECTION('',(0.,-0.,1.));
#5459 = DIRECTION('',(0.,1.,0.));
#5460 = PCURVE('',#3153,#5461);
#5461 = DEFINITIONAL_REPRESENTATION('',(#5462),#5465);
#5462 = B_SPLINE_CURVE_WITH_KNOTS('',1,(#5463,#5464),.UNSPECIFIED.,.F.,
  .F.,(2,2),(0.182828716744,2.656363089787),.PIECEWISE_BEZIER_KNOTS.);
#5463 = CARTESIAN_POINT('',(6.100356590436,0.));
#5464 = CARTESIAN_POINT('',(3.626822217393,0.));
#5465 = ( GEOMETRIC_REPRESENTATION_CONTEXT(2) 
PARAMETRIC_REPRESENTATION_CONTEXT() REPRESENTATION_CONTEXT('2D SPACE',''
  ) );
#5466 = PCURVE('',#5005,#5467);
#5467 = DEFINITIONAL_REPRESENTATION('',(#5468),#5472);
#5468 = CIRCLE('',#5469,6.3);
#5469 = AXIS2_PLACEMENT_2D('',#5470,#5471);
#5470 = CARTESIAN_POINT('',(5.7225,-4.305E-16));
#5471 = DIRECTION('',(1.,0.));
#5472 = ( GEOMETRIC_REPRESENTATION_CONTEXT(2) 
PARAMETRIC_REPRESENTATION_CONTEXT() REPRESENTATION_CONTEXT('2D SPACE',''
  ) );
#5473 = ORIENTED_EDGE('',*,*,#5474,.T.);
#5474 = EDGE_CURVE('',#5452,#3135,#5475,.T.);
#5475 = SURFACE_CURVE('',#5476,(#5480,#5486),.PCURVE_S1.);
#5476 = LINE('',#5477,#5478);
#5477 = CARTESIAN_POINT('',(-2.93839205,-5.572777777777,-15.75));
#5478 = VECTOR('',#5479,1.);
#5479 = DIRECTION('',(0.,0.,1.));
#5480 = PCURVE('',#3153,#5481);
#5481 = DEFINITIONAL_REPRESENTATION('',(#5482),#5485);
#5482 = B_SPLINE_CURVE_WITH_KNOTS('',1,(#5483,#5484),.UNSPECIFIED.,.F.,
  .F.,(2,2),(0.,5.985),.PIECEWISE_BEZIER_KNOTS.);
#5483 = CARTESIAN_POINT('',(3.626822217392,0.));
#5484 = CARTESIAN_POINT('',(3.626822217392,-5.985));
#5485 = ( GEOMETRIC_REPRESENTATION_CONTEXT(2) 
PARAMETRIC_REPRESENTATION_CONTEXT() REPRESENTATION_CONTEXT('2D SPACE',''
  ) );
#5486 = PCURVE('',#3180,#5487);
#5487 = DEFINITIONAL_REPRESENTATION('',(#5488),#5491);
#5488 = B_SPLINE_CURVE_WITH_KNOTS('',1,(#5489,#5490),.UNSPECIFIED.,.F.,
  .F.,(2,2),(0.,5.985),.PIECEWISE_BEZIER_KNOTS.);
#5489 = CARTESIAN_POINT('',(4.745463793452,0.));
#5490 = CARTESIAN_POINT('',(4.745463793452,-5.985));
#5491 = ( GEOMETRIC_REPRESENTATION_CONTEXT(2) 
PARAMETRIC_REPRESENTATION_CONTEXT() REPRESENTATION_CONTEXT('2D SPACE',''
  ) );
#5492 = ORIENTED_EDGE('',*,*,#3134,.T.);
#5493 = ADVANCED_FACE('',(#5494),#3180,.F.);
#5494 = FACE_BOUND('',#5495,.F.);
#5495 = EDGE_LOOP('',(#5496,#5497,#5518,#5519));
#5496 = ORIENTED_EDGE('',*,*,#5474,.F.);
#5497 = ORIENTED_EDGE('',*,*,#5498,.T.);
#5498 = EDGE_CURVE('',#5452,#5389,#5499,.T.);
#5499 = SURFACE_CURVE('',#5500,(#5505,#5511),.PCURVE_S1.);
#5500 = CIRCLE('',#5501,2.94);
#5501 = AXIS2_PLACEMENT_3D('',#5502,#5503,#5504);
#5502 = CARTESIAN_POINT('',(0.,-5.67,-15.75));
#5503 = DIRECTION('',(0.,-0.,1.));
#5504 = DIRECTION('',(0.,1.,0.));
#5505 = PCURVE('',#3180,#5506);
#5506 = DEFINITIONAL_REPRESENTATION('',(#5507),#5510);
#5507 = B_SPLINE_CURVE_WITH_KNOTS('',1,(#5508,#5509),.UNSPECIFIED.,.F.,
  .F.,(2,2),(1.537721513728,4.745463793452),.PIECEWISE_BEZIER_KNOTS.);
#5508 = CARTESIAN_POINT('',(4.745463793452,0.));
#5509 = CARTESIAN_POINT('',(1.537721513728,0.));
#5510 = ( GEOMETRIC_REPRESENTATION_CONTEXT(2) 
PARAMETRIC_REPRESENTATION_CONTEXT() REPRESENTATION_CONTEXT('2D SPACE',''
  ) );
#5511 = PCURVE('',#5005,#5512);
#5512 = DEFINITIONAL_REPRESENTATION('',(#5513),#5517);
#5513 = CIRCLE('',#5514,2.94);
#5514 = AXIS2_PLACEMENT_2D('',#5515,#5516);
#5515 = CARTESIAN_POINT('',(5.25E-02,-4.305E-16));
#5516 = DIRECTION('',(1.,0.));
#5517 = ( GEOMETRIC_REPRESENTATION_CONTEXT(2) 
PARAMETRIC_REPRESENTATION_CONTEXT() REPRESENTATION_CONTEXT('2D SPACE',''
  ) );
#5518 = ORIENTED_EDGE('',*,*,#5388,.T.);
#5519 = ORIENTED_EDGE('',*,*,#3165,.T.);
#5520 = ADVANCED_FACE('',(#5521),#3340,.T.);
#5521 = FACE_BOUND('',#5522,.F.);
#5522 = EDGE_LOOP('',(#5523));
#5523 = ORIENTED_EDGE('',*,*,#3325,.F.);
#5524 = ADVANCED_FACE('',(#5525),#3395,.T.);
#5525 = FACE_BOUND('',#5526,.F.);
#5526 = EDGE_LOOP('',(#5527));
#5527 = ORIENTED_EDGE('',*,*,#3380,.F.);
#5528 = ADVANCED_FACE('',(#5529),#3450,.T.);
#5529 = FACE_BOUND('',#5530,.F.);
#5530 = EDGE_LOOP('',(#5531));
#5531 = ORIENTED_EDGE('',*,*,#3435,.F.);
#5532 = ADVANCED_FACE('',(#5533),#3585,.F.);
#5533 = FACE_BOUND('',#5534,.F.);
#5534 = EDGE_LOOP('',(#5535,#5536,#5559,#5586));
#5535 = ORIENTED_EDGE('',*,*,#3568,.F.);
#5536 = ORIENTED_EDGE('',*,*,#5537,.F.);
#5537 = EDGE_CURVE('',#5538,#3569,#5540,.T.);
#5538 = VERTEX_POINT('',#5539);
#5539 = CARTESIAN_POINT('',(13.,16.5,-3.5));
#5540 = SEAM_CURVE('',#5541,(#5545,#5552),.PCURVE_S1.);
#5541 = LINE('',#5542,#5543);
#5542 = CARTESIAN_POINT('',(13.,16.5,-3.5));
#5543 = VECTOR('',#5544,1.);
#5544 = DIRECTION('',(1.,0.,1.110223024625E-16));
#5545 = PCURVE('',#3585,#5546);
#5546 = DEFINITIONAL_REPRESENTATION('',(#5547),#5551);
#5547 = LINE('',#5548,#5549);
#5548 = CARTESIAN_POINT('',(6.28318530718,-0.));
#5549 = VECTOR('',#5550,1.);
#5550 = DIRECTION('',(0.,1.));
#5551 = ( GEOMETRIC_REPRESENTATION_CONTEXT(2) 
PARAMETRIC_REPRESENTATION_CONTEXT() REPRESENTATION_CONTEXT('2D SPACE',''
  ) );
#5552 = PCURVE('',#3585,#5553);
#5553 = DEFINITIONAL_REPRESENTATION('',(#5554),#5558);
#5554 = LINE('',#5555,#5556);
#5555 = CARTESIAN_POINT('',(0.,-0.));
#5556 = VECTOR('',#5557,1.);
#5557 = DIRECTION('',(0.,1.));
#5558 = ( GEOMETRIC_REPRESENTATION_CONTEXT(2) 
PARAMETRIC_REPRESENTATION_CONTEXT() REPRESENTATION_CONTEXT('2D SPACE',''
  ) );
#5559 = ORIENTED_EDGE('',*,*,#5560,.T.);
#5560 = EDGE_CURVE('',#5538,#5538,#5561,.T.);
#5561 = SURFACE_CURVE('',#5562,(#5567,#5574),.PCURVE_S1.);
#5562 = CIRCLE('',#5563,1.5);
#5563 = AXIS2_PLACEMENT_3D('',#5564,#5565,#5566);
#5564 = CARTESIAN_POINT('',(13.,16.5,-2.));
#5565 = DIRECTION('',(1.,-0.,1.110223024625E-16));
#5566 = DIRECTION('',(1.110223024625E-16,0.,-1.));
#5567 = PCURVE('',#3585,#5568);
#5568 = DEFINITIONAL_REPRESENTATION('',(#5569),#5573);
#5569 = LINE('',#5570,#5571);
#5570 = CARTESIAN_POINT('',(0.,0.));
#5571 = VECTOR('',#5572,1.);
#5572 = DIRECTION('',(1.,0.));
#5573 = ( GEOMETRIC_REPRESENTATION_CONTEXT(2) 
PARAMETRIC_REPRESENTATION_CONTEXT() REPRESENTATION_CONTEXT('2D SPACE',''
  ) );
#5574 = PCURVE('',#5575,#5580);
#5575 = PLANE('',#5576);
#5576 = AXIS2_PLACEMENT_3D('',#5577,#5578,#5579);
#5577 = CARTESIAN_POINT('',(13.,16.5,-2.));
#5578 = DIRECTION('',(1.,0.,1.110223024625E-16));
#5579 = DIRECTION('',(1.110223024625E-16,0.,-1.));
#5580 = DEFINITIONAL_REPRESENTATION('',(#5581),#5585);
#5581 = CIRCLE('',#5582,1.5);
#5582 = AXIS2_PLACEMENT_2D('',#5583,#5584);
#5583 = CARTESIAN_POINT('',(0.,0.));
#5584 = DIRECTION('',(1.,0.));
#5585 = ( GEOMETRIC_REPRESENTATION_CONTEXT(2) 
PARAMETRIC_REPRESENTATION_CONTEXT() REPRESENTATION_CONTEXT('2D SPACE',''
  ) );
#5586 = ORIENTED_EDGE('',*,*,#5537,.T.);
#5587 = ADVANCED_FACE('',(#5588),#3616,.F.);
#5588 = FACE_BOUND('',#5589,.F.);
#5589 = EDGE_LOOP('',(#5590,#5591,#5614,#5641));
#5590 = ORIENTED_EDGE('',*,*,#3599,.F.);
#5591 = ORIENTED_EDGE('',*,*,#5592,.F.);
#5592 = EDGE_CURVE('',#5593,#3600,#5595,.T.);
#5593 = VERTEX_POINT('',#5594);
#5594 = CARTESIAN_POINT('',(13.,-3.673940397442E-16,11.1));
#5595 = SEAM_CURVE('',#5596,(#5600,#5607),.PCURVE_S1.);
#5596 = LINE('',#5597,#5598);
#5597 = CARTESIAN_POINT('',(13.,-3.673940397442E-16,11.1));
#5598 = VECTOR('',#5599,1.);
#5599 = DIRECTION('',(1.,0.,1.110223024625E-16));
#5600 = PCURVE('',#3616,#5601);
#5601 = DEFINITIONAL_REPRESENTATION('',(#5602),#5606);
#5602 = LINE('',#5603,#5604);
#5603 = CARTESIAN_POINT('',(6.28318530718,-0.));
#5604 = VECTOR('',#5605,1.);
#5605 = DIRECTION('',(0.,1.));
#5606 = ( GEOMETRIC_REPRESENTATION_CONTEXT(2) 
PARAMETRIC_REPRESENTATION_CONTEXT() REPRESENTATION_CONTEXT('2D SPACE',''
  ) );
#5607 = PCURVE('',#3616,#5608);
#5608 = DEFINITIONAL_REPRESENTATION('',(#5609),#5613);
#5609 = LINE('',#5610,#5611);
#5610 = CARTESIAN_POINT('',(0.,-0.));
#5611 = VECTOR('',#5612,1.);
#5612 = DIRECTION('',(0.,1.));
#5613 = ( GEOMETRIC_REPRESENTATION_CONTEXT(2) 
PARAMETRIC_REPRESENTATION_CONTEXT() REPRESENTATION_CONTEXT('2D SPACE',''
  ) );
#5614 = ORIENTED_EDGE('',*,*,#5615,.T.);
#5615 = EDGE_CURVE('',#5593,#5593,#5616,.T.);
#5616 = SURFACE_CURVE('',#5617,(#5622,#5629),.PCURVE_S1.);
#5617 = CIRCLE('',#5618,1.5);
#5618 = AXIS2_PLACEMENT_3D('',#5619,#5620,#5621);
#5619 = CARTESIAN_POINT('',(13.,0.,12.6));
#5620 = DIRECTION('',(1.,-0.,1.110223024625E-16));
#5621 = DIRECTION('',(1.110223024625E-16,0.,-1.));
#5622 = PCURVE('',#3616,#5623);
#5623 = DEFINITIONAL_REPRESENTATION('',(#5624),#5628);
#5624 = LINE('',#5625,#5626);
#5625 = CARTESIAN_POINT('',(0.,0.));
#5626 = VECTOR('',#5627,1.);
#5627 = DIRECTION('',(1.,0.));
#5628 = ( GEOMETRIC_REPRESENTATION_CONTEXT(2) 
PARAMETRIC_REPRESENTATION_CONTEXT() REPRESENTATION_CONTEXT('2D SPACE',''
  ) );
#5629 = PCURVE('',#5630,#5635);
#5630 = PLANE('',#5631);
#5631 = AXIS2_PLACEMENT_3D('',#5632,#5633,#5634);
#5632 = CARTESIAN_POINT('',(13.,0.,12.6));
#5633 = DIRECTION('',(1.,0.,1.110223024625E-16));
#5634 = DIRECTION('',(1.110223024625E-16,0.,-1.));
#5635 = DEFINITIONAL_REPRESENTATION('',(#5636),#5640);
#5636 = CIRCLE('',#5637,1.5);
#5637 = AXIS2_PLACEMENT_2D('',#5638,#5639);
#5638 = CARTESIAN_POINT('',(0.,0.));
#5639 = DIRECTION('',(1.,0.));
#5640 = ( GEOMETRIC_REPRESENTATION_CONTEXT(2) 
PARAMETRIC_REPRESENTATION_CONTEXT() REPRESENTATION_CONTEXT('2D SPACE',''
  ) );
#5641 = ORIENTED_EDGE('',*,*,#5592,.T.);
#5642 = ADVANCED_FACE('',(#5643),#3647,.F.);
#5643 = FACE_BOUND('',#5644,.F.);
#5644 = EDGE_LOOP('',(#5645,#5646,#5669,#5696));
#5645 = ORIENTED_EDGE('',*,*,#3630,.F.);
#5646 = ORIENTED_EDGE('',*,*,#5647,.F.);
#5647 = EDGE_CURVE('',#5648,#3631,#5650,.T.);
#5648 = VERTEX_POINT('',#5649);
#5649 = CARTESIAN_POINT('',(13.,16.5,7.1));
#5650 = SEAM_CURVE('',#5651,(#5655,#5662),.PCURVE_S1.);
#5651 = LINE('',#5652,#5653);
#5652 = CARTESIAN_POINT('',(13.,16.5,7.1));
#5653 = VECTOR('',#5654,1.);
#5654 = DIRECTION('',(1.,0.,1.110223024625E-16));
#5655 = PCURVE('',#3647,#5656);
#5656 = DEFINITIONAL_REPRESENTATION('',(#5657),#5661);
#5657 = LINE('',#5658,#5659);
#5658 = CARTESIAN_POINT('',(6.28318530718,-0.));
#5659 = VECTOR('',#5660,1.);
#5660 = DIRECTION('',(0.,1.));
#5661 = ( GEOMETRIC_REPRESENTATION_CONTEXT(2) 
PARAMETRIC_REPRESENTATION_CONTEXT() REPRESENTATION_CONTEXT('2D SPACE',''
  ) );
#5662 = PCURVE('',#3647,#5663);
#5663 = DEFINITIONAL_REPRESENTATION('',(#5664),#5668);
#5664 = LINE('',#5665,#5666);
#5665 = CARTESIAN_POINT('',(0.,-0.));
#5666 = VECTOR('',#5667,1.);
#5667 = DIRECTION('',(0.,1.));
#5668 = ( GEOMETRIC_REPRESENTATION_CONTEXT(2) 
PARAMETRIC_REPRESENTATION_CONTEXT() REPRESENTATION_CONTEXT('2D SPACE',''
  ) );
#5669 = ORIENTED_EDGE('',*,*,#5670,.T.);
#5670 = EDGE_CURVE('',#5648,#5648,#5671,.T.);
#5671 = SURFACE_CURVE('',#5672,(#5677,#5684),.PCURVE_S1.);
#5672 = CIRCLE('',#5673,1.5);
#5673 = AXIS2_PLACEMENT_3D('',#5674,#5675,#5676);
#5674 = CARTESIAN_POINT('',(13.,16.5,8.6));
#5675 = DIRECTION('',(1.,-0.,1.110223024625E-16));
#5676 = DIRECTION('',(1.110223024625E-16,0.,-1.));
#5677 = PCURVE('',#3647,#5678);
#5678 = DEFINITIONAL_REPRESENTATION('',(#5679),#5683);
#5679 = LINE('',#5680,#5681);
#5680 = CARTESIAN_POINT('',(0.,0.));
#5681 = VECTOR('',#5682,1.);
#5682 = DIRECTION('',(1.,0.));
#5683 = ( GEOMETRIC_REPRESENTATION_CONTEXT(2) 
PARAMETRIC_REPRESENTATION_CONTEXT() REPRESENTATION_CONTEXT('2D SPACE',''
  ) );
#5684 = PCURVE('',#5685,#5690);
#5685 = PLANE('',#5686);
#5686 = AXIS2_PLACEMENT_3D('',#5687,#5688,#5689);
#5687 = CARTESIAN_POINT('',(13.,16.5,8.6));
#5688 = DIRECTION('',(1.,0.,1.110223024625E-16));
#5689 = DIRECTION('',(1.110223024625E-16,0.,-1.));
#5690 = DEFINITIONAL_REPRESENTATION('',(#5691),#5695);
#5691 = CIRCLE('',#5692,1.5);
#5692 = AXIS2_PLACEMENT_2D('',#5693,#5694);
#5693 = CARTESIAN_POINT('',(0.,0.));
#5694 = DIRECTION('',(1.,0.));
#5695 = ( GEOMETRIC_REPRESENTATION_CONTEXT(2) 
PARAMETRIC_REPRESENTATION_CONTEXT() REPRESENTATION_CONTEXT('2D SPACE',''
  ) );
#5696 = ORIENTED_EDGE('',*,*,#5647,.T.);
#5697 = ADVANCED_FACE('',(#5698,#5701),#3734,.T.);
#5698 = FACE_BOUND('',#5699,.F.);
#5699 = EDGE_LOOP('',(#5700));
#5700 = ORIENTED_EDGE('',*,*,#4600,.F.);
#5701 = FACE_BOUND('',#5702,.F.);
#5702 = EDGE_LOOP('',(#5703));
#5703 = ORIENTED_EDGE('',*,*,#3719,.T.);
#5704 = ADVANCED_FACE('',(#5705,#5708),#3789,.T.);
#5705 = FACE_BOUND('',#5706,.F.);
#5706 = EDGE_LOOP('',(#5707));
#5707 = ORIENTED_EDGE('',*,*,#4700,.F.);
#5708 = FACE_BOUND('',#5709,.F.);
#5709 = EDGE_LOOP('',(#5710));
#5710 = ORIENTED_EDGE('',*,*,#3774,.T.);
#5711 = ADVANCED_FACE('',(#5712,#5715),#4087,.T.);
#5712 = FACE_BOUND('',#5713,.F.);
#5713 = EDGE_LOOP('',(#5714));
#5714 = ORIENTED_EDGE('',*,*,#4650,.F.);
#5715 = FACE_BOUND('',#5716,.F.);
#5716 = EDGE_LOOP('',(#5717));
#5717 = ORIENTED_EDGE('',*,*,#4072,.T.);
#5718 = ADVANCED_FACE('',(#5719,#5722),#4142,.T.);
#5719 = FACE_BOUND('',#5720,.F.);
#5720 = EDGE_LOOP('',(#5721));
#5721 = ORIENTED_EDGE('',*,*,#4750,.F.);
#5722 = FACE_BOUND('',#5723,.F.);
#5723 = EDGE_LOOP('',(#5724));
#5724 = ORIENTED_EDGE('',*,*,#4127,.T.);
#5725 = ADVANCED_FACE('',(#5726),#4198,.T.);
#5726 = FACE_BOUND('',#5727,.T.);
#5727 = EDGE_LOOP('',(#5728,#5729,#5730,#5731));
#5728 = ORIENTED_EDGE('',*,*,#4182,.F.);
#5729 = ORIENTED_EDGE('',*,*,#4334,.T.);
#5730 = ORIENTED_EDGE('',*,*,#4307,.T.);
#5731 = ORIENTED_EDGE('',*,*,#4236,.F.);
#5732 = ADVANCED_FACE('',(#5733),#4431,.T.);
#5733 = FACE_BOUND('',#5734,.T.);
#5734 = EDGE_LOOP('',(#5735,#5736,#5737,#5738));
#5735 = ORIENTED_EDGE('',*,*,#4415,.F.);
#5736 = ORIENTED_EDGE('',*,*,#4567,.T.);
#5737 = ORIENTED_EDGE('',*,*,#4540,.T.);
#5738 = ORIENTED_EDGE('',*,*,#4469,.F.);
#5739 = ADVANCED_FACE('',(#5740),#4927,.F.);
#5740 = FACE_BOUND('',#5741,.F.);
#5741 = EDGE_LOOP('',(#5742));
#5742 = ORIENTED_EDGE('',*,*,#4912,.T.);
#5743 = ADVANCED_FACE('',(#5744),#5005,.F.);
#5744 = FACE_BOUND('',#5745,.F.);
#5745 = EDGE_LOOP('',(#5746,#5747,#5748,#5749,#5750,#5751,#5752,#5753));
#5746 = ORIENTED_EDGE('',*,*,#4991,.F.);
#5747 = ORIENTED_EDGE('',*,*,#5145,.F.);
#5748 = ORIENTED_EDGE('',*,*,#5171,.F.);
#5749 = ORIENTED_EDGE('',*,*,#5096,.F.);
#5750 = ORIENTED_EDGE('',*,*,#5409,.F.);
#5751 = ORIENTED_EDGE('',*,*,#5498,.F.);
#5752 = ORIENTED_EDGE('',*,*,#5451,.F.);
#5753 = ORIENTED_EDGE('',*,*,#5045,.F.);
#5754 = ADVANCED_FACE('',(#5755),#5084,.T.);
#5755 = FACE_BOUND('',#5756,.T.);
#5756 = EDGE_LOOP('',(#5757,#5758));
#5757 = ORIENTED_EDGE('',*,*,#5068,.T.);
#5758 = ORIENTED_EDGE('',*,*,#5430,.T.);
#5759 = ADVANCED_FACE('',(#5760),#5234,.F.);
#5760 = FACE_BOUND('',#5761,.F.);
#5761 = EDGE_LOOP('',(#5762));
#5762 = ORIENTED_EDGE('',*,*,#5219,.T.);
#5763 = ADVANCED_FACE('',(#5764),#5317,.T.);
#5764 = FACE_BOUND('',#5765,.F.);
#5765 = EDGE_LOOP('',(#5766));
#5766 = ORIENTED_EDGE('',*,*,#5302,.F.);
#5767 = ADVANCED_FACE('',(#5768),#5372,.T.);
#5768 = FACE_BOUND('',#5769,.F.);
#5769 = EDGE_LOOP('',(#5770));
#5770 = ORIENTED_EDGE('',*,*,#5357,.F.);
#5771 = ADVANCED_FACE('',(#5772),#5575,.T.);
#5772 = FACE_BOUND('',#5773,.F.);
#5773 = EDGE_LOOP('',(#5774));
#5774 = ORIENTED_EDGE('',*,*,#5560,.F.);
#5775 = ADVANCED_FACE('',(#5776),#5630,.T.);
#5776 = FACE_BOUND('',#5777,.F.);
#5777 = EDGE_LOOP('',(#5778));
#5778 = ORIENTED_EDGE('',*,*,#5615,.F.);
#5779 = ADVANCED_FACE('',(#5780),#5685,.T.);
#5780 = FACE_BOUND('',#5781,.F.);
#5781 = EDGE_LOOP('',(#5782));
#5782 = ORIENTED_EDGE('',*,*,#5670,.F.);
#5783 = ( GEOMETRIC_REPRESENTATION_CONTEXT(3) 
GLOBAL_UNCERTAINTY_ASSIGNED_CONTEXT((#5787)) 
GLOBAL_UNIT_ASSIGNED_CONTEXT((#5784,#5785,#5786)) REPRESENTATION_CONTEXT
('Context #1','3D Context with UNIT and UNCERTAINTY') );
#5784 = ( LENGTH_UNIT() NAMED_UNIT(*) SI_UNIT(.MILLI.,.METRE.) );
#5785 = ( NAMED_UNIT(*) PLANE_ANGLE_UNIT() SI_UNIT($,.RADIAN.) );
#5786 = ( NAMED_UNIT(*) SI_UNIT($,.STERADIAN.) SOLID_ANGLE_UNIT() );
#5787 = UNCERTAINTY_MEASURE_WITH_UNIT(LENGTH_MEASURE(1.E-07),#5784,
  'distance_accuracy_value','confusion accuracy');
#5788 = CONTEXT_DEPENDENT_SHAPE_REPRESENTATION(#5789,#5791);
#5789 = ( REPRESENTATION_RELATIONSHIP('','',#67,#44) 
REPRESENTATION_RELATIONSHIP_WITH_TRANSFORMATION(#5790) 
SHAPE_REPRESENTATION_RELATIONSHIP() );
#5790 = ITEM_DEFINED_TRANSFORMATION('','',#11,#45);
#5791 = PRODUCT_DEFINITION_SHAPE('Placement','Placement of an item',
  #5792);
#5792 = NEXT_ASSEMBLY_USAGE_OCCURRENCE('1','=>[0:1:1:3]','',#39,#62,$);
#5793 = PRODUCT_RELATED_PRODUCT_CATEGORY('part',$,(#64));
#5794 = SHAPE_DEFINITION_REPRESENTATION(#5795,#5801);
#5795 = PRODUCT_DEFINITION_SHAPE('','',#5796);
#5796 = PRODUCT_DEFINITION('design','',#5797,#5800);
#5797 = PRODUCT_DEFINITION_FORMATION('','',#5798);
#5798 = PRODUCT('ASSEMBLY','ASSEMBLY','',(#5799));
#5799 = PRODUCT_CONTEXT('',#2,'mechanical');
#5800 = PRODUCT_DEFINITION_CONTEXT('part definition',#2,'design');
#5801 = SHAPE_REPRESENTATION('',(#11,#5802),#5806);
#5802 = AXIS2_PLACEMENT_3D('',#5803,#5804,#5805);
#5803 = CARTESIAN_POINT('',(0.,0.,0.));
#5804 = DIRECTION('',(0.,0.,1.));
#5805 = DIRECTION('',(1.,0.,-0.));
#5806 = ( GEOMETRIC_REPRESENTATION_CONTEXT(3) 
GLOBAL_UNCERTAINTY_ASSIGNED_CONTEXT((#5810)) 
GLOBAL_UNIT_ASSIGNED_CONTEXT((#5807,#5808,#5809)) REPRESENTATION_CONTEXT
('Context #1','3D Context with UNIT and UNCERTAINTY') );
#5807 = ( LENGTH_UNIT() NAMED_UNIT(*) SI_UNIT(.MILLI.,.METRE.) );
#5808 = ( NAMED_UNIT(*) PLANE_ANGLE_UNIT() SI_UNIT($,.RADIAN.) );
#5809 = ( NAMED_UNIT(*) SI_UNIT($,.STERADIAN.) SOLID_ANGLE_UNIT() );
#5810 = UNCERTAINTY_MEASURE_WITH_UNIT(LENGTH_MEASURE(1.E-07),#5807,
  'distance_accuracy_value','confusion accuracy');
#5811 = CONTEXT_DEPENDENT_SHAPE_REPRESENTATION(#5812,#5814);
#5812 = ( REPRESENTATION_RELATIONSHIP('','',#5801,#10) 
REPRESENTATION_RELATIONSHIP_WITH_TRANSFORMATION(#5813) 
SHAPE_REPRESENTATION_RELATIONSHIP() );
#5813 = ITEM_DEFINED_TRANSFORMATION('','',#11,#19);
#5814 = PRODUCT_DEFINITION_SHAPE('Placement','Placement of an item',
  #5815);
#5815 = NEXT_ASSEMBLY_USAGE_OCCURRENCE('4','=>[0:1:1:4]','',#5,#5796,$);
#5816 = PRODUCT_RELATED_PRODUCT_CATEGORY('part',$,(#5798));
#5817 = SHAPE_DEFINITION_REPRESENTATION(#5818,#5824);
#5818 = PRODUCT_DEFINITION_SHAPE('','',#5819);
#5819 = PRODUCT_DEFINITION('design','',#5820,#5823);
#5820 = PRODUCT_DEFINITION_FORMATION('','',#5821);
#5821 = PRODUCT('SOLID','SOLID','',(#5822));
#5822 = PRODUCT_CONTEXT('',#2,'mechanical');
#5823 = PRODUCT_DEFINITION_CONTEXT('part definition',#2,'design');
#5824 = ADVANCED_BREP_SHAPE_REPRESENTATION('',(#11,#5825),#11951);
#5825 = MANIFOLD_SOLID_BREP('',#5826);
#5826 = CLOSED_SHELL('',(#5827,#5915,#8162,#10024,#10067,#10092,#10117,
    #10142,#10167,#10192,#10217,#10242,#10267,#10292,#10317,#10342,
    #10367,#10392,#10417,#10442,#10467,#10492,#10517,#10542,#10567,
    #10592,#10617,#10642,#10667,#10692,#10717,#10742,#10767,#10792,
    #10817,#10842,#10867,#10892,#10917,#10942,#10967,#10974,#11001,
    #11044,#11069,#11094,#11119,#11144,#11169,#11194,#11219,#11244,
    #11269,#11294,#11319,#11344,#11369,#11394,#11419,#11444,#11469,
    #11494,#11519,#11544,#11569,#11594,#11619,#11644,#11669,#11694,
    #11719,#11744,#11769,#11794,#11819,#11844,#11869,#11894,#11919,
    #11944));
#5827 = ADVANCED_FACE('',(#5828),#5842,.T.);
#5828 = FACE_BOUND('',#5829,.T.);
#5829 = EDGE_LOOP('',(#5830,#5860,#5887,#5888));
#5830 = ORIENTED_EDGE('',*,*,#5831,.T.);
#5831 = EDGE_CURVE('',#5832,#5834,#5836,.T.);
#5832 = VERTEX_POINT('',#5833);
#5833 = CARTESIAN_POINT('',(10.5,0.,-4.));
#5834 = VERTEX_POINT('',#5835);
#5835 = CARTESIAN_POINT('',(10.5,0.,-9.));
#5836 = SEAM_CURVE('',#5837,(#5841,#5853),.PCURVE_S1.);
#5837 = LINE('',#5838,#5839);
#5838 = CARTESIAN_POINT('',(10.5,0.,-4.));
#5839 = VECTOR('',#5840,1.);
#5840 = DIRECTION('',(-0.,-0.,-1.));
#5841 = PCURVE('',#5842,#5847);
#5842 = CYLINDRICAL_SURFACE('',#5843,10.5);
#5843 = AXIS2_PLACEMENT_3D('',#5844,#5845,#5846);
#5844 = CARTESIAN_POINT('',(0.,0.,-4.));
#5845 = DIRECTION('',(0.,0.,1.));
#5846 = DIRECTION('',(1.,0.,0.));
#5847 = DEFINITIONAL_REPRESENTATION('',(#5848),#5852);
#5848 = LINE('',#5849,#5850);
#5849 = CARTESIAN_POINT('',(0.,0.));
#5850 = VECTOR('',#5851,1.);
#5851 = DIRECTION('',(0.,-1.));
#5852 = ( GEOMETRIC_REPRESENTATION_CONTEXT(2) 
PARAMETRIC_REPRESENTATION_CONTEXT() REPRESENTATION_CONTEXT('2D SPACE',''
  ) );
#5853 = PCURVE('',#5842,#5854);
#5854 = DEFINITIONAL_REPRESENTATION('',(#5855),#5859);
#5855 = LINE('',#5856,#5857);
#5856 = CARTESIAN_POINT('',(6.28318530718,0.));
#5857 = VECTOR('',#5858,1.);
#5858 = DIRECTION('',(0.,-1.));
#5859 = ( GEOMETRIC_REPRESENTATION_CONTEXT(2) 
PARAMETRIC_REPRESENTATION_CONTEXT() REPRESENTATION_CONTEXT('2D SPACE',''
  ) );
#5860 = ORIENTED_EDGE('',*,*,#5861,.T.);
#5861 = EDGE_CURVE('',#5834,#5834,#5862,.T.);
#5862 = SURFACE_CURVE('',#5863,(#5868,#5875),.PCURVE_S1.);
#5863 = CIRCLE('',#5864,10.5);
#5864 = AXIS2_PLACEMENT_3D('',#5865,#5866,#5867);
#5865 = CARTESIAN_POINT('',(0.,0.,-9.));
#5866 = DIRECTION('',(0.,0.,1.));
#5867 = DIRECTION('',(1.,0.,0.));
#5868 = PCURVE('',#5842,#5869);
#5869 = DEFINITIONAL_REPRESENTATION('',(#5870),#5874);
#5870 = LINE('',#5871,#5872);
#5871 = CARTESIAN_POINT('',(0.,-5.));
#5872 = VECTOR('',#5873,1.);
#5873 = DIRECTION('',(1.,0.));
#5874 = ( GEOMETRIC_REPRESENTATION_CONTEXT(2) 
PARAMETRIC_REPRESENTATION_CONTEXT() REPRESENTATION_CONTEXT('2D SPACE',''
  ) );
#5875 = PCURVE('',#5876,#5881);
#5876 = PLANE('',#5877);
#5877 = AXIS2_PLACEMENT_3D('',#5878,#5879,#5880);
#5878 = CARTESIAN_POINT('',(-1.041859148601E-15,9.230319459916E-17,-9.)
  );
#5879 = DIRECTION('',(0.,0.,1.));
#5880 = DIRECTION('',(1.,0.,0.));
#5881 = DEFINITIONAL_REPRESENTATION('',(#5882),#5886);
#5882 = CIRCLE('',#5883,10.5);
#5883 = AXIS2_PLACEMENT_2D('',#5884,#5885);
#5884 = CARTESIAN_POINT('',(1.041859148601E-15,-9.230319459916E-17));
#5885 = DIRECTION('',(1.,0.));
#5886 = ( GEOMETRIC_REPRESENTATION_CONTEXT(2) 
PARAMETRIC_REPRESENTATION_CONTEXT() REPRESENTATION_CONTEXT('2D SPACE',''
  ) );
#5887 = ORIENTED_EDGE('',*,*,#5831,.F.);
#5888 = ORIENTED_EDGE('',*,*,#5889,.F.);
#5889 = EDGE_CURVE('',#5832,#5832,#5890,.T.);
#5890 = SURFACE_CURVE('',#5891,(#5896,#5903),.PCURVE_S1.);
#5891 = CIRCLE('',#5892,10.5);
#5892 = AXIS2_PLACEMENT_3D('',#5893,#5894,#5895);
#5893 = CARTESIAN_POINT('',(0.,0.,-4.));
#5894 = DIRECTION('',(0.,0.,1.));
#5895 = DIRECTION('',(1.,0.,0.));
#5896 = PCURVE('',#5842,#5897);
#5897 = DEFINITIONAL_REPRESENTATION('',(#5898),#5902);
#5898 = LINE('',#5899,#5900);
#5899 = CARTESIAN_POINT('',(0.,0.));
#5900 = VECTOR('',#5901,1.);
#5901 = DIRECTION('',(1.,0.));
#5902 = ( GEOMETRIC_REPRESENTATION_CONTEXT(2) 
PARAMETRIC_REPRESENTATION_CONTEXT() REPRESENTATION_CONTEXT('2D SPACE',''
  ) );
#5903 = PCURVE('',#5904,#5909);
#5904 = PLANE('',#5905);
#5905 = AXIS2_PLACEMENT_3D('',#5906,#5907,#5908);
#5906 = CARTESIAN_POINT('',(-1.041859148601E-15,9.230319459916E-17,-4.)
  );
#5907 = DIRECTION('',(0.,0.,1.));
#5908 = DIRECTION('',(1.,0.,0.));
#5909 = DEFINITIONAL_REPRESENTATION('',(#5910),#5914);
#5910 = CIRCLE('',#5911,10.5);
#5911 = AXIS2_PLACEMENT_2D('',#5912,#5913);
#5912 = CARTESIAN_POINT('',(1.041859148601E-15,-9.230319459916E-17));
#5913 = DIRECTION('',(1.,0.));
#5914 = ( GEOMETRIC_REPRESENTATION_CONTEXT(2) 
PARAMETRIC_REPRESENTATION_CONTEXT() REPRESENTATION_CONTEXT('2D SPACE',''
  ) );
#5915 = ADVANCED_FACE('',(#5916,#5919,#7023,#7058),#5904,.T.);
#5916 = FACE_BOUND('',#5917,.T.);
#5917 = EDGE_LOOP('',(#5918));
#5918 = ORIENTED_EDGE('',*,*,#5889,.T.);
#5919 = FACE_BOUND('',#5920,.T.);
#5920 = EDGE_LOOP('',(#5921,#5952,#5981,#6010,#6039,#6068,#6097,#6126,
    #6155,#6184,#6213,#6242,#6271,#6300,#6329,#6358,#6387,#6416,#6445,
    #6474,#6503,#6532,#6561,#6590,#6619,#6648,#6677,#6706,#6735,#6764,
    #6793,#6822,#6851,#6880,#6909,#6938,#6967,#6996));
#5921 = ORIENTED_EDGE('',*,*,#5922,.F.);
#5922 = EDGE_CURVE('',#5923,#5925,#5927,.T.);
#5923 = VERTEX_POINT('',#5924);
#5924 = CARTESIAN_POINT('',(-4.149827862504,-8.431295254441,-4.));
#5925 = VERTEX_POINT('',#5926);
#5926 = CARTESIAN_POINT('',(-2.397873144488,-5.827918807282,-4.));
#5927 = SURFACE_CURVE('',#5928,(#5933,#5940),.PCURVE_S1.);
#5928 = CIRCLE('',#5929,1.6);
#5929 = AXIS2_PLACEMENT_3D('',#5930,#5931,#5932);
#5930 = CARTESIAN_POINT('',(-3.013774344585,-7.304626534531,-4.));
#5931 = DIRECTION('',(0.,0.,1.));
#5932 = DIRECTION('',(1.,0.,-0.));
#5933 = PCURVE('',#5904,#5934);
#5934 = DEFINITIONAL_REPRESENTATION('',(#5935),#5939);
#5935 = CIRCLE('',#5936,1.6);
#5936 = AXIS2_PLACEMENT_2D('',#5937,#5938);
#5937 = CARTESIAN_POINT('',(-3.013774344585,-7.304626534531));
#5938 = DIRECTION('',(1.,0.));
#5939 = ( GEOMETRIC_REPRESENTATION_CONTEXT(2) 
PARAMETRIC_REPRESENTATION_CONTEXT() REPRESENTATION_CONTEXT('2D SPACE',''
  ) );
#5940 = PCURVE('',#5941,#5946);
#5941 = CYLINDRICAL_SURFACE('',#5942,1.6);
#5942 = AXIS2_PLACEMENT_3D('',#5943,#5944,#5945);
#5943 = CARTESIAN_POINT('',(-3.013774344585,-7.304626534531,-10.));
#5944 = DIRECTION('',(0.,0.,1.));
#5945 = DIRECTION('',(1.,0.,0.));
#5946 = DEFINITIONAL_REPRESENTATION('',(#5947),#5951);
#5947 = LINE('',#5948,#5949);
#5948 = CARTESIAN_POINT('',(0.,6.));
#5949 = VECTOR('',#5950,1.);
#5950 = DIRECTION('',(1.,0.));
#5951 = ( GEOMETRIC_REPRESENTATION_CONTEXT(2) 
PARAMETRIC_REPRESENTATION_CONTEXT() REPRESENTATION_CONTEXT('2D SPACE',''
  ) );
#5952 = ORIENTED_EDGE('',*,*,#5953,.F.);
#5953 = EDGE_CURVE('',#5954,#5923,#5956,.T.);
#5954 = VERTEX_POINT('',#5955);
#5955 = CARTESIAN_POINT('',(-4.748570145933,-7.996048620045,-4.));
#5956 = SURFACE_CURVE('',#5957,(#5962,#5969),.PCURVE_S1.);
#5957 = CIRCLE('',#5958,1.6);
#5958 = AXIS2_PLACEMENT_3D('',#5959,#5960,#5961);
#5959 = CARTESIAN_POINT('',(-3.533926662406,-6.954587527192,-4.));
#5960 = DIRECTION('',(0.,0.,1.));
#5961 = DIRECTION('',(1.,0.,-0.));
#5962 = PCURVE('',#5904,#5963);
#5963 = DEFINITIONAL_REPRESENTATION('',(#5964),#5968);
#5964 = CIRCLE('',#5965,1.6);
#5965 = AXIS2_PLACEMENT_2D('',#5966,#5967);
#5966 = CARTESIAN_POINT('',(-3.533926662406,-6.954587527192));
#5967 = DIRECTION('',(1.,0.));
#5968 = ( GEOMETRIC_REPRESENTATION_CONTEXT(2) 
PARAMETRIC_REPRESENTATION_CONTEXT() REPRESENTATION_CONTEXT('2D SPACE',''
  ) );
#5969 = PCURVE('',#5970,#5975);
#5970 = CYLINDRICAL_SURFACE('',#5971,1.6);
#5971 = AXIS2_PLACEMENT_3D('',#5972,#5973,#5974);
#5972 = CARTESIAN_POINT('',(-3.533926662406,-6.954587527192,-10.));
#5973 = DIRECTION('',(0.,0.,1.));
#5974 = DIRECTION('',(1.,0.,0.));
#5975 = DEFINITIONAL_REPRESENTATION('',(#5976),#5980);
#5976 = LINE('',#5977,#5978);
#5977 = CARTESIAN_POINT('',(0.,6.));
#5978 = VECTOR('',#5979,1.);
#5979 = DIRECTION('',(1.,0.));
#5980 = ( GEOMETRIC_REPRESENTATION_CONTEXT(2) 
PARAMETRIC_REPRESENTATION_CONTEXT() REPRESENTATION_CONTEXT('2D SPACE',''
  ) );
#5981 = ORIENTED_EDGE('',*,*,#5982,.F.);
#5982 = EDGE_CURVE('',#5983,#5954,#5985,.T.);
#5983 = VERTEX_POINT('',#5984);
#5984 = CARTESIAN_POINT('',(-5.327668626694,-7.500111351162,-4.));
#5985 = SURFACE_CURVE('',#5986,(#5991,#5998),.PCURVE_S1.);
#5986 = CIRCLE('',#5987,1.6);
#5987 = AXIS2_PLACEMENT_3D('',#5988,#5989,#5990);
#5988 = CARTESIAN_POINT('',(-4.027349179251,-6.567818835585,-4.));
#5989 = DIRECTION('',(0.,0.,1.));
#5990 = DIRECTION('',(1.,0.,-0.));
#5991 = PCURVE('',#5904,#5992);
#5992 = DEFINITIONAL_REPRESENTATION('',(#5993),#5997);
#5993 = CIRCLE('',#5994,1.6);
#5994 = AXIS2_PLACEMENT_2D('',#5995,#5996);
#5995 = CARTESIAN_POINT('',(-4.027349179251,-6.567818835585));
#5996 = DIRECTION('',(1.,0.));
#5997 = ( GEOMETRIC_REPRESENTATION_CONTEXT(2) 
PARAMETRIC_REPRESENTATION_CONTEXT() REPRESENTATION_CONTEXT('2D SPACE',''
  ) );
#5998 = PCURVE('',#5999,#6004);
#5999 = CYLINDRICAL_SURFACE('',#6000,1.6);
#6000 = AXIS2_PLACEMENT_3D('',#6001,#6002,#6003);
#6001 = CARTESIAN_POINT('',(-4.027349179251,-6.567818835585,-10.));
#6002 = DIRECTION('',(0.,0.,1.));
#6003 = DIRECTION('',(1.,0.,0.));
#6004 = DEFINITIONAL_REPRESENTATION('',(#6005),#6009);
#6005 = LINE('',#6006,#6007);
#6006 = CARTESIAN_POINT('',(0.,6.));
#6007 = VECTOR('',#6008,1.);
#6008 = DIRECTION('',(1.,0.));
#6009 = ( GEOMETRIC_REPRESENTATION_CONTEXT(2) 
PARAMETRIC_REPRESENTATION_CONTEXT() REPRESENTATION_CONTEXT('2D SPACE',''
  ) );
#6010 = ORIENTED_EDGE('',*,*,#6011,.F.);
#6011 = EDGE_CURVE('',#6012,#5983,#6014,.T.);
#6012 = VERTEX_POINT('',#6013);
#6013 = CARTESIAN_POINT('',(-5.853879233003,-6.968721318015,-4.));
#6014 = SURFACE_CURVE('',#6015,(#6020,#6027),.PCURVE_S1.);
#6015 = CIRCLE('',#6016,1.6);
#6016 = AXIS2_PLACEMENT_3D('',#6017,#6018,#6019);
#6017 = CARTESIAN_POINT('',(-4.485358604989,-6.139775426717,-4.));
#6018 = DIRECTION('',(0.,0.,1.));
#6019 = DIRECTION('',(1.,0.,-0.));
#6020 = PCURVE('',#5904,#6021);
#6021 = DEFINITIONAL_REPRESENTATION('',(#6022),#6026);
#6022 = CIRCLE('',#6023,1.6);
#6023 = AXIS2_PLACEMENT_2D('',#6024,#6025);
#6024 = CARTESIAN_POINT('',(-4.485358604989,-6.139775426717));
#6025 = DIRECTION('',(1.,0.));
#6026 = ( GEOMETRIC_REPRESENTATION_CONTEXT(2) 
PARAMETRIC_REPRESENTATION_CONTEXT() REPRESENTATION_CONTEXT('2D SPACE',''
  ) );
#6027 = PCURVE('',#6028,#6033);
#6028 = CYLINDRICAL_SURFACE('',#6029,1.6);
#6029 = AXIS2_PLACEMENT_3D('',#6030,#6031,#6032);
#6030 = CARTESIAN_POINT('',(-4.485358604989,-6.139775426717,-10.));
#6031 = DIRECTION('',(0.,0.,1.));
#6032 = DIRECTION('',(1.,0.,0.));
#6033 = DEFINITIONAL_REPRESENTATION('',(#6034),#6038);
#6034 = LINE('',#6035,#6036);
#6035 = CARTESIAN_POINT('',(0.,6.));
#6036 = VECTOR('',#6037,1.);
#6037 = DIRECTION('',(1.,0.));
#6038 = ( GEOMETRIC_REPRESENTATION_CONTEXT(2) 
PARAMETRIC_REPRESENTATION_CONTEXT() REPRESENTATION_CONTEXT('2D SPACE',''
  ) );
#6039 = ORIENTED_EDGE('',*,*,#6040,.F.);
#6040 = EDGE_CURVE('',#6041,#6012,#6043,.T.);
#6041 = VERTEX_POINT('',#6042);
#6042 = CARTESIAN_POINT('',(-6.344338596142,-6.384392897887,-4.));
#6043 = SURFACE_CURVE('',#6044,(#6049,#6056),.PCURVE_S1.);
#6044 = CIRCLE('',#6045,1.6);
#6045 = AXIS2_PLACEMENT_3D('',#6046,#6047,#6048);
#6046 = CARTESIAN_POINT('',(-4.908927832733,-5.677571887806,-4.));
#6047 = DIRECTION('',(0.,0.,1.));
#6048 = DIRECTION('',(1.,0.,-0.));
#6049 = PCURVE('',#5904,#6050);
#6050 = DEFINITIONAL_REPRESENTATION('',(#6051),#6055);
#6051 = CIRCLE('',#6052,1.6);
#6052 = AXIS2_PLACEMENT_2D('',#6053,#6054);
#6053 = CARTESIAN_POINT('',(-4.908927832733,-5.677571887806));
#6054 = DIRECTION('',(1.,0.));
#6055 = ( GEOMETRIC_REPRESENTATION_CONTEXT(2) 
PARAMETRIC_REPRESENTATION_CONTEXT() REPRESENTATION_CONTEXT('2D SPACE',''
  ) );
#6056 = PCURVE('',#6057,#6062);
#6057 = CYLINDRICAL_SURFACE('',#6058,1.6);
#6058 = AXIS2_PLACEMENT_3D('',#6059,#6060,#6061);
#6059 = CARTESIAN_POINT('',(-4.908927832733,-5.677571887806,-10.));
#6060 = DIRECTION('',(0.,0.,1.));
#6061 = DIRECTION('',(1.,0.,0.));
#6062 = DEFINITIONAL_REPRESENTATION('',(#6063),#6067);
#6063 = LINE('',#6064,#6065);
#6064 = CARTESIAN_POINT('',(0.,6.));
#6065 = VECTOR('',#6066,1.);
#6066 = DIRECTION('',(1.,0.));
#6067 = ( GEOMETRIC_REPRESENTATION_CONTEXT(2) 
PARAMETRIC_REPRESENTATION_CONTEXT() REPRESENTATION_CONTEXT('2D SPACE',''
  ) );
#6068 = ORIENTED_EDGE('',*,*,#6069,.F.);
#6069 = EDGE_CURVE('',#6070,#6041,#6072,.T.);
#6070 = VERTEX_POINT('',#6071);
#6071 = CARTESIAN_POINT('',(-6.778066409882,-5.769917481471,-4.));
#6072 = SURFACE_CURVE('',#6073,(#6078,#6085),.PCURVE_S1.);
#6073 = CIRCLE('',#6074,1.6);
#6074 = AXIS2_PLACEMENT_3D('',#6075,#6076,#6077);
#6075 = CARTESIAN_POINT('',(-5.290653960608,-5.180337795808,-4.));
#6076 = DIRECTION('',(0.,0.,1.));
#6077 = DIRECTION('',(1.,0.,-0.));
#6078 = PCURVE('',#5904,#6079);
#6079 = DEFINITIONAL_REPRESENTATION('',(#6080),#6084);
#6080 = CIRCLE('',#6081,1.6);
#6081 = AXIS2_PLACEMENT_2D('',#6082,#6083);
#6082 = CARTESIAN_POINT('',(-5.290653960608,-5.180337795808));
#6083 = DIRECTION('',(1.,0.));
#6084 = ( GEOMETRIC_REPRESENTATION_CONTEXT(2) 
PARAMETRIC_REPRESENTATION_CONTEXT() REPRESENTATION_CONTEXT('2D SPACE',''
  ) );
#6085 = PCURVE('',#6086,#6091);
#6086 = CYLINDRICAL_SURFACE('',#6087,1.6);
#6087 = AXIS2_PLACEMENT_3D('',#6088,#6089,#6090);
#6088 = CARTESIAN_POINT('',(-5.290653960608,-5.180337795808,-10.));
#6089 = DIRECTION('',(0.,0.,1.));
#6090 = DIRECTION('',(1.,0.,0.));
#6091 = DEFINITIONAL_REPRESENTATION('',(#6092),#6096);
#6092 = LINE('',#6093,#6094);
#6093 = CARTESIAN_POINT('',(0.,6.));
#6094 = VECTOR('',#6095,1.);
#6095 = DIRECTION('',(1.,0.));
#6096 = ( GEOMETRIC_REPRESENTATION_CONTEXT(2) 
PARAMETRIC_REPRESENTATION_CONTEXT() REPRESENTATION_CONTEXT('2D SPACE',''
  ) );
#6097 = ORIENTED_EDGE('',*,*,#6098,.F.);
#6098 = EDGE_CURVE('',#6099,#6070,#6101,.T.);
#6099 = VERTEX_POINT('',#6100);
#6100 = CARTESIAN_POINT('',(-7.165547522754,-5.108294301438,-4.));
#6101 = SURFACE_CURVE('',#6102,(#6107,#6114),.PCURVE_S1.);
#6102 = CIRCLE('',#6103,1.6);
#6103 = AXIS2_PLACEMENT_3D('',#6104,#6105,#6106);
#6104 = CARTESIAN_POINT('',(-5.631374161701,-4.654078385561,-4.));
#6105 = DIRECTION('',(0.,0.,1.));
#6106 = DIRECTION('',(1.,0.,-0.));
#6107 = PCURVE('',#5904,#6108);
#6108 = DEFINITIONAL_REPRESENTATION('',(#6109),#6113);
#6109 = CIRCLE('',#6110,1.6);
#6110 = AXIS2_PLACEMENT_2D('',#6111,#6112);
#6111 = CARTESIAN_POINT('',(-5.631374161701,-4.654078385561));
#6112 = DIRECTION('',(1.,0.));
#6113 = ( GEOMETRIC_REPRESENTATION_CONTEXT(2) 
PARAMETRIC_REPRESENTATION_CONTEXT() REPRESENTATION_CONTEXT('2D SPACE',''
  ) );
#6114 = PCURVE('',#6115,#6120);
#6115 = CYLINDRICAL_SURFACE('',#6116,1.6);
#6116 = AXIS2_PLACEMENT_3D('',#6117,#6118,#6119);
#6117 = CARTESIAN_POINT('',(-5.631374161701,-4.654078385561,-10.));
#6118 = DIRECTION('',(0.,0.,1.));
#6119 = DIRECTION('',(1.,0.,0.));
#6120 = DEFINITIONAL_REPRESENTATION('',(#6121),#6125);
#6121 = LINE('',#6122,#6123);
#6122 = CARTESIAN_POINT('',(0.,6.));
#6123 = VECTOR('',#6124,1.);
#6124 = DIRECTION('',(1.,0.));
#6125 = ( GEOMETRIC_REPRESENTATION_CONTEXT(2) 
PARAMETRIC_REPRESENTATION_CONTEXT() REPRESENTATION_CONTEXT('2D SPACE',''
  ) );
#6126 = ORIENTED_EDGE('',*,*,#6127,.F.);
#6127 = EDGE_CURVE('',#6128,#6099,#6130,.T.);
#6128 = VERTEX_POINT('',#6129);
#6129 = CARTESIAN_POINT('',(-7.489452775034,-4.428433990452,-4.));
#6130 = SURFACE_CURVE('',#6131,(#6136,#6143),.PCURVE_S1.);
#6131 = CIRCLE('',#6132,1.6);
#6132 = AXIS2_PLACEMENT_3D('',#6133,#6134,#6135);
#6133 = CARTESIAN_POINT('',(-5.923625846533,-4.099517542124,-4.));
#6134 = DIRECTION('',(0.,0.,1.));
#6135 = DIRECTION('',(1.,0.,-0.));
#6136 = PCURVE('',#5904,#6137);
#6137 = DEFINITIONAL_REPRESENTATION('',(#6138),#6142);
#6138 = CIRCLE('',#6139,1.6);
#6139 = AXIS2_PLACEMENT_2D('',#6140,#6141);
#6140 = CARTESIAN_POINT('',(-5.923625846533,-4.099517542124));
#6141 = DIRECTION('',(1.,0.));
#6142 = ( GEOMETRIC_REPRESENTATION_CONTEXT(2) 
PARAMETRIC_REPRESENTATION_CONTEXT() REPRESENTATION_CONTEXT('2D SPACE',''
  ) );
#6143 = PCURVE('',#6144,#6149);
#6144 = CYLINDRICAL_SURFACE('',#6145,1.6);
#6145 = AXIS2_PLACEMENT_3D('',#6146,#6147,#6148);
#6146 = CARTESIAN_POINT('',(-5.923625846533,-4.099517542124,-10.));
#6147 = DIRECTION('',(0.,0.,1.));
#6148 = DIRECTION('',(1.,0.,0.));
#6149 = DEFINITIONAL_REPRESENTATION('',(#6150),#6154);
#6150 = LINE('',#6151,#6152);
#6151 = CARTESIAN_POINT('',(0.,6.));
#6152 = VECTOR('',#6153,1.);
#6153 = DIRECTION('',(1.,0.));
#6154 = ( GEOMETRIC_REPRESENTATION_CONTEXT(2) 
PARAMETRIC_REPRESENTATION_CONTEXT() REPRESENTATION_CONTEXT('2D SPACE',''
  ) );
#6155 = ORIENTED_EDGE('',*,*,#6156,.F.);
#6156 = EDGE_CURVE('',#6157,#6128,#6159,.T.);
#6157 = VERTEX_POINT('',#6158);
#6158 = CARTESIAN_POINT('',(-7.760035141816,-3.703281513018,-4.));
#6159 = SURFACE_CURVE('',#6160,(#6165,#6172),.PCURVE_S1.);
#6160 = CIRCLE('',#6161,1.6);
#6161 = AXIS2_PLACEMENT_3D('',#6162,#6163,#6164);
#6162 = CARTESIAN_POINT('',(-6.170211191574,-3.523115458404,-4.));
#6163 = DIRECTION('',(0.,0.,1.));
#6164 = DIRECTION('',(1.,0.,-0.));
#6165 = PCURVE('',#5904,#6166);
#6166 = DEFINITIONAL_REPRESENTATION('',(#6167),#6171);
#6167 = CIRCLE('',#6168,1.6);
#6168 = AXIS2_PLACEMENT_2D('',#6169,#6170);
#6169 = CARTESIAN_POINT('',(-6.170211191574,-3.523115458404));
#6170 = DIRECTION('',(1.,0.));
#6171 = ( GEOMETRIC_REPRESENTATION_CONTEXT(2) 
PARAMETRIC_REPRESENTATION_CONTEXT() REPRESENTATION_CONTEXT('2D SPACE',''
  ) );
#6172 = PCURVE('',#6173,#6178);
#6173 = CYLINDRICAL_SURFACE('',#6174,1.6);
#6174 = AXIS2_PLACEMENT_3D('',#6175,#6176,#6177);
#6175 = CARTESIAN_POINT('',(-6.170211191574,-3.523115458404,-10.));
#6176 = DIRECTION('',(0.,0.,1.));
#6177 = DIRECTION('',(1.,0.,0.));
#6178 = DEFINITIONAL_REPRESENTATION('',(#6179),#6183);
#6179 = LINE('',#6180,#6181);
#6180 = CARTESIAN_POINT('',(0.,6.));
#6181 = VECTOR('',#6182,1.);
#6182 = DIRECTION('',(1.,0.));
#6183 = ( GEOMETRIC_REPRESENTATION_CONTEXT(2) 
PARAMETRIC_REPRESENTATION_CONTEXT() REPRESENTATION_CONTEXT('2D SPACE',''
  ) );
#6184 = ORIENTED_EDGE('',*,*,#6185,.F.);
#6185 = EDGE_CURVE('',#6186,#6157,#6188,.T.);
#6186 = VERTEX_POINT('',#6187);
#6187 = CARTESIAN_POINT('',(-7.960692170665,-2.975725577943,-4.));
#6188 = SURFACE_CURVE('',#6189,(#6194,#6201),.PCURVE_S1.);
#6189 = CIRCLE('',#6190,1.6);
#6190 = AXIS2_PLACEMENT_3D('',#6191,#6192,#6193);
#6191 = CARTESIAN_POINT('',(-6.361461566716,-2.926112319707,-4.));
#6192 = DIRECTION('',(0.,0.,1.));
#6193 = DIRECTION('',(1.,0.,-0.));
#6194 = PCURVE('',#5904,#6195);
#6195 = DEFINITIONAL_REPRESENTATION('',(#6196),#6200);
#6196 = CIRCLE('',#6197,1.6);
#6197 = AXIS2_PLACEMENT_2D('',#6198,#6199);
#6198 = CARTESIAN_POINT('',(-6.361461566716,-2.926112319707));
#6199 = DIRECTION('',(1.,0.));
#6200 = ( GEOMETRIC_REPRESENTATION_CONTEXT(2) 
PARAMETRIC_REPRESENTATION_CONTEXT() REPRESENTATION_CONTEXT('2D SPACE',''
  ) );
#6201 = PCURVE('',#6202,#6207);
#6202 = CYLINDRICAL_SURFACE('',#6203,1.6);
#6203 = AXIS2_PLACEMENT_3D('',#6204,#6205,#6206);
#6204 = CARTESIAN_POINT('',(-6.361461566716,-2.926112319707,-10.));
#6205 = DIRECTION('',(0.,0.,1.));
#6206 = DIRECTION('',(1.,0.,0.));
#6207 = DEFINITIONAL_REPRESENTATION('',(#6208),#6212);
#6208 = LINE('',#6209,#6210);
#6209 = CARTESIAN_POINT('',(-8.881784197001E-16,6.));
#6210 = VECTOR('',#6211,1.);
#6211 = DIRECTION('',(1.,0.));
#6212 = ( GEOMETRIC_REPRESENTATION_CONTEXT(2) 
PARAMETRIC_REPRESENTATION_CONTEXT() REPRESENTATION_CONTEXT('2D SPACE',''
  ) );
#6213 = ORIENTED_EDGE('',*,*,#6214,.F.);
#6214 = EDGE_CURVE('',#6215,#6186,#6217,.T.);
#6215 = VERTEX_POINT('',#6216);
#6216 = CARTESIAN_POINT('',(-8.099907105771,-2.211823762021,-4.));
#6217 = SURFACE_CURVE('',#6218,(#6223,#6230),.PCURVE_S1.);
#6218 = CIRCLE('',#6219,1.6);
#6219 = AXIS2_PLACEMENT_3D('',#6220,#6221,#6222);
#6220 = CARTESIAN_POINT('',(-6.503268693329,-2.315485615726,-4.));
#6221 = DIRECTION('',(0.,0.,1.));
#6222 = DIRECTION('',(1.,0.,-0.));
#6223 = PCURVE('',#5904,#6224);
#6224 = DEFINITIONAL_REPRESENTATION('',(#6225),#6229);
#6225 = CIRCLE('',#6226,1.6);
#6226 = AXIS2_PLACEMENT_2D('',#6227,#6228);
#6227 = CARTESIAN_POINT('',(-6.503268693329,-2.315485615726));
#6228 = DIRECTION('',(1.,0.));
#6229 = ( GEOMETRIC_REPRESENTATION_CONTEXT(2) 
PARAMETRIC_REPRESENTATION_CONTEXT() REPRESENTATION_CONTEXT('2D SPACE',''
  ) );
#6230 = PCURVE('',#6231,#6236);
#6231 = CYLINDRICAL_SURFACE('',#6232,1.6);
#6232 = AXIS2_PLACEMENT_3D('',#6233,#6234,#6235);
#6233 = CARTESIAN_POINT('',(-6.503268693329,-2.315485615726,-10.));
#6234 = DIRECTION('',(0.,0.,1.));
#6235 = DIRECTION('',(1.,0.,0.));
#6236 = DEFINITIONAL_REPRESENTATION('',(#6237),#6241);
#6237 = LINE('',#6238,#6239);
#6238 = CARTESIAN_POINT('',(0.,6.));
#6239 = VECTOR('',#6240,1.);
#6240 = DIRECTION('',(1.,0.));
#6241 = ( GEOMETRIC_REPRESENTATION_CONTEXT(2) 
PARAMETRIC_REPRESENTATION_CONTEXT() REPRESENTATION_CONTEXT('2D SPACE',''
  ) );
#6242 = ORIENTED_EDGE('',*,*,#6243,.F.);
#6243 = EDGE_CURVE('',#6244,#6215,#6246,.T.);
#6244 = VERTEX_POINT('',#6245);
#6245 = CARTESIAN_POINT('',(-8.167427203831,-1.450946811964,-4.));
#6246 = SURFACE_CURVE('',#6247,(#6252,#6259),.PCURVE_S1.);
#6247 = CIRCLE('',#6248,1.6);
#6248 = AXIS2_PLACEMENT_3D('',#6249,#6250,#6251);
#6249 = CARTESIAN_POINT('',(-6.58600288451,-1.694045808794,-4.));
#6250 = DIRECTION('',(0.,0.,1.));
#6251 = DIRECTION('',(1.,0.,-0.));
#6252 = PCURVE('',#5904,#6253);
#6253 = DEFINITIONAL_REPRESENTATION('',(#6254),#6258);
#6254 = CIRCLE('',#6255,1.6);
#6255 = AXIS2_PLACEMENT_2D('',#6256,#6257);
#6256 = CARTESIAN_POINT('',(-6.58600288451,-1.694045808794));
#6257 = DIRECTION('',(1.,0.));
#6258 = ( GEOMETRIC_REPRESENTATION_CONTEXT(2) 
PARAMETRIC_REPRESENTATION_CONTEXT() REPRESENTATION_CONTEXT('2D SPACE',''
  ) );
#6259 = PCURVE('',#6260,#6265);
#6260 = CYLINDRICAL_SURFACE('',#6261,1.6);
#6261 = AXIS2_PLACEMENT_3D('',#6262,#6263,#6264);
#6262 = CARTESIAN_POINT('',(-6.58600288451,-1.694045808794,-10.));
#6263 = DIRECTION('',(0.,0.,1.));
#6264 = DIRECTION('',(1.,0.,0.));
#6265 = DEFINITIONAL_REPRESENTATION('',(#6266),#6270);
#6266 = LINE('',#6267,#6268);
#6267 = CARTESIAN_POINT('',(0.,6.));
#6268 = VECTOR('',#6269,1.);
#6269 = DIRECTION('',(1.,0.));
#6270 = ( GEOMETRIC_REPRESENTATION_CONTEXT(2) 
PARAMETRIC_REPRESENTATION_CONTEXT() REPRESENTATION_CONTEXT('2D SPACE',''
  ) );
#6271 = ORIENTED_EDGE('',*,*,#6272,.F.);
#6272 = EDGE_CURVE('',#6273,#6244,#6275,.T.);
#6273 = VERTEX_POINT('',#6274);
#6274 = CARTESIAN_POINT('',(-8.166794156195,-0.682262478103,-4.));
#6275 = SURFACE_CURVE('',#6276,(#6281,#6288),.PCURVE_S1.);
#6276 = CIRCLE('',#6277,1.6);
#6277 = AXIS2_PLACEMENT_3D('',#6278,#6279,#6280);
#6278 = CARTESIAN_POINT('',(-6.613959250676,-1.06788373815,-4.));
#6279 = DIRECTION('',(0.,0.,1.));
#6280 = DIRECTION('',(1.,0.,-0.));
#6281 = PCURVE('',#5904,#6282);
#6282 = DEFINITIONAL_REPRESENTATION('',(#6283),#6287);
#6283 = CIRCLE('',#6284,1.6);
#6284 = AXIS2_PLACEMENT_2D('',#6285,#6286);
#6285 = CARTESIAN_POINT('',(-6.613959250676,-1.06788373815));
#6286 = DIRECTION('',(1.,0.));
#6287 = ( GEOMETRIC_REPRESENTATION_CONTEXT(2) 
PARAMETRIC_REPRESENTATION_CONTEXT() REPRESENTATION_CONTEXT('2D SPACE',''
  ) );
#6288 = PCURVE('',#6289,#6294);
#6289 = CYLINDRICAL_SURFACE('',#6290,1.6);
#6290 = AXIS2_PLACEMENT_3D('',#6291,#6292,#6293);
#6291 = CARTESIAN_POINT('',(-6.613959250676,-1.06788373815,-10.));
#6292 = DIRECTION('',(0.,0.,1.));
#6293 = DIRECTION('',(1.,0.,0.));
#6294 = DEFINITIONAL_REPRESENTATION('',(#6295),#6299);
#6295 = LINE('',#6296,#6297);
#6296 = CARTESIAN_POINT('',(0.,6.));
#6297 = VECTOR('',#6298,1.);
#6298 = DIRECTION('',(1.,0.));
#6299 = ( GEOMETRIC_REPRESENTATION_CONTEXT(2) 
PARAMETRIC_REPRESENTATION_CONTEXT() REPRESENTATION_CONTEXT('2D SPACE',''
  ) );
#6300 = ORIENTED_EDGE('',*,*,#6301,.F.);
#6301 = EDGE_CURVE('',#6302,#6273,#6304,.T.);
#6302 = VERTEX_POINT('',#6303);
#6303 = CARTESIAN_POINT('',(-8.09265514411,9.403918849999E-02,-4.));
#6304 = SURFACE_CURVE('',#6305,(#6310,#6317),.PCURVE_S1.);
#6305 = CIRCLE('',#6306,1.6);
#6306 = AXIS2_PLACEMENT_3D('',#6307,#6308,#6309);
#6307 = CARTESIAN_POINT('',(-6.584991423454,-0.441638051467,-4.));
#6308 = DIRECTION('',(0.,0.,1.));
#6309 = DIRECTION('',(1.,0.,-0.));
#6310 = PCURVE('',#5904,#6311);
#6311 = DEFINITIONAL_REPRESENTATION('',(#6312),#6316);
#6312 = CIRCLE('',#6313,1.6);
#6313 = AXIS2_PLACEMENT_2D('',#6314,#6315);
#6314 = CARTESIAN_POINT('',(-6.584991423454,-0.441638051467));
#6315 = DIRECTION('',(1.,0.));
#6316 = ( GEOMETRIC_REPRESENTATION_CONTEXT(2) 
PARAMETRIC_REPRESENTATION_CONTEXT() REPRESENTATION_CONTEXT('2D SPACE',''
  ) );
#6317 = PCURVE('',#6318,#6323);
#6318 = CYLINDRICAL_SURFACE('',#6319,1.6);
#6319 = AXIS2_PLACEMENT_3D('',#6320,#6321,#6322);
#6320 = CARTESIAN_POINT('',(-6.584991423454,-0.441638051467,-10.));
#6321 = DIRECTION('',(0.,0.,1.));
#6322 = DIRECTION('',(1.,0.,0.));
#6323 = DEFINITIONAL_REPRESENTATION('',(#6324),#6328);
#6324 = LINE('',#6325,#6326);
#6325 = CARTESIAN_POINT('',(0.,6.));
#6326 = VECTOR('',#6327,1.);
#6327 = DIRECTION('',(1.,0.));
#6328 = ( GEOMETRIC_REPRESENTATION_CONTEXT(2) 
PARAMETRIC_REPRESENTATION_CONTEXT() REPRESENTATION_CONTEXT('2D SPACE',''
  ) );
#6329 = ORIENTED_EDGE('',*,*,#6330,.F.);
#6330 = EDGE_CURVE('',#6331,#6302,#6333,.T.);
#6331 = VERTEX_POINT('',#6332);
#6332 = CARTESIAN_POINT('',(-7.948025709905,0.84832822966,-4.));
#6333 = SURFACE_CURVE('',#6334,(#6339,#6346),.PCURVE_S1.);
#6334 = CIRCLE('',#6335,1.6);
#6335 = AXIS2_PLACEMENT_3D('',#6336,#6337,#6338);
#6336 = CARTESIAN_POINT('',(-6.494896058487,0.178690853037,-4.));
#6337 = DIRECTION('',(0.,0.,1.));
#6338 = DIRECTION('',(1.,0.,-0.));
#6339 = PCURVE('',#5904,#6340);
#6340 = DEFINITIONAL_REPRESENTATION('',(#6341),#6345);
#6341 = CIRCLE('',#6342,1.6);
#6342 = AXIS2_PLACEMENT_2D('',#6343,#6344);
#6343 = CARTESIAN_POINT('',(-6.494896058487,0.178690853037));
#6344 = DIRECTION('',(1.,0.));
#6345 = ( GEOMETRIC_REPRESENTATION_CONTEXT(2) 
PARAMETRIC_REPRESENTATION_CONTEXT() REPRESENTATION_CONTEXT('2D SPACE',''
  ) );
#6346 = PCURVE('',#6347,#6352);
#6347 = CYLINDRICAL_SURFACE('',#6348,1.6);
#6348 = AXIS2_PLACEMENT_3D('',#6349,#6350,#6351);
#6349 = CARTESIAN_POINT('',(-6.494896058487,0.178690853037,-10.));
#6350 = DIRECTION('',(0.,0.,1.));
#6351 = DIRECTION('',(1.,0.,0.));
#6352 = DEFINITIONAL_REPRESENTATION('',(#6353),#6357);
#6353 = LINE('',#6354,#6355);
#6354 = CARTESIAN_POINT('',(0.,6.));
#6355 = VECTOR('',#6356,1.);
#6356 = DIRECTION('',(1.,0.));
#6357 = ( GEOMETRIC_REPRESENTATION_CONTEXT(2) 
PARAMETRIC_REPRESENTATION_CONTEXT() REPRESENTATION_CONTEXT('2D SPACE',''
  ) );
#6358 = ORIENTED_EDGE('',*,*,#6359,.F.);
#6359 = EDGE_CURVE('',#6360,#6331,#6362,.T.);
#6360 = VERTEX_POINT('',#6361);
#6361 = CARTESIAN_POINT('',(-7.730610697197,1.595495626405,-4.));
#6362 = SURFACE_CURVE('',#6363,(#6368,#6375),.PCURVE_S1.);
#6363 = CIRCLE('',#6364,1.6);
#6364 = AXIS2_PLACEMENT_3D('',#6365,#6366,#6367);
#6365 = CARTESIAN_POINT('',(-6.349152352828,0.788295005262,-4.));
#6366 = DIRECTION('',(0.,0.,1.));
#6367 = DIRECTION('',(1.,0.,-0.));
#6368 = PCURVE('',#5904,#6369);
#6369 = DEFINITIONAL_REPRESENTATION('',(#6370),#6374);
#6370 = CIRCLE('',#6371,1.6);
#6371 = AXIS2_PLACEMENT_2D('',#6372,#6373);
#6372 = CARTESIAN_POINT('',(-6.349152352828,0.788295005262));
#6373 = DIRECTION('',(1.,0.));
#6374 = ( GEOMETRIC_REPRESENTATION_CONTEXT(2) 
PARAMETRIC_REPRESENTATION_CONTEXT() REPRESENTATION_CONTEXT('2D SPACE',''
  ) );
#6375 = PCURVE('',#6376,#6381);
#6376 = CYLINDRICAL_SURFACE('',#6377,1.6);
#6377 = AXIS2_PLACEMENT_3D('',#6378,#6379,#6380);
#6378 = CARTESIAN_POINT('',(-6.349152352828,0.788295005262,-10.));
#6379 = DIRECTION('',(0.,0.,1.));
#6380 = DIRECTION('',(1.,0.,0.));
#6381 = DEFINITIONAL_REPRESENTATION('',(#6382),#6386);
#6382 = LINE('',#6383,#6384);
#6383 = CARTESIAN_POINT('',(0.,6.));
#6384 = VECTOR('',#6385,1.);
#6385 = DIRECTION('',(1.,0.));
#6386 = ( GEOMETRIC_REPRESENTATION_CONTEXT(2) 
PARAMETRIC_REPRESENTATION_CONTEXT() REPRESENTATION_CONTEXT('2D SPACE',''
  ) );
#6387 = ORIENTED_EDGE('',*,*,#6388,.F.);
#6388 = EDGE_CURVE('',#6389,#6360,#6391,.T.);
#6389 = VERTEX_POINT('',#6390);
#6390 = CARTESIAN_POINT('',(-7.438657067344,2.3226268787,-4.));
#6391 = SURFACE_CURVE('',#6392,(#6397,#6404),.PCURVE_S1.);
#6392 = CIRCLE('',#6393,1.6);
#6393 = AXIS2_PLACEMENT_3D('',#6394,#6395,#6396);
#6394 = CARTESIAN_POINT('',(-6.145047203501,1.381046547465,-4.));
#6395 = DIRECTION('',(0.,0.,1.));
#6396 = DIRECTION('',(1.,0.,-0.));
#6397 = PCURVE('',#5904,#6398);
#6398 = DEFINITIONAL_REPRESENTATION('',(#6399),#6403);
#6399 = CIRCLE('',#6400,1.6);
#6400 = AXIS2_PLACEMENT_2D('',#6401,#6402);
#6401 = CARTESIAN_POINT('',(-6.145047203501,1.381046547465));
#6402 = DIRECTION('',(1.,0.));
#6403 = ( GEOMETRIC_REPRESENTATION_CONTEXT(2) 
PARAMETRIC_REPRESENTATION_CONTEXT() REPRESENTATION_CONTEXT('2D SPACE',''
  ) );
#6404 = PCURVE('',#6405,#6410);
#6405 = CYLINDRICAL_SURFACE('',#6406,1.6);
#6406 = AXIS2_PLACEMENT_3D('',#6407,#6408,#6409);
#6407 = CARTESIAN_POINT('',(-6.145047203501,1.381046547465,-10.));
#6408 = DIRECTION('',(0.,0.,1.));
#6409 = DIRECTION('',(1.,0.,0.));
#6410 = DEFINITIONAL_REPRESENTATION('',(#6411),#6415);
#6411 = LINE('',#6412,#6413);
#6412 = CARTESIAN_POINT('',(0.,6.));
#6413 = VECTOR('',#6414,1.);
#6414 = DIRECTION('',(1.,0.));
#6415 = ( GEOMETRIC_REPRESENTATION_CONTEXT(2) 
PARAMETRIC_REPRESENTATION_CONTEXT() REPRESENTATION_CONTEXT('2D SPACE',''
  ) );
#6416 = ORIENTED_EDGE('',*,*,#6417,.F.);
#6417 = EDGE_CURVE('',#6418,#6389,#6420,.T.);
#6418 = VERTEX_POINT('',#6419);
#6419 = CARTESIAN_POINT('',(-7.080352007642,3.011092697503,-4.));
#6420 = SURFACE_CURVE('',#6421,(#6426,#6433),.PCURVE_S1.);
#6421 = CIRCLE('',#6422,1.6);
#6422 = AXIS2_PLACEMENT_3D('',#6423,#6424,#6425);
#6423 = CARTESIAN_POINT('',(-5.882590821973,1.950258996065,-4.));
#6424 = DIRECTION('',(0.,0.,1.));
#6425 = DIRECTION('',(1.,0.,-0.));
#6426 = PCURVE('',#5904,#6427);
#6427 = DEFINITIONAL_REPRESENTATION('',(#6428),#6432);
#6428 = CIRCLE('',#6429,1.6);
#6429 = AXIS2_PLACEMENT_2D('',#6430,#6431);
#6430 = CARTESIAN_POINT('',(-5.882590821973,1.950258996065));
#6431 = DIRECTION('',(1.,0.));
#6432 = ( GEOMETRIC_REPRESENTATION_CONTEXT(2) 
PARAMETRIC_REPRESENTATION_CONTEXT() REPRESENTATION_CONTEXT('2D SPACE',''
  ) );
#6433 = PCURVE('',#6434,#6439);
#6434 = CYLINDRICAL_SURFACE('',#6435,1.6);
#6435 = AXIS2_PLACEMENT_3D('',#6436,#6437,#6438);
#6436 = CARTESIAN_POINT('',(-5.882590821973,1.950258996065,-10.));
#6437 = DIRECTION('',(0.,0.,1.));
#6438 = DIRECTION('',(1.,0.,0.));
#6439 = DEFINITIONAL_REPRESENTATION('',(#6440),#6444);
#6440 = LINE('',#6441,#6442);
#6441 = CARTESIAN_POINT('',(0.,6.));
#6442 = VECTOR('',#6443,1.);
#6443 = DIRECTION('',(1.,0.));
#6444 = ( GEOMETRIC_REPRESENTATION_CONTEXT(2) 
PARAMETRIC_REPRESENTATION_CONTEXT() REPRESENTATION_CONTEXT('2D SPACE',''
  ) );
#6445 = ORIENTED_EDGE('',*,*,#6446,.F.);
#6446 = EDGE_CURVE('',#6447,#6418,#6449,.T.);
#6447 = VERTEX_POINT('',#6448);
#6448 = CARTESIAN_POINT('',(-6.655554752187,3.664349579201,-4.));
#6449 = SURFACE_CURVE('',#6450,(#6455,#6462),.PCURVE_S1.);
#6450 = CIRCLE('',#6451,1.6);
#6451 = AXIS2_PLACEMENT_3D('',#6452,#6453,#6454);
#6452 = CARTESIAN_POINT('',(-5.56698893049,2.491735212995,-4.));
#6453 = DIRECTION('',(0.,0.,1.));
#6454 = DIRECTION('',(1.,0.,-0.));
#6455 = PCURVE('',#5904,#6456);
#6456 = DEFINITIONAL_REPRESENTATION('',(#6457),#6461);
#6457 = CIRCLE('',#6458,1.6);
#6458 = AXIS2_PLACEMENT_2D('',#6459,#6460);
#6459 = CARTESIAN_POINT('',(-5.56698893049,2.491735212995));
#6460 = DIRECTION('',(1.,0.));
#6461 = ( GEOMETRIC_REPRESENTATION_CONTEXT(2) 
PARAMETRIC_REPRESENTATION_CONTEXT() REPRESENTATION_CONTEXT('2D SPACE',''
  ) );
#6462 = PCURVE('',#6463,#6468);
#6463 = CYLINDRICAL_SURFACE('',#6464,1.6);
#6464 = AXIS2_PLACEMENT_3D('',#6465,#6466,#6467);
#6465 = CARTESIAN_POINT('',(-5.56698893049,2.491735212995,-10.));
#6466 = DIRECTION('',(0.,0.,1.));
#6467 = DIRECTION('',(1.,0.,0.));
#6468 = DEFINITIONAL_REPRESENTATION('',(#6469),#6473);
#6469 = LINE('',#6470,#6471);
#6470 = CARTESIAN_POINT('',(0.,6.));
#6471 = VECTOR('',#6472,1.);
#6472 = DIRECTION('',(1.,0.));
#6473 = ( GEOMETRIC_REPRESENTATION_CONTEXT(2) 
PARAMETRIC_REPRESENTATION_CONTEXT() REPRESENTATION_CONTEXT('2D SPACE',''
  ) );
#6474 = ORIENTED_EDGE('',*,*,#6475,.F.);
#6475 = EDGE_CURVE('',#6476,#6447,#6478,.T.);
#6476 = VERTEX_POINT('',#6477);
#6477 = CARTESIAN_POINT('',(-4.111434178303,1.827385633794,-4.));
#6478 = SURFACE_CURVE('',#6479,(#6484,#6491),.PCURVE_S1.);
#6479 = CIRCLE('',#6480,1.6);
#6480 = AXIS2_PLACEMENT_3D('',#6481,#6482,#6483);
#6481 = CARTESIAN_POINT('',(-5.2,3.,-4.));
#6482 = DIRECTION('',(0.,0.,1.));
#6483 = DIRECTION('',(1.,0.,-0.));
#6484 = PCURVE('',#5904,#6485);
#6485 = DEFINITIONAL_REPRESENTATION('',(#6486),#6490);
#6486 = CIRCLE('',#6487,1.6);
#6487 = AXIS2_PLACEMENT_2D('',#6488,#6489);
#6488 = CARTESIAN_POINT('',(-5.2,3.));
#6489 = DIRECTION('',(1.,0.));
#6490 = ( GEOMETRIC_REPRESENTATION_CONTEXT(2) 
PARAMETRIC_REPRESENTATION_CONTEXT() REPRESENTATION_CONTEXT('2D SPACE',''
  ) );
#6491 = PCURVE('',#6492,#6497);
#6492 = CYLINDRICAL_SURFACE('',#6493,1.6);
#6493 = AXIS2_PLACEMENT_3D('',#6494,#6495,#6496);
#6494 = CARTESIAN_POINT('',(-5.2,3.,-10.));
#6495 = DIRECTION('',(0.,0.,1.));
#6496 = DIRECTION('',(1.,0.,0.));
#6497 = DEFINITIONAL_REPRESENTATION('',(#6498),#6502);
#6498 = LINE('',#6499,#6500);
#6499 = CARTESIAN_POINT('',(0.,6.));
#6500 = VECTOR('',#6501,1.);
#6501 = DIRECTION('',(1.,0.));
#6502 = ( GEOMETRIC_REPRESENTATION_CONTEXT(2) 
PARAMETRIC_REPRESENTATION_CONTEXT() REPRESENTATION_CONTEXT('2D SPACE',''
  ) );
#6503 = ORIENTED_EDGE('',*,*,#6504,.F.);
#6504 = EDGE_CURVE('',#6505,#6476,#6507,.T.);
#6505 = VERTEX_POINT('',#6506);
#6506 = CARTESIAN_POINT('',(-4.369227744822,1.430901511558,-4.));
#6507 = SURFACE_CURVE('',#6508,(#6513,#6520),.PCURVE_S1.);
#6508 = CIRCLE('',#6509,1.6);
#6509 = AXIS2_PLACEMENT_3D('',#6510,#6511,#6512);
#6510 = CARTESIAN_POINT('',(-5.56698893049,2.491735212995,-4.));
#6511 = DIRECTION('',(0.,0.,1.));
#6512 = DIRECTION('',(1.,0.,-0.));
#6513 = PCURVE('',#5904,#6514);
#6514 = DEFINITIONAL_REPRESENTATION('',(#6515),#6519);
#6515 = CIRCLE('',#6516,1.6);
#6516 = AXIS2_PLACEMENT_2D('',#6517,#6518);
#6517 = CARTESIAN_POINT('',(-5.56698893049,2.491735212995));
#6518 = DIRECTION('',(1.,0.));
#6519 = ( GEOMETRIC_REPRESENTATION_CONTEXT(2) 
PARAMETRIC_REPRESENTATION_CONTEXT() REPRESENTATION_CONTEXT('2D SPACE',''
  ) );
#6520 = PCURVE('',#6521,#6526);
#6521 = CYLINDRICAL_SURFACE('',#6522,1.6);
#6522 = AXIS2_PLACEMENT_3D('',#6523,#6524,#6525);
#6523 = CARTESIAN_POINT('',(-5.56698893049,2.491735212995,-10.));
#6524 = DIRECTION('',(0.,0.,1.));
#6525 = DIRECTION('',(1.,0.,0.));
#6526 = DEFINITIONAL_REPRESENTATION('',(#6527),#6531);
#6527 = LINE('',#6528,#6529);
#6528 = CARTESIAN_POINT('',(0.,6.));
#6529 = VECTOR('',#6530,1.);
#6530 = DIRECTION('',(1.,0.));
#6531 = ( GEOMETRIC_REPRESENTATION_CONTEXT(2) 
PARAMETRIC_REPRESENTATION_CONTEXT() REPRESENTATION_CONTEXT('2D SPACE',''
  ) );
#6532 = ORIENTED_EDGE('',*,*,#6533,.F.);
#6533 = EDGE_CURVE('',#6534,#6505,#6536,.T.);
#6534 = VERTEX_POINT('',#6535);
#6535 = CARTESIAN_POINT('',(-4.588980958131,1.00867866483,-4.));
#6536 = SURFACE_CURVE('',#6537,(#6542,#6549),.PCURVE_S1.);
#6537 = CIRCLE('',#6538,1.6);
#6538 = AXIS2_PLACEMENT_3D('',#6539,#6540,#6541);
#6539 = CARTESIAN_POINT('',(-5.882590821973,1.950258996065,-4.));
#6540 = DIRECTION('',(0.,0.,1.));
#6541 = DIRECTION('',(1.,0.,-0.));
#6542 = PCURVE('',#5904,#6543);
#6543 = DEFINITIONAL_REPRESENTATION('',(#6544),#6548);
#6544 = CIRCLE('',#6545,1.6);
#6545 = AXIS2_PLACEMENT_2D('',#6546,#6547);
#6546 = CARTESIAN_POINT('',(-5.882590821973,1.950258996065));
#6547 = DIRECTION('',(1.,0.));
#6548 = ( GEOMETRIC_REPRESENTATION_CONTEXT(2) 
PARAMETRIC_REPRESENTATION_CONTEXT() REPRESENTATION_CONTEXT('2D SPACE',''
  ) );
#6549 = PCURVE('',#6550,#6555);
#6550 = CYLINDRICAL_SURFACE('',#6551,1.6);
#6551 = AXIS2_PLACEMENT_3D('',#6552,#6553,#6554);
#6552 = CARTESIAN_POINT('',(-5.882590821973,1.950258996065,-10.));
#6553 = DIRECTION('',(0.,0.,1.));
#6554 = DIRECTION('',(1.,0.,0.));
#6555 = DEFINITIONAL_REPRESENTATION('',(#6556),#6560);
#6556 = LINE('',#6557,#6558);
#6557 = CARTESIAN_POINT('',(0.,6.));
#6558 = VECTOR('',#6559,1.);
#6559 = DIRECTION('',(1.,0.));
#6560 = ( GEOMETRIC_REPRESENTATION_CONTEXT(2) 
PARAMETRIC_REPRESENTATION_CONTEXT() REPRESENTATION_CONTEXT('2D SPACE',''
  ) );
#6561 = ORIENTED_EDGE('',*,*,#6562,.F.);
#6562 = EDGE_CURVE('',#6563,#6534,#6565,.T.);
#6563 = VERTEX_POINT('',#6564);
#6564 = CARTESIAN_POINT('',(-4.763588859132,0.573845926322,-4.));
#6565 = SURFACE_CURVE('',#6566,(#6571,#6578),.PCURVE_S1.);
#6566 = CIRCLE('',#6567,1.6);
#6567 = AXIS2_PLACEMENT_3D('',#6568,#6569,#6570);
#6568 = CARTESIAN_POINT('',(-6.145047203501,1.381046547465,-4.));
#6569 = DIRECTION('',(0.,0.,1.));
#6570 = DIRECTION('',(1.,0.,-0.));
#6571 = PCURVE('',#5904,#6572);
#6572 = DEFINITIONAL_REPRESENTATION('',(#6573),#6577);
#6573 = CIRCLE('',#6574,1.6);
#6574 = AXIS2_PLACEMENT_2D('',#6575,#6576);
#6575 = CARTESIAN_POINT('',(-6.145047203501,1.381046547465));
#6576 = DIRECTION('',(1.,0.));
#6577 = ( GEOMETRIC_REPRESENTATION_CONTEXT(2) 
PARAMETRIC_REPRESENTATION_CONTEXT() REPRESENTATION_CONTEXT('2D SPACE',''
  ) );
#6578 = PCURVE('',#6579,#6584);
#6579 = CYLINDRICAL_SURFACE('',#6580,1.6);
#6580 = AXIS2_PLACEMENT_3D('',#6581,#6582,#6583);
#6581 = CARTESIAN_POINT('',(-6.145047203501,1.381046547465,-10.));
#6582 = DIRECTION('',(0.,0.,1.));
#6583 = DIRECTION('',(1.,0.,0.));
#6584 = DEFINITIONAL_REPRESENTATION('',(#6585),#6589);
#6585 = LINE('',#6586,#6587);
#6586 = CARTESIAN_POINT('',(0.,6.));
#6587 = VECTOR('',#6588,1.);
#6588 = DIRECTION('',(1.,0.));
#6589 = ( GEOMETRIC_REPRESENTATION_CONTEXT(2) 
PARAMETRIC_REPRESENTATION_CONTEXT() REPRESENTATION_CONTEXT('2D SPACE',''
  ) );
#6590 = ORIENTED_EDGE('',*,*,#6591,.F.);
#6591 = EDGE_CURVE('',#6592,#6563,#6594,.T.);
#6592 = VERTEX_POINT('',#6593);
#6593 = CARTESIAN_POINT('',(-4.896022701411,0.118657628639,-4.));
#6594 = SURFACE_CURVE('',#6595,(#6600,#6607),.PCURVE_S1.);
#6595 = CIRCLE('',#6596,1.6);
#6596 = AXIS2_PLACEMENT_3D('',#6597,#6598,#6599);
#6597 = CARTESIAN_POINT('',(-6.349152352828,0.788295005262,-4.));
#6598 = DIRECTION('',(0.,0.,1.));
#6599 = DIRECTION('',(1.,0.,-0.));
#6600 = PCURVE('',#5904,#6601);
#6601 = DEFINITIONAL_REPRESENTATION('',(#6602),#6606);
#6602 = CIRCLE('',#6603,1.6);
#6603 = AXIS2_PLACEMENT_2D('',#6604,#6605);
#6604 = CARTESIAN_POINT('',(-6.349152352828,0.788295005262));
#6605 = DIRECTION('',(1.,0.));
#6606 = ( GEOMETRIC_REPRESENTATION_CONTEXT(2) 
PARAMETRIC_REPRESENTATION_CONTEXT() REPRESENTATION_CONTEXT('2D SPACE',''
  ) );
#6607 = PCURVE('',#6608,#6613);
#6608 = CYLINDRICAL_SURFACE('',#6609,1.6);
#6609 = AXIS2_PLACEMENT_3D('',#6610,#6611,#6612);
#6610 = CARTESIAN_POINT('',(-6.349152352828,0.788295005262,-10.));
#6611 = DIRECTION('',(0.,0.,1.));
#6612 = DIRECTION('',(1.,0.,0.));
#6613 = DEFINITIONAL_REPRESENTATION('',(#6614),#6618);
#6614 = LINE('',#6615,#6616);
#6615 = CARTESIAN_POINT('',(0.,6.));
#6616 = VECTOR('',#6617,1.);
#6617 = DIRECTION('',(1.,0.));
#6618 = ( GEOMETRIC_REPRESENTATION_CONTEXT(2) 
PARAMETRIC_REPRESENTATION_CONTEXT() REPRESENTATION_CONTEXT('2D SPACE',''
  ) );
#6619 = ORIENTED_EDGE('',*,*,#6620,.F.);
#6620 = EDGE_CURVE('',#6621,#6592,#6623,.T.);
#6621 = VERTEX_POINT('',#6622);
#6622 = CARTESIAN_POINT('',(-4.987232337831,-0.35698638693,-4.));
#6623 = SURFACE_CURVE('',#6624,(#6629,#6636),.PCURVE_S1.);
#6624 = CIRCLE('',#6625,1.6);
#6625 = AXIS2_PLACEMENT_3D('',#6626,#6627,#6628);
#6626 = CARTESIAN_POINT('',(-6.494896058487,0.178690853037,-4.));
#6627 = DIRECTION('',(0.,0.,1.));
#6628 = DIRECTION('',(1.,0.,-0.));
#6629 = PCURVE('',#5904,#6630);
#6630 = DEFINITIONAL_REPRESENTATION('',(#6631),#6635);
#6631 = CIRCLE('',#6632,1.6);
#6632 = AXIS2_PLACEMENT_2D('',#6633,#6634);
#6633 = CARTESIAN_POINT('',(-6.494896058487,0.178690853037));
#6634 = DIRECTION('',(1.,0.));
#6635 = ( GEOMETRIC_REPRESENTATION_CONTEXT(2) 
PARAMETRIC_REPRESENTATION_CONTEXT() REPRESENTATION_CONTEXT('2D SPACE',''
  ) );
#6636 = PCURVE('',#6637,#6642);
#6637 = CYLINDRICAL_SURFACE('',#6638,1.6);
#6638 = AXIS2_PLACEMENT_3D('',#6639,#6640,#6641);
#6639 = CARTESIAN_POINT('',(-6.494896058487,0.178690853037,-10.));
#6640 = DIRECTION('',(0.,0.,1.));
#6641 = DIRECTION('',(1.,0.,0.));
#6642 = DEFINITIONAL_REPRESENTATION('',(#6643),#6647);
#6643 = LINE('',#6644,#6645);
#6644 = CARTESIAN_POINT('',(0.,6.));
#6645 = VECTOR('',#6646,1.);
#6646 = DIRECTION('',(1.,0.));
#6647 = ( GEOMETRIC_REPRESENTATION_CONTEXT(2) 
PARAMETRIC_REPRESENTATION_CONTEXT() REPRESENTATION_CONTEXT('2D SPACE',''
  ) );
#6648 = ORIENTED_EDGE('',*,*,#6649,.F.);
#6649 = EDGE_CURVE('',#6650,#6621,#6652,.T.);
#6650 = VERTEX_POINT('',#6651);
#6651 = CARTESIAN_POINT('',(-5.032156517935,-0.827259311514,-4.));
#6652 = SURFACE_CURVE('',#6653,(#6658,#6665),.PCURVE_S1.);
#6653 = CIRCLE('',#6654,1.6);
#6654 = AXIS2_PLACEMENT_3D('',#6655,#6656,#6657);
#6655 = CARTESIAN_POINT('',(-6.584991423454,-0.441638051467,-4.));
#6656 = DIRECTION('',(0.,0.,1.));
#6657 = DIRECTION('',(1.,0.,-0.));
#6658 = PCURVE('',#5904,#6659);
#6659 = DEFINITIONAL_REPRESENTATION('',(#6660),#6664);
#6660 = CIRCLE('',#6661,1.6);
#6661 = AXIS2_PLACEMENT_2D('',#6662,#6663);
#6662 = CARTESIAN_POINT('',(-6.584991423454,-0.441638051467));
#6663 = DIRECTION('',(1.,0.));
#6664 = ( GEOMETRIC_REPRESENTATION_CONTEXT(2) 
PARAMETRIC_REPRESENTATION_CONTEXT() REPRESENTATION_CONTEXT('2D SPACE',''
  ) );
#6665 = PCURVE('',#6666,#6671);
#6666 = CYLINDRICAL_SURFACE('',#6667,1.6);
#6667 = AXIS2_PLACEMENT_3D('',#6668,#6669,#6670);
#6668 = CARTESIAN_POINT('',(-6.584991423454,-0.441638051467,-10.));
#6669 = DIRECTION('',(0.,0.,1.));
#6670 = DIRECTION('',(1.,0.,0.));
#6671 = DEFINITIONAL_REPRESENTATION('',(#6672),#6676);
#6672 = LINE('',#6673,#6674);
#6673 = CARTESIAN_POINT('',(0.,6.));
#6674 = VECTOR('',#6675,1.);
#6675 = DIRECTION('',(1.,0.));
#6676 = ( GEOMETRIC_REPRESENTATION_CONTEXT(2) 
PARAMETRIC_REPRESENTATION_CONTEXT() REPRESENTATION_CONTEXT('2D SPACE',''
  ) );
#6677 = ORIENTED_EDGE('',*,*,#6678,.F.);
#6678 = EDGE_CURVE('',#6679,#6650,#6681,.T.);
#6679 = VERTEX_POINT('',#6680);
#6680 = CARTESIAN_POINT('',(-5.032534931355,-1.31098273498,-4.));
#6681 = SURFACE_CURVE('',#6682,(#6687,#6694),.PCURVE_S1.);
#6682 = CIRCLE('',#6683,1.6);
#6683 = AXIS2_PLACEMENT_3D('',#6684,#6685,#6686);
#6684 = CARTESIAN_POINT('',(-6.613959250676,-1.06788373815,-4.));
#6685 = DIRECTION('',(0.,0.,1.));
#6686 = DIRECTION('',(1.,0.,-0.));
#6687 = PCURVE('',#5904,#6688);
#6688 = DEFINITIONAL_REPRESENTATION('',(#6689),#6693);
#6689 = CIRCLE('',#6690,1.6);
#6690 = AXIS2_PLACEMENT_2D('',#6691,#6692);
#6691 = CARTESIAN_POINT('',(-6.613959250676,-1.06788373815));
#6692 = DIRECTION('',(1.,0.));
#6693 = ( GEOMETRIC_REPRESENTATION_CONTEXT(2) 
PARAMETRIC_REPRESENTATION_CONTEXT() REPRESENTATION_CONTEXT('2D SPACE',''
  ) );
#6694 = PCURVE('',#6695,#6700);
#6695 = CYLINDRICAL_SURFACE('',#6696,1.6);
#6696 = AXIS2_PLACEMENT_3D('',#6697,#6698,#6699);
#6697 = CARTESIAN_POINT('',(-6.613959250676,-1.06788373815,-10.));
#6698 = DIRECTION('',(0.,0.,1.));
#6699 = DIRECTION('',(1.,0.,0.));
#6700 = DEFINITIONAL_REPRESENTATION('',(#6701),#6705);
#6701 = LINE('',#6702,#6703);
#6702 = CARTESIAN_POINT('',(0.,6.));
#6703 = VECTOR('',#6704,1.);
#6704 = DIRECTION('',(1.,0.));
#6705 = ( GEOMETRIC_REPRESENTATION_CONTEXT(2) 
PARAMETRIC_REPRESENTATION_CONTEXT() REPRESENTATION_CONTEXT('2D SPACE',''
  ) );
#6706 = ORIENTED_EDGE('',*,*,#6707,.F.);
#6707 = EDGE_CURVE('',#6708,#6679,#6710,.T.);
#6708 = VERTEX_POINT('',#6709);
#6709 = CARTESIAN_POINT('',(-4.989364472067,-1.7977076625,-4.));
#6710 = SURFACE_CURVE('',#6711,(#6716,#6723),.PCURVE_S1.);
#6711 = CIRCLE('',#6712,1.6);
#6712 = AXIS2_PLACEMENT_3D('',#6713,#6714,#6715);
#6713 = CARTESIAN_POINT('',(-6.58600288451,-1.694045808794,-4.));
#6714 = DIRECTION('',(0.,0.,1.));
#6715 = DIRECTION('',(1.,0.,-0.));
#6716 = PCURVE('',#5904,#6717);
#6717 = DEFINITIONAL_REPRESENTATION('',(#6718),#6722);
#6718 = CIRCLE('',#6719,1.6);
#6719 = AXIS2_PLACEMENT_2D('',#6720,#6721);
#6720 = CARTESIAN_POINT('',(-6.58600288451,-1.694045808794));
#6721 = DIRECTION('',(1.,0.));
#6722 = ( GEOMETRIC_REPRESENTATION_CONTEXT(2) 
PARAMETRIC_REPRESENTATION_CONTEXT() REPRESENTATION_CONTEXT('2D SPACE',''
  ) );
#6723 = PCURVE('',#6724,#6729);
#6724 = CYLINDRICAL_SURFACE('',#6725,1.6);
#6725 = AXIS2_PLACEMENT_3D('',#6726,#6727,#6728);
#6726 = CARTESIAN_POINT('',(-6.58600288451,-1.694045808794,-10.));
#6727 = DIRECTION('',(0.,0.,1.));
#6728 = DIRECTION('',(1.,0.,0.));
#6729 = DEFINITIONAL_REPRESENTATION('',(#6730),#6734);
#6730 = LINE('',#6731,#6732);
#6731 = CARTESIAN_POINT('',(0.,6.));
#6732 = VECTOR('',#6733,1.);
#6733 = DIRECTION('',(1.,0.));
#6734 = ( GEOMETRIC_REPRESENTATION_CONTEXT(2) 
PARAMETRIC_REPRESENTATION_CONTEXT() REPRESENTATION_CONTEXT('2D SPACE',''
  ) );
#6735 = ORIENTED_EDGE('',*,*,#6736,.F.);
#6736 = EDGE_CURVE('',#6737,#6708,#6739,.T.);
#6737 = VERTEX_POINT('',#6738);
#6738 = CARTESIAN_POINT('',(-4.90403808938,-2.26587235749,-4.));
#6739 = SURFACE_CURVE('',#6740,(#6745,#6752),.PCURVE_S1.);
#6740 = CIRCLE('',#6741,1.6);
#6741 = AXIS2_PLACEMENT_3D('',#6742,#6743,#6744);
#6742 = CARTESIAN_POINT('',(-6.503268693329,-2.315485615726,-4.));
#6743 = DIRECTION('',(0.,0.,1.));
#6744 = DIRECTION('',(1.,0.,-0.));
#6745 = PCURVE('',#5904,#6746);
#6746 = DEFINITIONAL_REPRESENTATION('',(#6747),#6751);
#6747 = CIRCLE('',#6748,1.6);
#6748 = AXIS2_PLACEMENT_2D('',#6749,#6750);
#6749 = CARTESIAN_POINT('',(-6.503268693329,-2.315485615726));
#6750 = DIRECTION('',(1.,0.));
#6751 = ( GEOMETRIC_REPRESENTATION_CONTEXT(2) 
PARAMETRIC_REPRESENTATION_CONTEXT() REPRESENTATION_CONTEXT('2D SPACE',''
  ) );
#6752 = PCURVE('',#6753,#6758);
#6753 = CYLINDRICAL_SURFACE('',#6754,1.6);
#6754 = AXIS2_PLACEMENT_3D('',#6755,#6756,#6757);
#6755 = CARTESIAN_POINT('',(-6.503268693329,-2.315485615726,-10.));
#6756 = DIRECTION('',(0.,0.,1.));
#6757 = DIRECTION('',(1.,0.,0.));
#6758 = DEFINITIONAL_REPRESENTATION('',(#6759),#6763);
#6759 = LINE('',#6760,#6761);
#6760 = CARTESIAN_POINT('',(0.,6.));
#6761 = VECTOR('',#6762,1.);
#6762 = DIRECTION('',(1.,0.));
#6763 = ( GEOMETRIC_REPRESENTATION_CONTEXT(2) 
PARAMETRIC_REPRESENTATION_CONTEXT() REPRESENTATION_CONTEXT('2D SPACE',''
  ) );
#6764 = ORIENTED_EDGE('',*,*,#6765,.F.);
#6765 = EDGE_CURVE('',#6766,#6737,#6768,.T.);
#6766 = VERTEX_POINT('',#6767);
#6767 = CARTESIAN_POINT('',(-4.771637616474,-2.745946265093,-4.));
#6768 = SURFACE_CURVE('',#6769,(#6774,#6781),.PCURVE_S1.);
#6769 = CIRCLE('',#6770,1.6);
#6770 = AXIS2_PLACEMENT_3D('',#6771,#6772,#6773);
#6771 = CARTESIAN_POINT('',(-6.361461566716,-2.926112319707,-4.));
#6772 = DIRECTION('',(0.,0.,1.));
#6773 = DIRECTION('',(1.,0.,-0.));
#6774 = PCURVE('',#5904,#6775);
#6775 = DEFINITIONAL_REPRESENTATION('',(#6776),#6780);
#6776 = CIRCLE('',#6777,1.6);
#6777 = AXIS2_PLACEMENT_2D('',#6778,#6779);
#6778 = CARTESIAN_POINT('',(-6.361461566716,-2.926112319707));
#6779 = DIRECTION('',(1.,0.));
#6780 = ( GEOMETRIC_REPRESENTATION_CONTEXT(2) 
PARAMETRIC_REPRESENTATION_CONTEXT() REPRESENTATION_CONTEXT('2D SPACE',''
  ) );
#6781 = PCURVE('',#6782,#6787);
#6782 = CYLINDRICAL_SURFACE('',#6783,1.6);
#6783 = AXIS2_PLACEMENT_3D('',#6784,#6785,#6786);
#6784 = CARTESIAN_POINT('',(-6.361461566716,-2.926112319707,-10.));
#6785 = DIRECTION('',(0.,0.,1.));
#6786 = DIRECTION('',(1.,0.,0.));
#6787 = DEFINITIONAL_REPRESENTATION('',(#6788),#6792);
#6788 = LINE('',#6789,#6790);
#6789 = CARTESIAN_POINT('',(0.,6.));
#6790 = VECTOR('',#6791,1.);
#6791 = DIRECTION('',(1.,0.));
#6792 = ( GEOMETRIC_REPRESENTATION_CONTEXT(2) 
PARAMETRIC_REPRESENTATION_CONTEXT() REPRESENTATION_CONTEXT('2D SPACE',''
  ) );
#6793 = ORIENTED_EDGE('',*,*,#6794,.F.);
#6794 = EDGE_CURVE('',#6795,#6766,#6797,.T.);
#6795 = VERTEX_POINT('',#6796);
#6796 = CARTESIAN_POINT('',(-4.604384263073,-3.194199010076,-4.));
#6797 = SURFACE_CURVE('',#6798,(#6803,#6810),.PCURVE_S1.);
#6798 = CIRCLE('',#6799,1.6);
#6799 = AXIS2_PLACEMENT_3D('',#6800,#6801,#6802);
#6800 = CARTESIAN_POINT('',(-6.170211191574,-3.523115458404,-4.));
#6801 = DIRECTION('',(0.,0.,1.));
#6802 = DIRECTION('',(1.,0.,-0.));
#6803 = PCURVE('',#5904,#6804);
#6804 = DEFINITIONAL_REPRESENTATION('',(#6805),#6809);
#6805 = CIRCLE('',#6806,1.6);
#6806 = AXIS2_PLACEMENT_2D('',#6807,#6808);
#6807 = CARTESIAN_POINT('',(-6.170211191574,-3.523115458404));
#6808 = DIRECTION('',(1.,0.));
#6809 = ( GEOMETRIC_REPRESENTATION_CONTEXT(2) 
PARAMETRIC_REPRESENTATION_CONTEXT() REPRESENTATION_CONTEXT('2D SPACE',''
  ) );
#6810 = PCURVE('',#6811,#6816);
#6811 = CYLINDRICAL_SURFACE('',#6812,1.6);
#6812 = AXIS2_PLACEMENT_3D('',#6813,#6814,#6815);
#6813 = CARTESIAN_POINT('',(-6.170211191574,-3.523115458404,-10.));
#6814 = DIRECTION('',(0.,0.,1.));
#6815 = DIRECTION('',(1.,0.,0.));
#6816 = DEFINITIONAL_REPRESENTATION('',(#6817),#6821);
#6817 = LINE('',#6818,#6819);
#6818 = CARTESIAN_POINT('',(0.,6.));
#6819 = VECTOR('',#6820,1.);
#6820 = DIRECTION('',(1.,0.));
#6821 = ( GEOMETRIC_REPRESENTATION_CONTEXT(2) 
PARAMETRIC_REPRESENTATION_CONTEXT() REPRESENTATION_CONTEXT('2D SPACE',''
  ) );
#6822 = ORIENTED_EDGE('',*,*,#6823,.F.);
#6823 = EDGE_CURVE('',#6824,#6795,#6826,.T.);
#6824 = VERTEX_POINT('',#6825);
#6825 = CARTESIAN_POINT('',(-4.38945248548,-3.645301626246,-4.));
#6826 = SURFACE_CURVE('',#6827,(#6832,#6839),.PCURVE_S1.);
#6827 = CIRCLE('',#6828,1.6);
#6828 = AXIS2_PLACEMENT_3D('',#6829,#6830,#6831);
#6829 = CARTESIAN_POINT('',(-5.923625846533,-4.099517542124,-4.));
#6830 = DIRECTION('',(0.,0.,1.));
#6831 = DIRECTION('',(1.,0.,-0.));
#6832 = PCURVE('',#5904,#6833);
#6833 = DEFINITIONAL_REPRESENTATION('',(#6834),#6838);
#6834 = CIRCLE('',#6835,1.6);
#6835 = AXIS2_PLACEMENT_2D('',#6836,#6837);
#6836 = CARTESIAN_POINT('',(-5.923625846533,-4.099517542124));
#6837 = DIRECTION('',(1.,0.));
#6838 = ( GEOMETRIC_REPRESENTATION_CONTEXT(2) 
PARAMETRIC_REPRESENTATION_CONTEXT() REPRESENTATION_CONTEXT('2D SPACE',''
  ) );
#6839 = PCURVE('',#6840,#6845);
#6840 = CYLINDRICAL_SURFACE('',#6841,1.6);
#6841 = AXIS2_PLACEMENT_3D('',#6842,#6843,#6844);
#6842 = CARTESIAN_POINT('',(-5.923625846533,-4.099517542124,-10.));
#6843 = DIRECTION('',(0.,0.,1.));
#6844 = DIRECTION('',(1.,0.,0.));
#6845 = DEFINITIONAL_REPRESENTATION('',(#6846),#6850);
#6846 = LINE('',#6847,#6848);
#6847 = CARTESIAN_POINT('',(0.,6.));
#6848 = VECTOR('',#6849,1.);
#6849 = DIRECTION('',(1.,0.));
#6850 = ( GEOMETRIC_REPRESENTATION_CONTEXT(2) 
PARAMETRIC_REPRESENTATION_CONTEXT() REPRESENTATION_CONTEXT('2D SPACE',''
  ) );
#6851 = ORIENTED_EDGE('',*,*,#6852,.F.);
#6852 = EDGE_CURVE('',#6853,#6824,#6855,.T.);
#6853 = VERTEX_POINT('',#6854);
#6854 = CARTESIAN_POINT('',(-4.143961712427,-4.064498699898,-4.));
#6855 = SURFACE_CURVE('',#6856,(#6861,#6868),.PCURVE_S1.);
#6856 = CIRCLE('',#6857,1.6);
#6857 = AXIS2_PLACEMENT_3D('',#6858,#6859,#6860);
#6858 = CARTESIAN_POINT('',(-5.631374161701,-4.654078385561,-4.));
#6859 = DIRECTION('',(0.,0.,1.));
#6860 = DIRECTION('',(1.,0.,-0.));
#6861 = PCURVE('',#5904,#6862);
#6862 = DEFINITIONAL_REPRESENTATION('',(#6863),#6867);
#6863 = CIRCLE('',#6864,1.6);
#6864 = AXIS2_PLACEMENT_2D('',#6865,#6866);
#6865 = CARTESIAN_POINT('',(-5.631374161701,-4.654078385561));
#6866 = DIRECTION('',(1.,0.));
#6867 = ( GEOMETRIC_REPRESENTATION_CONTEXT(2) 
PARAMETRIC_REPRESENTATION_CONTEXT() REPRESENTATION_CONTEXT('2D SPACE',''
  ) );
#6868 = PCURVE('',#6869,#6874);
#6869 = CYLINDRICAL_SURFACE('',#6870,1.6);
#6870 = AXIS2_PLACEMENT_3D('',#6871,#6872,#6873);
#6871 = CARTESIAN_POINT('',(-5.631374161701,-4.654078385561,-10.));
#6872 = DIRECTION('',(0.,0.,1.));
#6873 = DIRECTION('',(1.,0.,0.));
#6874 = DEFINITIONAL_REPRESENTATION('',(#6875),#6879);
#6875 = LINE('',#6876,#6877);
#6876 = CARTESIAN_POINT('',(0.,6.));
#6877 = VECTOR('',#6878,1.);
#6878 = DIRECTION('',(1.,0.));
#6879 = ( GEOMETRIC_REPRESENTATION_CONTEXT(2) 
PARAMETRIC_REPRESENTATION_CONTEXT() REPRESENTATION_CONTEXT('2D SPACE',''
  ) );
#6880 = ORIENTED_EDGE('',*,*,#6881,.F.);
#6881 = EDGE_CURVE('',#6882,#6853,#6884,.T.);
#6882 = VERTEX_POINT('',#6883);
#6883 = CARTESIAN_POINT('',(-3.8552431972,-4.473516785728,-4.));
#6884 = SURFACE_CURVE('',#6885,(#6890,#6897),.PCURVE_S1.);
#6885 = CIRCLE('',#6886,1.6);
#6886 = AXIS2_PLACEMENT_3D('',#6887,#6888,#6889);
#6887 = CARTESIAN_POINT('',(-5.290653960608,-5.180337795808,-4.));
#6888 = DIRECTION('',(0.,0.,1.));
#6889 = DIRECTION('',(1.,0.,-0.));
#6890 = PCURVE('',#5904,#6891);
#6891 = DEFINITIONAL_REPRESENTATION('',(#6892),#6896);
#6892 = CIRCLE('',#6893,1.6);
#6893 = AXIS2_PLACEMENT_2D('',#6894,#6895);
#6894 = CARTESIAN_POINT('',(-5.290653960608,-5.180337795808));
#6895 = DIRECTION('',(1.,0.));
#6896 = ( GEOMETRIC_REPRESENTATION_CONTEXT(2) 
PARAMETRIC_REPRESENTATION_CONTEXT() REPRESENTATION_CONTEXT('2D SPACE',''
  ) );
#6897 = PCURVE('',#6898,#6903);
#6898 = CYLINDRICAL_SURFACE('',#6899,1.6);
#6899 = AXIS2_PLACEMENT_3D('',#6900,#6901,#6902);
#6900 = CARTESIAN_POINT('',(-5.290653960608,-5.180337795808,-10.));
#6901 = DIRECTION('',(0.,0.,1.));
#6902 = DIRECTION('',(1.,0.,0.));
#6903 = DEFINITIONAL_REPRESENTATION('',(#6904),#6908);
#6904 = LINE('',#6905,#6906);
#6905 = CARTESIAN_POINT('',(0.,6.));
#6906 = VECTOR('',#6907,1.);
#6907 = DIRECTION('',(1.,0.));
#6908 = ( GEOMETRIC_REPRESENTATION_CONTEXT(2) 
PARAMETRIC_REPRESENTATION_CONTEXT() REPRESENTATION_CONTEXT('2D SPACE',''
  ) );
#6909 = ORIENTED_EDGE('',*,*,#6910,.F.);
#6910 = EDGE_CURVE('',#6911,#6882,#6913,.T.);
#6911 = VERTEX_POINT('',#6912);
#6912 = CARTESIAN_POINT('',(-3.540407204719,-4.848625996509,-4.));
#6913 = SURFACE_CURVE('',#6914,(#6919,#6926),.PCURVE_S1.);
#6914 = CIRCLE('',#6915,1.6);
#6915 = AXIS2_PLACEMENT_3D('',#6916,#6917,#6918);
#6916 = CARTESIAN_POINT('',(-4.908927832733,-5.677571887806,-4.));
#6917 = DIRECTION('',(0.,0.,1.));
#6918 = DIRECTION('',(1.,0.,-0.));
#6919 = PCURVE('',#5904,#6920);
#6920 = DEFINITIONAL_REPRESENTATION('',(#6921),#6925);
#6921 = CIRCLE('',#6922,1.6);
#6922 = AXIS2_PLACEMENT_2D('',#6923,#6924);
#6923 = CARTESIAN_POINT('',(-4.908927832733,-5.677571887806));
#6924 = DIRECTION('',(1.,0.));
#6925 = ( GEOMETRIC_REPRESENTATION_CONTEXT(2) 
PARAMETRIC_REPRESENTATION_CONTEXT() REPRESENTATION_CONTEXT('2D SPACE',''
  ) );
#6926 = PCURVE('',#6927,#6932);
#6927 = CYLINDRICAL_SURFACE('',#6928,1.6);
#6928 = AXIS2_PLACEMENT_3D('',#6929,#6930,#6931);
#6929 = CARTESIAN_POINT('',(-4.908927832733,-5.677571887806,-10.));
#6930 = DIRECTION('',(0.,0.,1.));
#6931 = DIRECTION('',(1.,0.,0.));
#6932 = DEFINITIONAL_REPRESENTATION('',(#6933),#6937);
#6933 = LINE('',#6934,#6935);
#6934 = CARTESIAN_POINT('',(0.,6.));
#6935 = VECTOR('',#6936,1.);
#6936 = DIRECTION('',(1.,0.));
#6937 = ( GEOMETRIC_REPRESENTATION_CONTEXT(2) 
PARAMETRIC_REPRESENTATION_CONTEXT() REPRESENTATION_CONTEXT('2D SPACE',''
  ) );
#6938 = ORIENTED_EDGE('',*,*,#6939,.F.);
#6939 = EDGE_CURVE('',#6940,#6911,#6942,.T.);
#6940 = VERTEX_POINT('',#6941);
#6941 = CARTESIAN_POINT('',(-3.185039157545,-5.20748291114,-4.));
#6942 = SURFACE_CURVE('',#6943,(#6948,#6955),.PCURVE_S1.);
#6943 = CIRCLE('',#6944,1.6);
#6944 = AXIS2_PLACEMENT_3D('',#6945,#6946,#6947);
#6945 = CARTESIAN_POINT('',(-4.485358604989,-6.139775426717,-4.));
#6946 = DIRECTION('',(0.,0.,1.));
#6947 = DIRECTION('',(1.,0.,-0.));
#6948 = PCURVE('',#5904,#6949);
#6949 = DEFINITIONAL_REPRESENTATION('',(#6950),#6954);
#6950 = CIRCLE('',#6951,1.6);
#6951 = AXIS2_PLACEMENT_2D('',#6952,#6953);
#6952 = CARTESIAN_POINT('',(-4.485358604989,-6.139775426717));
#6953 = DIRECTION('',(1.,0.));
#6954 = ( GEOMETRIC_REPRESENTATION_CONTEXT(2) 
PARAMETRIC_REPRESENTATION_CONTEXT() REPRESENTATION_CONTEXT('2D SPACE',''
  ) );
#6955 = PCURVE('',#6956,#6961);
#6956 = CYLINDRICAL_SURFACE('',#6957,1.6);
#6957 = AXIS2_PLACEMENT_3D('',#6958,#6959,#6960);
#6958 = CARTESIAN_POINT('',(-4.485358604989,-6.139775426717,-10.));
#6959 = DIRECTION('',(0.,0.,1.));
#6960 = DIRECTION('',(1.,0.,0.));
#6961 = DEFINITIONAL_REPRESENTATION('',(#6962),#6966);
#6962 = LINE('',#6963,#6964);
#6963 = CARTESIAN_POINT('',(0.,6.));
#6964 = VECTOR('',#6965,1.);
#6965 = DIRECTION('',(1.,0.));
#6966 = ( GEOMETRIC_REPRESENTATION_CONTEXT(2) 
PARAMETRIC_REPRESENTATION_CONTEXT() REPRESENTATION_CONTEXT('2D SPACE',''
  ) );
#6967 = ORIENTED_EDGE('',*,*,#6968,.F.);
#6968 = EDGE_CURVE('',#6969,#6940,#6971,.T.);
#6969 = VERTEX_POINT('',#6970);
#6970 = CARTESIAN_POINT('',(-2.812705695725,-5.526357742732,-4.));
#6971 = SURFACE_CURVE('',#6972,(#6977,#6984),.PCURVE_S1.);
#6972 = CIRCLE('',#6973,1.6);
#6973 = AXIS2_PLACEMENT_3D('',#6974,#6975,#6976);
#6974 = CARTESIAN_POINT('',(-4.027349179251,-6.567818835585,-4.));
#6975 = DIRECTION('',(0.,0.,1.));
#6976 = DIRECTION('',(1.,0.,-0.));
#6977 = PCURVE('',#5904,#6978);
#6978 = DEFINITIONAL_REPRESENTATION('',(#6979),#6983);
#6979 = CIRCLE('',#6980,1.6);
#6980 = AXIS2_PLACEMENT_2D('',#6981,#6982);
#6981 = CARTESIAN_POINT('',(-4.027349179251,-6.567818835585));
#6982 = DIRECTION('',(1.,0.));
#6983 = ( GEOMETRIC_REPRESENTATION_CONTEXT(2) 
PARAMETRIC_REPRESENTATION_CONTEXT() REPRESENTATION_CONTEXT('2D SPACE',''
  ) );
#6984 = PCURVE('',#6985,#6990);
#6985 = CYLINDRICAL_SURFACE('',#6986,1.6);
#6986 = AXIS2_PLACEMENT_3D('',#6987,#6988,#6989);
#6987 = CARTESIAN_POINT('',(-4.027349179251,-6.567818835585,-10.));
#6988 = DIRECTION('',(0.,0.,1.));
#6989 = DIRECTION('',(1.,0.,0.));
#6990 = DEFINITIONAL_REPRESENTATION('',(#6991),#6995);
#6991 = LINE('',#6992,#6993);
#6992 = CARTESIAN_POINT('',(0.,6.));
#6993 = VECTOR('',#6994,1.);
#6994 = DIRECTION('',(1.,0.));
#6995 = ( GEOMETRIC_REPRESENTATION_CONTEXT(2) 
PARAMETRIC_REPRESENTATION_CONTEXT() REPRESENTATION_CONTEXT('2D SPACE',''
  ) );
#6996 = ORIENTED_EDGE('',*,*,#6997,.F.);
#6997 = EDGE_CURVE('',#5925,#6969,#6998,.T.);
#6998 = SURFACE_CURVE('',#6999,(#7004,#7011),.PCURVE_S1.);
#6999 = CIRCLE('',#7000,1.6);
#7000 = AXIS2_PLACEMENT_3D('',#7001,#7002,#7003);
#7001 = CARTESIAN_POINT('',(-3.533926662406,-6.954587527192,-4.));
#7002 = DIRECTION('',(0.,0.,1.));
#7003 = DIRECTION('',(1.,0.,-0.));
#7004 = PCURVE('',#5904,#7005);
#7005 = DEFINITIONAL_REPRESENTATION('',(#7006),#7010);
#7006 = CIRCLE('',#7007,1.6);
#7007 = AXIS2_PLACEMENT_2D('',#7008,#7009);
#7008 = CARTESIAN_POINT('',(-3.533926662406,-6.954587527192));
#7009 = DIRECTION('',(1.,0.));
#7010 = ( GEOMETRIC_REPRESENTATION_CONTEXT(2) 
PARAMETRIC_REPRESENTATION_CONTEXT() REPRESENTATION_CONTEXT('2D SPACE',''
  ) );
#7011 = PCURVE('',#7012,#7017);
#7012 = CYLINDRICAL_SURFACE('',#7013,1.6);
#7013 = AXIS2_PLACEMENT_3D('',#7014,#7015,#7016);
#7014 = CARTESIAN_POINT('',(-3.533926662406,-6.954587527192,-10.));
#7015 = DIRECTION('',(0.,0.,1.));
#7016 = DIRECTION('',(1.,0.,0.));
#7017 = DEFINITIONAL_REPRESENTATION('',(#7018),#7022);
#7018 = LINE('',#7019,#7020);
#7019 = CARTESIAN_POINT('',(0.,6.));
#7020 = VECTOR('',#7021,1.);
#7021 = DIRECTION('',(1.,0.));
#7022 = ( GEOMETRIC_REPRESENTATION_CONTEXT(2) 
PARAMETRIC_REPRESENTATION_CONTEXT() REPRESENTATION_CONTEXT('2D SPACE',''
  ) );
#7023 = FACE_BOUND('',#7024,.T.);
#7024 = EDGE_LOOP('',(#7025));
#7025 = ORIENTED_EDGE('',*,*,#7026,.T.);
#7026 = EDGE_CURVE('',#7027,#7027,#7029,.T.);
#7027 = VERTEX_POINT('',#7028);
#7028 = CARTESIAN_POINT('',(-2.325,-5.694607616035E-16,-4.));
#7029 = SURFACE_CURVE('',#7030,(#7035,#7046),.PCURVE_S1.);
#7030 = CIRCLE('',#7031,2.325);
#7031 = AXIS2_PLACEMENT_3D('',#7032,#7033,#7034);
#7032 = CARTESIAN_POINT('',(0.,0.,-4.));
#7033 = DIRECTION('',(0.,0.,-1.));
#7034 = DIRECTION('',(-1.,0.,0.));
#7035 = PCURVE('',#5904,#7036);
#7036 = DEFINITIONAL_REPRESENTATION('',(#7037),#7045);
#7037 = ( BOUNDED_CURVE() B_SPLINE_CURVE(2,(#7038,#7039,#7040,#7041,
#7042,#7043,#7044),.UNSPECIFIED.,.T.,.F.) B_SPLINE_CURVE_WITH_KNOTS((1,2
    ,2,2,2,1),(-2.094395102393,0.,2.094395102393,4.188790204786,
6.28318530718,8.377580409573),.UNSPECIFIED.) CURVE() 
GEOMETRIC_REPRESENTATION_ITEM() RATIONAL_B_SPLINE_CURVE((1.,0.5,1.,0.5,
1.,0.5,1.)) REPRESENTATION_ITEM('') );
#7038 = CARTESIAN_POINT('',(-2.325,-9.230319459916E-17));
#7039 = CARTESIAN_POINT('',(-2.325,4.027018127598));
#7040 = CARTESIAN_POINT('',(1.1625,2.013509063799));
#7041 = CARTESIAN_POINT('',(4.65,4.771575670044E-16));
#7042 = CARTESIAN_POINT('',(1.1625,-2.013509063799));
#7043 = CARTESIAN_POINT('',(-2.325,-4.027018127598));
#7044 = CARTESIAN_POINT('',(-2.325,-9.230319459916E-17));
#7045 = ( GEOMETRIC_REPRESENTATION_CONTEXT(2) 
PARAMETRIC_REPRESENTATION_CONTEXT() REPRESENTATION_CONTEXT('2D SPACE',''
  ) );
#7046 = PCURVE('',#7047,#7052);
#7047 = CYLINDRICAL_SURFACE('',#7048,2.325);
#7048 = AXIS2_PLACEMENT_3D('',#7049,#7050,#7051);
#7049 = CARTESIAN_POINT('',(0.,0.,1.));
#7050 = DIRECTION('',(0.,0.,-1.));
#7051 = DIRECTION('',(-1.,0.,0.));
#7052 = DEFINITIONAL_REPRESENTATION('',(#7053),#7057);
#7053 = LINE('',#7054,#7055);
#7054 = CARTESIAN_POINT('',(0.,5.));
#7055 = VECTOR('',#7056,1.);
#7056 = DIRECTION('',(1.,0.));
#7057 = ( GEOMETRIC_REPRESENTATION_CONTEXT(2) 
PARAMETRIC_REPRESENTATION_CONTEXT() REPRESENTATION_CONTEXT('2D SPACE',''
  ) );
#7058 = FACE_BOUND('',#7059,.T.);
#7059 = EDGE_LOOP('',(#7060,#7091,#7120,#7149,#7178,#7207,#7236,#7265,
    #7294,#7323,#7352,#7381,#7410,#7439,#7468,#7497,#7526,#7555,#7584,
    #7613,#7642,#7671,#7700,#7729,#7758,#7787,#7816,#7845,#7874,#7903,
    #7932,#7961,#7990,#8019,#8048,#8077,#8106,#8135));
#7060 = ORIENTED_EDGE('',*,*,#7061,.F.);
#7061 = EDGE_CURVE('',#7062,#7064,#7066,.T.);
#7062 = VERTEX_POINT('',#7063);
#7063 = CARTESIAN_POINT('',(0.805926565275,8.805137314119,-4.));
#7064 = VERTEX_POINT('',#7065);
#7065 = CARTESIAN_POINT('',(0.175435768893,8.936515003743,-4.));
#7066 = SURFACE_CURVE('',#7067,(#7072,#7079),.PCURVE_S1.);
#7067 = CIRCLE('',#7068,1.6);
#7068 = AXIS2_PLACEMENT_3D('',#7069,#7070,#7071);
#7069 = CARTESIAN_POINT('',(0.170972397354,7.336521229282,-4.));
#7070 = DIRECTION('',(0.,0.,1.));
#7071 = DIRECTION('',(1.,0.,-0.));
#7072 = PCURVE('',#5904,#7073);
#7073 = DEFINITIONAL_REPRESENTATION('',(#7074),#7078);
#7074 = CIRCLE('',#7075,1.6);
#7075 = AXIS2_PLACEMENT_2D('',#7076,#7077);
#7076 = CARTESIAN_POINT('',(0.170972397354,7.336521229282));
#7077 = DIRECTION('',(1.,0.));
#7078 = ( GEOMETRIC_REPRESENTATION_CONTEXT(2) 
PARAMETRIC_REPRESENTATION_CONTEXT() REPRESENTATION_CONTEXT('2D SPACE',''
  ) );
#7079 = PCURVE('',#7080,#7085);
#7080 = CYLINDRICAL_SURFACE('',#7081,1.6);
#7081 = AXIS2_PLACEMENT_3D('',#7082,#7083,#7084);
#7082 = CARTESIAN_POINT('',(0.170972397354,7.336521229282,-10.));
#7083 = DIRECTION('',(0.,0.,1.));
#7084 = DIRECTION('',(1.,0.,0.));
#7085 = DEFINITIONAL_REPRESENTATION('',(#7086),#7090);
#7086 = LINE('',#7087,#7088);
#7087 = CARTESIAN_POINT('',(0.,6.));
#7088 = VECTOR('',#7089,1.);
#7089 = DIRECTION('',(1.,0.));
#7090 = ( GEOMETRIC_REPRESENTATION_CONTEXT(2) 
PARAMETRIC_REPRESENTATION_CONTEXT() REPRESENTATION_CONTEXT('2D SPACE',''
  ) );
#7091 = ORIENTED_EDGE('',*,*,#7092,.F.);
#7092 = EDGE_CURVE('',#7093,#7062,#7095,.T.);
#7093 = VERTEX_POINT('',#7094);
#7094 = CARTESIAN_POINT('',(1.436890766309,8.624464659818,-4.));
#7095 = SURFACE_CURVE('',#7096,(#7101,#7108),.PCURVE_S1.);
#7096 = CIRCLE('',#7097,1.6);
#7097 = AXIS2_PLACEMENT_3D('',#7098,#7099,#7100);
#7098 = CARTESIAN_POINT('',(0.690323328746,7.209319062655,-4.));
#7099 = DIRECTION('',(0.,0.,1.));
#7100 = DIRECTION('',(1.,0.,-0.));
#7101 = PCURVE('',#5904,#7102);
#7102 = DEFINITIONAL_REPRESENTATION('',(#7103),#7107);
#7103 = CIRCLE('',#7104,1.6);
#7104 = AXIS2_PLACEMENT_2D('',#7105,#7106);
#7105 = CARTESIAN_POINT('',(0.690323328746,7.209319062655));
#7106 = DIRECTION('',(1.,0.));
#7107 = ( GEOMETRIC_REPRESENTATION_CONTEXT(2) 
PARAMETRIC_REPRESENTATION_CONTEXT() REPRESENTATION_CONTEXT('2D SPACE',''
  ) );
#7108 = PCURVE('',#7109,#7114);
#7109 = CYLINDRICAL_SURFACE('',#7110,1.6);
#7110 = AXIS2_PLACEMENT_3D('',#7111,#7112,#7113);
#7111 = CARTESIAN_POINT('',(0.690323328746,7.209319062655,-10.));
#7112 = DIRECTION('',(0.,0.,1.));
#7113 = DIRECTION('',(1.,0.,0.));
#7114 = DEFINITIONAL_REPRESENTATION('',(#7115),#7119);
#7115 = LINE('',#7116,#7117);
#7116 = CARTESIAN_POINT('',(0.,6.));
#7117 = VECTOR('',#7118,1.);
#7118 = DIRECTION('',(1.,0.));
#7119 = ( GEOMETRIC_REPRESENTATION_CONTEXT(2) 
PARAMETRIC_REPRESENTATION_CONTEXT() REPRESENTATION_CONTEXT('2D SPACE',''
  ) );
#7120 = ORIENTED_EDGE('',*,*,#7121,.F.);
#7121 = EDGE_CURVE('',#7122,#7093,#7124,.T.);
#7122 = VERTEX_POINT('',#7123);
#7123 = CARTESIAN_POINT('',(2.045541437782,8.399595536254,-4.));
#7124 = SURFACE_CURVE('',#7125,(#7130,#7137),.PCURVE_S1.);
#7125 = CIRCLE('',#7126,1.6);
#7126 = AXIS2_PLACEMENT_3D('',#7127,#7128,#7129);
#7127 = CARTESIAN_POINT('',(1.198240009641,7.042362951222,-4.));
#7128 = DIRECTION('',(0.,0.,1.));
#7129 = DIRECTION('',(1.,0.,-0.));
#7130 = PCURVE('',#5904,#7131);
#7131 = DEFINITIONAL_REPRESENTATION('',(#7132),#7136);
#7132 = CIRCLE('',#7133,1.6);
#7133 = AXIS2_PLACEMENT_2D('',#7134,#7135);
#7134 = CARTESIAN_POINT('',(1.198240009641,7.042362951222));
#7135 = DIRECTION('',(1.,0.));
#7136 = ( GEOMETRIC_REPRESENTATION_CONTEXT(2) 
PARAMETRIC_REPRESENTATION_CONTEXT() REPRESENTATION_CONTEXT('2D SPACE',''
  ) );
#7137 = PCURVE('',#7138,#7143);
#7138 = CYLINDRICAL_SURFACE('',#7139,1.6);
#7139 = AXIS2_PLACEMENT_3D('',#7140,#7141,#7142);
#7140 = CARTESIAN_POINT('',(1.198240009641,7.042362951222,-10.));
#7141 = DIRECTION('',(0.,0.,1.));
#7142 = DIRECTION('',(1.,0.,0.));
#7143 = DEFINITIONAL_REPRESENTATION('',(#7144),#7148);
#7144 = LINE('',#7145,#7146);
#7145 = CARTESIAN_POINT('',(0.,6.));
#7146 = VECTOR('',#7147,1.);
#7147 = DIRECTION('',(1.,0.));
#7148 = ( GEOMETRIC_REPRESENTATION_CONTEXT(2) 
PARAMETRIC_REPRESENTATION_CONTEXT() REPRESENTATION_CONTEXT('2D SPACE',''
  ) );
#7149 = ORIENTED_EDGE('',*,*,#7150,.F.);
#7150 = EDGE_CURVE('',#7151,#7122,#7153,.T.);
#7151 = VERTEX_POINT('',#7152);
#7152 = CARTESIAN_POINT('',(2.645764246302,8.124184955596,-4.));
#7153 = SURFACE_CURVE('',#7154,(#7159,#7166),.PCURVE_S1.);
#7154 = CIRCLE('',#7155,1.6);
#7155 = AXIS2_PLACEMENT_3D('',#7156,#7157,#7158);
#7156 = CARTESIAN_POINT('',(1.692751674937,6.838974062855,-4.));
#7157 = DIRECTION('',(0.,0.,1.));
#7158 = DIRECTION('',(1.,0.,-0.));
#7159 = PCURVE('',#5904,#7160);
#7160 = DEFINITIONAL_REPRESENTATION('',(#7161),#7165);
#7161 = CIRCLE('',#7162,1.6);
#7162 = AXIS2_PLACEMENT_2D('',#7163,#7164);
#7163 = CARTESIAN_POINT('',(1.692751674937,6.838974062855));
#7164 = DIRECTION('',(1.,0.));
#7165 = ( GEOMETRIC_REPRESENTATION_CONTEXT(2) 
PARAMETRIC_REPRESENTATION_CONTEXT() REPRESENTATION_CONTEXT('2D SPACE',''
  ) );
#7166 = PCURVE('',#7167,#7172);
#7167 = CYLINDRICAL_SURFACE('',#7168,1.6);
#7168 = AXIS2_PLACEMENT_3D('',#7169,#7170,#7171);
#7169 = CARTESIAN_POINT('',(1.692751674937,6.838974062855,-10.));
#7170 = DIRECTION('',(0.,0.,1.));
#7171 = DIRECTION('',(1.,0.,0.));
#7172 = DEFINITIONAL_REPRESENTATION('',(#7173),#7177);
#7173 = LINE('',#7174,#7175);
#7174 = CARTESIAN_POINT('',(0.,6.));
#7175 = VECTOR('',#7176,1.);
#7176 = DIRECTION('',(1.,0.));
#7177 = ( GEOMETRIC_REPRESENTATION_CONTEXT(2) 
PARAMETRIC_REPRESENTATION_CONTEXT() REPRESENTATION_CONTEXT('2D SPACE',''
  ) );
#7178 = ORIENTED_EDGE('',*,*,#7179,.F.);
#7179 = EDGE_CURVE('',#7180,#7151,#7182,.T.);
#7180 = VERTEX_POINT('',#7181);
#7181 = CARTESIAN_POINT('',(3.212435931118,7.81002749852,-4.));
#7182 = SURFACE_CURVE('',#7183,(#7188,#7195),.PCURVE_S1.);
#7183 = CIRCLE('',#7184,1.6);
#7184 = AXIS2_PLACEMENT_3D('',#7185,#7186,#7187);
#7185 = CARTESIAN_POINT('',(2.169386293535,6.59674787142,-4.));
#7186 = DIRECTION('',(0.,0.,1.));
#7187 = DIRECTION('',(1.,0.,-0.));
#7188 = PCURVE('',#5904,#7189);
#7189 = DEFINITIONAL_REPRESENTATION('',(#7190),#7194);
#7190 = CIRCLE('',#7191,1.6);
#7191 = AXIS2_PLACEMENT_2D('',#7192,#7193);
#7192 = CARTESIAN_POINT('',(2.169386293535,6.59674787142));
#7193 = DIRECTION('',(1.,0.));
#7194 = ( GEOMETRIC_REPRESENTATION_CONTEXT(2) 
PARAMETRIC_REPRESENTATION_CONTEXT() REPRESENTATION_CONTEXT('2D SPACE',''
  ) );
#7195 = PCURVE('',#7196,#7201);
#7196 = CYLINDRICAL_SURFACE('',#7197,1.6);
#7197 = AXIS2_PLACEMENT_3D('',#7198,#7199,#7200);
#7198 = CARTESIAN_POINT('',(2.169386293535,6.59674787142,-10.));
#7199 = DIRECTION('',(0.,0.,1.));
#7200 = DIRECTION('',(1.,0.,0.));
#7201 = DEFINITIONAL_REPRESENTATION('',(#7202),#7206);
#7202 = LINE('',#7203,#7204);
#7203 = CARTESIAN_POINT('',(0.,6.));
#7204 = VECTOR('',#7205,1.);
#7205 = DIRECTION('',(1.,0.));
#7206 = ( GEOMETRIC_REPRESENTATION_CONTEXT(2) 
PARAMETRIC_REPRESENTATION_CONTEXT() REPRESENTATION_CONTEXT('2D SPACE',''
  ) );
#7207 = ORIENTED_EDGE('',*,*,#7208,.F.);
#7208 = EDGE_CURVE('',#7209,#7180,#7211,.T.);
#7209 = VERTEX_POINT('',#7210);
#7210 = CARTESIAN_POINT('',(3.77064608354,7.440196916959,-4.));
#7211 = SURFACE_CURVE('',#7212,(#7217,#7224),.PCURVE_S1.);
#7212 = CIRCLE('',#7213,1.6);
#7213 = AXIS2_PLACEMENT_3D('',#7214,#7215,#7216);
#7214 = CARTESIAN_POINT('',(2.627408364645,6.32081873328,-4.));
#7215 = DIRECTION('',(0.,0.,1.));
#7216 = DIRECTION('',(1.,0.,-0.));
#7217 = PCURVE('',#5904,#7218);
#7218 = DEFINITIONAL_REPRESENTATION('',(#7219),#7223);
#7219 = CIRCLE('',#7220,1.6);
#7220 = AXIS2_PLACEMENT_2D('',#7221,#7222);
#7221 = CARTESIAN_POINT('',(2.627408364645,6.32081873328));
#7222 = DIRECTION('',(1.,0.));
#7223 = ( GEOMETRIC_REPRESENTATION_CONTEXT(2) 
PARAMETRIC_REPRESENTATION_CONTEXT() REPRESENTATION_CONTEXT('2D SPACE',''
  ) );
#7224 = PCURVE('',#7225,#7230);
#7225 = CYLINDRICAL_SURFACE('',#7226,1.6);
#7226 = AXIS2_PLACEMENT_3D('',#7227,#7228,#7229);
#7227 = CARTESIAN_POINT('',(2.627408364645,6.32081873328,-10.));
#7228 = DIRECTION('',(0.,0.,1.));
#7229 = DIRECTION('',(1.,0.,0.));
#7230 = DEFINITIONAL_REPRESENTATION('',(#7231),#7235);
#7231 = LINE('',#7232,#7233);
#7232 = CARTESIAN_POINT('',(0.,6.));
#7233 = VECTOR('',#7234,1.);
#7234 = DIRECTION('',(1.,0.));
#7235 = ( GEOMETRIC_REPRESENTATION_CONTEXT(2) 
PARAMETRIC_REPRESENTATION_CONTEXT() REPRESENTATION_CONTEXT('2D SPACE',''
  ) );
#7236 = ORIENTED_EDGE('',*,*,#7237,.F.);
#7237 = EDGE_CURVE('',#7238,#7209,#7240,.T.);
#7238 = VERTEX_POINT('',#7239);
#7239 = CARTESIAN_POINT('',(4.284483269158,7.036608288109,-4.));
#7240 = SURFACE_CURVE('',#7241,(#7246,#7253),.PCURVE_S1.);
#7241 = CIRCLE('',#7242,1.6);
#7242 = AXIS2_PLACEMENT_3D('',#7243,#7244,#7245);
#7243 = CARTESIAN_POINT('',(3.06008386408,6.006634455022,-4.));
#7244 = DIRECTION('',(0.,0.,1.));
#7245 = DIRECTION('',(1.,0.,-0.));
#7246 = PCURVE('',#5904,#7247);
#7247 = DEFINITIONAL_REPRESENTATION('',(#7248),#7252);
#7248 = CIRCLE('',#7249,1.6);
#7249 = AXIS2_PLACEMENT_2D('',#7250,#7251);
#7250 = CARTESIAN_POINT('',(3.06008386408,6.006634455022));
#7251 = DIRECTION('',(1.,0.));
#7252 = ( GEOMETRIC_REPRESENTATION_CONTEXT(2) 
PARAMETRIC_REPRESENTATION_CONTEXT() REPRESENTATION_CONTEXT('2D SPACE',''
  ) );
#7253 = PCURVE('',#7254,#7259);
#7254 = CYLINDRICAL_SURFACE('',#7255,1.6);
#7255 = AXIS2_PLACEMENT_3D('',#7256,#7257,#7258);
#7256 = CARTESIAN_POINT('',(3.06008386408,6.006634455022,-10.));
#7257 = DIRECTION('',(0.,0.,1.));
#7258 = DIRECTION('',(1.,0.,0.));
#7259 = DEFINITIONAL_REPRESENTATION('',(#7260),#7264);
#7260 = LINE('',#7261,#7262);
#7261 = CARTESIAN_POINT('',(0.,6.));
#7262 = VECTOR('',#7263,1.);
#7263 = DIRECTION('',(1.,0.));
#7264 = ( GEOMETRIC_REPRESENTATION_CONTEXT(2) 
PARAMETRIC_REPRESENTATION_CONTEXT() REPRESENTATION_CONTEXT('2D SPACE',''
  ) );
#7265 = ORIENTED_EDGE('',*,*,#7266,.F.);
#7266 = EDGE_CURVE('',#7267,#7238,#7269,.T.);
#7267 = VERTEX_POINT('',#7268);
#7268 = CARTESIAN_POINT('',(4.770067945669,6.590265190882,-4.));
#7269 = SURFACE_CURVE('',#7270,(#7275,#7282),.PCURVE_S1.);
#7270 = CIRCLE('',#7271,1.6);
#7271 = AXIS2_PLACEMENT_3D('',#7272,#7273,#7274);
#7272 = CARTESIAN_POINT('',(3.467752662624,5.660762687633,-4.));
#7273 = DIRECTION('',(0.,0.,1.));
#7274 = DIRECTION('',(1.,0.,-0.));
#7275 = PCURVE('',#5904,#7276);
#7276 = DEFINITIONAL_REPRESENTATION('',(#7277),#7281);
#7277 = CIRCLE('',#7278,1.6);
#7278 = AXIS2_PLACEMENT_2D('',#7279,#7280);
#7279 = CARTESIAN_POINT('',(3.467752662624,5.660762687633));
#7280 = DIRECTION('',(1.,0.));
#7281 = ( GEOMETRIC_REPRESENTATION_CONTEXT(2) 
PARAMETRIC_REPRESENTATION_CONTEXT() REPRESENTATION_CONTEXT('2D SPACE',''
  ) );
#7282 = PCURVE('',#7283,#7288);
#7283 = CYLINDRICAL_SURFACE('',#7284,1.6);
#7284 = AXIS2_PLACEMENT_3D('',#7285,#7286,#7287);
#7285 = CARTESIAN_POINT('',(3.467752662624,5.660762687633,-10.));
#7286 = DIRECTION('',(0.,0.,1.));
#7287 = DIRECTION('',(1.,0.,0.));
#7288 = DEFINITIONAL_REPRESENTATION('',(#7289),#7293);
#7289 = LINE('',#7290,#7291);
#7290 = CARTESIAN_POINT('',(0.,6.));
#7291 = VECTOR('',#7292,1.);
#7292 = DIRECTION('',(1.,0.));
#7293 = ( GEOMETRIC_REPRESENTATION_CONTEXT(2) 
PARAMETRIC_REPRESENTATION_CONTEXT() REPRESENTATION_CONTEXT('2D SPACE',''
  ) );
#7294 = ORIENTED_EDGE('',*,*,#7295,.F.);
#7295 = EDGE_CURVE('',#7296,#7267,#7298,.T.);
#7296 = VERTEX_POINT('',#7297);
#7297 = CARTESIAN_POINT('',(5.224471708407,6.097117507757,-4.));
#7298 = SURFACE_CURVE('',#7299,(#7304,#7311),.PCURVE_S1.);
#7299 = CIRCLE('',#7300,1.6);
#7300 = AXIS2_PLACEMENT_3D('',#7301,#7302,#7303);
#7301 = CARTESIAN_POINT('',(3.846747731927,5.283559492228,-4.));
#7302 = DIRECTION('',(0.,0.,1.));
#7303 = DIRECTION('',(1.,0.,-0.));
#7304 = PCURVE('',#5904,#7305);
#7305 = DEFINITIONAL_REPRESENTATION('',(#7306),#7310);
#7306 = CIRCLE('',#7307,1.6);
#7307 = AXIS2_PLACEMENT_2D('',#7308,#7309);
#7308 = CARTESIAN_POINT('',(3.846747731927,5.283559492228));
#7309 = DIRECTION('',(1.,0.));
#7310 = ( GEOMETRIC_REPRESENTATION_CONTEXT(2) 
PARAMETRIC_REPRESENTATION_CONTEXT() REPRESENTATION_CONTEXT('2D SPACE',''
  ) );
#7311 = PCURVE('',#7312,#7317);
#7312 = CYLINDRICAL_SURFACE('',#7313,1.6);
#7313 = AXIS2_PLACEMENT_3D('',#7314,#7315,#7316);
#7314 = CARTESIAN_POINT('',(3.846747731927,5.283559492228,-10.));
#7315 = DIRECTION('',(0.,0.,1.));
#7316 = DIRECTION('',(1.,0.,0.));
#7317 = DEFINITIONAL_REPRESENTATION('',(#7318),#7322);
#7318 = LINE('',#7319,#7320);
#7319 = CARTESIAN_POINT('',(0.,6.));
#7320 = VECTOR('',#7321,1.);
#7321 = DIRECTION('',(1.,0.));
#7322 = ( GEOMETRIC_REPRESENTATION_CONTEXT(2) 
PARAMETRIC_REPRESENTATION_CONTEXT() REPRESENTATION_CONTEXT('2D SPACE',''
  ) );
#7323 = ORIENTED_EDGE('',*,*,#7324,.F.);
#7324 = EDGE_CURVE('',#7325,#7296,#7327,.T.);
#7325 = VERTEX_POINT('',#7326);
#7326 = CARTESIAN_POINT('',(5.630820847841,5.574352397943,-4.));
#7327 = SURFACE_CURVE('',#7328,(#7333,#7340),.PCURVE_S1.);
#7328 = CIRCLE('',#7329,1.6);
#7329 = AXIS2_PLACEMENT_3D('',#7330,#7331,#7332);
#7330 = CARTESIAN_POINT('',(4.191732226821,4.875049930586,-4.));
#7331 = DIRECTION('',(0.,0.,1.));
#7332 = DIRECTION('',(1.,0.,-0.));
#7333 = PCURVE('',#5904,#7334);
#7334 = DEFINITIONAL_REPRESENTATION('',(#7335),#7339);
#7335 = CIRCLE('',#7336,1.6);
#7336 = AXIS2_PLACEMENT_2D('',#7337,#7338);
#7337 = CARTESIAN_POINT('',(4.191732226821,4.875049930586));
#7338 = DIRECTION('',(1.,0.));
#7339 = ( GEOMETRIC_REPRESENTATION_CONTEXT(2) 
PARAMETRIC_REPRESENTATION_CONTEXT() REPRESENTATION_CONTEXT('2D SPACE',''
  ) );
#7340 = PCURVE('',#7341,#7346);
#7341 = CYLINDRICAL_SURFACE('',#7342,1.6);
#7342 = AXIS2_PLACEMENT_3D('',#7343,#7344,#7345);
#7343 = CARTESIAN_POINT('',(4.191732226821,4.875049930586,-10.));
#7344 = DIRECTION('',(0.,0.,1.));
#7345 = DIRECTION('',(1.,0.,0.));
#7346 = DEFINITIONAL_REPRESENTATION('',(#7347),#7351);
#7347 = LINE('',#7348,#7349);
#7348 = CARTESIAN_POINT('',(0.,6.));
#7349 = VECTOR('',#7350,1.);
#7350 = DIRECTION('',(1.,0.));
#7351 = ( GEOMETRIC_REPRESENTATION_CONTEXT(2) 
PARAMETRIC_REPRESENTATION_CONTEXT() REPRESENTATION_CONTEXT('2D SPACE',''
  ) );
#7352 = ORIENTED_EDGE('',*,*,#7353,.F.);
#7353 = EDGE_CURVE('',#7354,#7325,#7356,.T.);
#7354 = VERTEX_POINT('',#7355);
#7355 = CARTESIAN_POINT('',(5.994695523379,5.017209994784,-4.));
#7356 = SURFACE_CURVE('',#7357,(#7362,#7369),.PCURVE_S1.);
#7357 = CIRCLE('',#7358,1.6);
#7358 = AXIS2_PLACEMENT_3D('',#7359,#7360,#7361);
#7359 = CARTESIAN_POINT('',(4.502439230127,4.440000193023,-4.));
#7360 = DIRECTION('',(0.,0.,1.));
#7361 = DIRECTION('',(1.,0.,-0.));
#7362 = PCURVE('',#5904,#7363);
#7363 = DEFINITIONAL_REPRESENTATION('',(#7364),#7368);
#7364 = CIRCLE('',#7365,1.6);
#7365 = AXIS2_PLACEMENT_2D('',#7366,#7367);
#7366 = CARTESIAN_POINT('',(4.502439230127,4.440000193023));
#7367 = DIRECTION('',(1.,0.));
#7368 = ( GEOMETRIC_REPRESENTATION_CONTEXT(2) 
PARAMETRIC_REPRESENTATION_CONTEXT() REPRESENTATION_CONTEXT('2D SPACE',''
  ) );
#7369 = PCURVE('',#7370,#7375);
#7370 = CYLINDRICAL_SURFACE('',#7371,1.6);
#7371 = AXIS2_PLACEMENT_3D('',#7372,#7373,#7374);
#7372 = CARTESIAN_POINT('',(4.502439230127,4.440000193023,-10.));
#7373 = DIRECTION('',(0.,0.,1.));
#7374 = DIRECTION('',(1.,0.,0.));
#7375 = DEFINITIONAL_REPRESENTATION('',(#7376),#7380);
#7376 = LINE('',#7377,#7378);
#7377 = CARTESIAN_POINT('',(0.,6.));
#7378 = VECTOR('',#7379,1.);
#7379 = DIRECTION('',(1.,0.));
#7380 = ( GEOMETRIC_REPRESENTATION_CONTEXT(2) 
PARAMETRIC_REPRESENTATION_CONTEXT() REPRESENTATION_CONTEXT('2D SPACE',''
  ) );
#7381 = ORIENTED_EDGE('',*,*,#7382,.F.);
#7382 = EDGE_CURVE('',#7383,#7354,#7385,.T.);
#7383 = VERTEX_POINT('',#7384);
#7384 = CARTESIAN_POINT('',(6.311883473984,4.428670105124,-4.));
#7385 = SURFACE_CURVE('',#7386,(#7391,#7398),.PCURVE_S1.);
#7386 = CIRCLE('',#7387,1.6);
#7387 = AXIS2_PLACEMENT_3D('',#7388,#7389,#7390);
#7388 = CARTESIAN_POINT('',(4.775901086236,3.980609724676,-4.));
#7389 = DIRECTION('',(0.,0.,1.));
#7390 = DIRECTION('',(1.,0.,-0.));
#7391 = PCURVE('',#5904,#7392);
#7392 = DEFINITIONAL_REPRESENTATION('',(#7393),#7397);
#7393 = CIRCLE('',#7394,1.6);
#7394 = AXIS2_PLACEMENT_2D('',#7395,#7396);
#7395 = CARTESIAN_POINT('',(4.775901086236,3.980609724676));
#7396 = DIRECTION('',(1.,0.));
#7397 = ( GEOMETRIC_REPRESENTATION_CONTEXT(2) 
PARAMETRIC_REPRESENTATION_CONTEXT() REPRESENTATION_CONTEXT('2D SPACE',''
  ) );
#7398 = PCURVE('',#7399,#7404);
#7399 = CYLINDRICAL_SURFACE('',#7400,1.6);
#7400 = AXIS2_PLACEMENT_3D('',#7401,#7402,#7403);
#7401 = CARTESIAN_POINT('',(4.775901086236,3.980609724676,-10.));
#7402 = DIRECTION('',(0.,0.,1.));
#7403 = DIRECTION('',(1.,0.,0.));
#7404 = DEFINITIONAL_REPRESENTATION('',(#7405),#7409);
#7405 = LINE('',#7406,#7407);
#7406 = CARTESIAN_POINT('',(0.,6.));
#7407 = VECTOR('',#7408,1.);
#7408 = DIRECTION('',(1.,0.));
#7409 = ( GEOMETRIC_REPRESENTATION_CONTEXT(2) 
PARAMETRIC_REPRESENTATION_CONTEXT() REPRESENTATION_CONTEXT('2D SPACE',''
  ) );
#7410 = ORIENTED_EDGE('',*,*,#7411,.F.);
#7411 = EDGE_CURVE('',#7412,#7383,#7414,.T.);
#7412 = VERTEX_POINT('',#7413);
#7413 = CARTESIAN_POINT('',(6.578404625044,3.812404264919,-4.));
#7414 = SURFACE_CURVE('',#7415,(#7420,#7427),.PCURVE_S1.);
#7415 = CIRCLE('',#7416,1.6);
#7416 = AXIS2_PLACEMENT_3D('',#7417,#7418,#7419);
#7417 = CARTESIAN_POINT('',(5.009287261298,3.499561335014,-4.));
#7418 = DIRECTION('',(0.,0.,1.));
#7419 = DIRECTION('',(1.,0.,-0.));
#7420 = PCURVE('',#5904,#7421);
#7421 = DEFINITIONAL_REPRESENTATION('',(#7422),#7426);
#7422 = CIRCLE('',#7423,1.6);
#7423 = AXIS2_PLACEMENT_2D('',#7424,#7425);
#7424 = CARTESIAN_POINT('',(5.009287261298,3.499561335014));
#7425 = DIRECTION('',(1.,0.));
#7426 = ( GEOMETRIC_REPRESENTATION_CONTEXT(2) 
PARAMETRIC_REPRESENTATION_CONTEXT() REPRESENTATION_CONTEXT('2D SPACE',''
  ) );
#7427 = PCURVE('',#7428,#7433);
#7428 = CYLINDRICAL_SURFACE('',#7429,1.6);
#7429 = AXIS2_PLACEMENT_3D('',#7430,#7431,#7432);
#7430 = CARTESIAN_POINT('',(5.009287261298,3.499561335014,-10.));
#7431 = DIRECTION('',(0.,0.,1.));
#7432 = DIRECTION('',(1.,0.,0.));
#7433 = DEFINITIONAL_REPRESENTATION('',(#7434),#7438);
#7434 = LINE('',#7435,#7436);
#7435 = CARTESIAN_POINT('',(0.,6.));
#7436 = VECTOR('',#7437,1.);
#7437 = DIRECTION('',(1.,0.));
#7438 = ( GEOMETRIC_REPRESENTATION_CONTEXT(2) 
PARAMETRIC_REPRESENTATION_CONTEXT() REPRESENTATION_CONTEXT('2D SPACE',''
  ) );
#7439 = ORIENTED_EDGE('',*,*,#7440,.F.);
#7440 = EDGE_CURVE('',#7441,#7412,#7443,.T.);
#7441 = VERTEX_POINT('',#7442);
#7442 = CARTESIAN_POINT('',(3.630882636254,2.687157070096,-4.));
#7443 = SURFACE_CURVE('',#7444,(#7449,#7456),.PCURVE_S1.);
#7444 = CIRCLE('',#7445,1.6);
#7445 = AXIS2_PLACEMENT_3D('',#7446,#7447,#7448);
#7446 = CARTESIAN_POINT('',(5.2,3.,-4.));
#7447 = DIRECTION('',(0.,0.,1.));
#7448 = DIRECTION('',(1.,0.,-0.));
#7449 = PCURVE('',#5904,#7450);
#7450 = DEFINITIONAL_REPRESENTATION('',(#7451),#7455);
#7451 = CIRCLE('',#7452,1.6);
#7452 = AXIS2_PLACEMENT_2D('',#7453,#7454);
#7453 = CARTESIAN_POINT('',(5.2,3.));
#7454 = DIRECTION('',(1.,0.));
#7455 = ( GEOMETRIC_REPRESENTATION_CONTEXT(2) 
PARAMETRIC_REPRESENTATION_CONTEXT() REPRESENTATION_CONTEXT('2D SPACE',''
  ) );
#7456 = PCURVE('',#7457,#7462);
#7457 = CYLINDRICAL_SURFACE('',#7458,1.6);
#7458 = AXIS2_PLACEMENT_3D('',#7459,#7460,#7461);
#7459 = CARTESIAN_POINT('',(5.2,3.,-10.));
#7460 = DIRECTION('',(0.,0.,1.));
#7461 = DIRECTION('',(1.,0.,0.));
#7462 = DEFINITIONAL_REPRESENTATION('',(#7463),#7467);
#7463 = LINE('',#7464,#7465);
#7464 = CARTESIAN_POINT('',(0.,6.));
#7465 = VECTOR('',#7466,1.);
#7466 = DIRECTION('',(1.,0.));
#7467 = ( GEOMETRIC_REPRESENTATION_CONTEXT(2) 
PARAMETRIC_REPRESENTATION_CONTEXT() REPRESENTATION_CONTEXT('2D SPACE',''
  ) );
#7468 = ORIENTED_EDGE('',*,*,#7469,.F.);
#7469 = EDGE_CURVE('',#7470,#7441,#7472,.T.);
#7470 = VERTEX_POINT('',#7471);
#7471 = CARTESIAN_POINT('',(3.47330487355,3.051500954566,-4.));
#7472 = SURFACE_CURVE('',#7473,(#7478,#7485),.PCURVE_S1.);
#7473 = CIRCLE('',#7474,1.6);
#7474 = AXIS2_PLACEMENT_3D('',#7475,#7476,#7477);
#7475 = CARTESIAN_POINT('',(5.009287261298,3.499561335014,-4.));
#7476 = DIRECTION('',(0.,0.,1.));
#7477 = DIRECTION('',(1.,0.,-0.));
#7478 = PCURVE('',#5904,#7479);
#7479 = DEFINITIONAL_REPRESENTATION('',(#7480),#7484);
#7480 = CIRCLE('',#7481,1.6);
#7481 = AXIS2_PLACEMENT_2D('',#7482,#7483);
#7482 = CARTESIAN_POINT('',(5.009287261298,3.499561335014));
#7483 = DIRECTION('',(1.,0.));
#7484 = ( GEOMETRIC_REPRESENTATION_CONTEXT(2) 
PARAMETRIC_REPRESENTATION_CONTEXT() REPRESENTATION_CONTEXT('2D SPACE',''
  ) );
#7485 = PCURVE('',#7486,#7491);
#7486 = CYLINDRICAL_SURFACE('',#7487,1.6);
#7487 = AXIS2_PLACEMENT_3D('',#7488,#7489,#7490);
#7488 = CARTESIAN_POINT('',(5.009287261298,3.499561335014,-10.));
#7489 = DIRECTION('',(0.,0.,1.));
#7490 = DIRECTION('',(1.,0.,0.));
#7491 = DEFINITIONAL_REPRESENTATION('',(#7492),#7496);
#7492 = LINE('',#7493,#7494);
#7493 = CARTESIAN_POINT('',(0.,6.));
#7494 = VECTOR('',#7495,1.);
#7495 = DIRECTION('',(1.,0.));
#7496 = ( GEOMETRIC_REPRESENTATION_CONTEXT(2) 
PARAMETRIC_REPRESENTATION_CONTEXT() REPRESENTATION_CONTEXT('2D SPACE',''
  ) );
#7497 = ORIENTED_EDGE('',*,*,#7498,.F.);
#7498 = EDGE_CURVE('',#7499,#7470,#7501,.T.);
#7499 = VERTEX_POINT('',#7500);
#7500 = CARTESIAN_POINT('',(3.283644792984,3.403399922914,-4.));
#7501 = SURFACE_CURVE('',#7502,(#7507,#7514),.PCURVE_S1.);
#7502 = CIRCLE('',#7503,1.6);
#7503 = AXIS2_PLACEMENT_3D('',#7504,#7505,#7506);
#7504 = CARTESIAN_POINT('',(4.775901086236,3.980609724676,-4.));
#7505 = DIRECTION('',(0.,0.,1.));
#7506 = DIRECTION('',(1.,0.,-0.));
#7507 = PCURVE('',#5904,#7508);
#7508 = DEFINITIONAL_REPRESENTATION('',(#7509),#7513);
#7509 = CIRCLE('',#7510,1.6);
#7510 = AXIS2_PLACEMENT_2D('',#7511,#7512);
#7511 = CARTESIAN_POINT('',(4.775901086236,3.980609724676));
#7512 = DIRECTION('',(1.,0.));
#7513 = ( GEOMETRIC_REPRESENTATION_CONTEXT(2) 
PARAMETRIC_REPRESENTATION_CONTEXT() REPRESENTATION_CONTEXT('2D SPACE',''
  ) );
#7514 = PCURVE('',#7515,#7520);
#7515 = CYLINDRICAL_SURFACE('',#7516,1.6);
#7516 = AXIS2_PLACEMENT_3D('',#7517,#7518,#7519);
#7517 = CARTESIAN_POINT('',(4.775901086236,3.980609724676,-10.));
#7518 = DIRECTION('',(0.,0.,1.));
#7519 = DIRECTION('',(1.,0.,0.));
#7520 = DEFINITIONAL_REPRESENTATION('',(#7521),#7525);
#7521 = LINE('',#7522,#7523);
#7522 = CARTESIAN_POINT('',(0.,6.));
#7523 = VECTOR('',#7524,1.);
#7524 = DIRECTION('',(1.,0.));
#7525 = ( GEOMETRIC_REPRESENTATION_CONTEXT(2) 
PARAMETRIC_REPRESENTATION_CONTEXT() REPRESENTATION_CONTEXT('2D SPACE',''
  ) );
#7526 = ORIENTED_EDGE('',*,*,#7527,.F.);
#7527 = EDGE_CURVE('',#7528,#7499,#7530,.T.);
#7528 = VERTEX_POINT('',#7529);
#7529 = CARTESIAN_POINT('',(3.063350609107,3.740697725667,-4.));
#7530 = SURFACE_CURVE('',#7531,(#7536,#7543),.PCURVE_S1.);
#7531 = CIRCLE('',#7532,1.6);
#7532 = AXIS2_PLACEMENT_3D('',#7533,#7534,#7535);
#7533 = CARTESIAN_POINT('',(4.502439230127,4.440000193023,-4.));
#7534 = DIRECTION('',(0.,0.,1.));
#7535 = DIRECTION('',(1.,0.,-0.));
#7536 = PCURVE('',#5904,#7537);
#7537 = DEFINITIONAL_REPRESENTATION('',(#7538),#7542);
#7538 = CIRCLE('',#7539,1.6);
#7539 = AXIS2_PLACEMENT_2D('',#7540,#7541);
#7540 = CARTESIAN_POINT('',(4.502439230127,4.440000193023));
#7541 = DIRECTION('',(1.,0.));
#7542 = ( GEOMETRIC_REPRESENTATION_CONTEXT(2) 
PARAMETRIC_REPRESENTATION_CONTEXT() REPRESENTATION_CONTEXT('2D SPACE',''
  ) );
#7543 = PCURVE('',#7544,#7549);
#7544 = CYLINDRICAL_SURFACE('',#7545,1.6);
#7545 = AXIS2_PLACEMENT_3D('',#7546,#7547,#7548);
#7546 = CARTESIAN_POINT('',(4.502439230127,4.440000193023,-10.));
#7547 = DIRECTION('',(0.,0.,1.));
#7548 = DIRECTION('',(1.,0.,0.));
#7549 = DEFINITIONAL_REPRESENTATION('',(#7550),#7554);
#7550 = LINE('',#7551,#7552);
#7551 = CARTESIAN_POINT('',(0.,6.));
#7552 = VECTOR('',#7553,1.);
#7553 = DIRECTION('',(1.,0.));
#7554 = ( GEOMETRIC_REPRESENTATION_CONTEXT(2) 
PARAMETRIC_REPRESENTATION_CONTEXT() REPRESENTATION_CONTEXT('2D SPACE',''
  ) );
#7555 = ORIENTED_EDGE('',*,*,#7556,.F.);
#7556 = EDGE_CURVE('',#7557,#7528,#7559,.T.);
#7557 = VERTEX_POINT('',#7558);
#7558 = CARTESIAN_POINT('',(2.814008250341,4.061491915057,-4.));
#7559 = SURFACE_CURVE('',#7560,(#7565,#7572),.PCURVE_S1.);
#7560 = CIRCLE('',#7561,1.6);
#7561 = AXIS2_PLACEMENT_3D('',#7562,#7563,#7564);
#7562 = CARTESIAN_POINT('',(4.191732226821,4.875049930586,-4.));
#7563 = DIRECTION('',(0.,0.,1.));
#7564 = DIRECTION('',(1.,0.,-0.));
#7565 = PCURVE('',#5904,#7566);
#7566 = DEFINITIONAL_REPRESENTATION('',(#7567),#7571);
#7567 = CIRCLE('',#7568,1.6);
#7568 = AXIS2_PLACEMENT_2D('',#7569,#7570);
#7569 = CARTESIAN_POINT('',(4.191732226821,4.875049930586));
#7570 = DIRECTION('',(1.,0.));
#7571 = ( GEOMETRIC_REPRESENTATION_CONTEXT(2) 
PARAMETRIC_REPRESENTATION_CONTEXT() REPRESENTATION_CONTEXT('2D SPACE',''
  ) );
#7572 = PCURVE('',#7573,#7578);
#7573 = CYLINDRICAL_SURFACE('',#7574,1.6);
#7574 = AXIS2_PLACEMENT_3D('',#7575,#7576,#7577);
#7575 = CARTESIAN_POINT('',(4.191732226821,4.875049930586,-10.));
#7576 = DIRECTION('',(0.,0.,1.));
#7577 = DIRECTION('',(1.,0.,0.));
#7578 = DEFINITIONAL_REPRESENTATION('',(#7579),#7583);
#7579 = LINE('',#7580,#7581);
#7580 = CARTESIAN_POINT('',(0.,6.));
#7581 = VECTOR('',#7582,1.);
#7582 = DIRECTION('',(1.,0.));
#7583 = ( GEOMETRIC_REPRESENTATION_CONTEXT(2) 
PARAMETRIC_REPRESENTATION_CONTEXT() REPRESENTATION_CONTEXT('2D SPACE',''
  ) );
#7584 = ORIENTED_EDGE('',*,*,#7585,.F.);
#7585 = EDGE_CURVE('',#7586,#7557,#7588,.T.);
#7586 = VERTEX_POINT('',#7587);
#7587 = CARTESIAN_POINT('',(2.544432448882,4.354056988978,-4.));
#7588 = SURFACE_CURVE('',#7589,(#7594,#7601),.PCURVE_S1.);
#7589 = CIRCLE('',#7590,1.6);
#7590 = AXIS2_PLACEMENT_3D('',#7591,#7592,#7593);
#7591 = CARTESIAN_POINT('',(3.846747731927,5.283559492228,-4.));
#7592 = DIRECTION('',(0.,0.,1.));
#7593 = DIRECTION('',(1.,0.,-0.));
#7594 = PCURVE('',#5904,#7595);
#7595 = DEFINITIONAL_REPRESENTATION('',(#7596),#7600);
#7596 = CIRCLE('',#7597,1.6);
#7597 = AXIS2_PLACEMENT_2D('',#7598,#7599);
#7598 = CARTESIAN_POINT('',(3.846747731927,5.283559492228));
#7599 = DIRECTION('',(1.,0.));
#7600 = ( GEOMETRIC_REPRESENTATION_CONTEXT(2) 
PARAMETRIC_REPRESENTATION_CONTEXT() REPRESENTATION_CONTEXT('2D SPACE',''
  ) );
#7601 = PCURVE('',#7602,#7607);
#7602 = CYLINDRICAL_SURFACE('',#7603,1.6);
#7603 = AXIS2_PLACEMENT_3D('',#7604,#7605,#7606);
#7604 = CARTESIAN_POINT('',(3.846747731927,5.283559492228,-10.));
#7605 = DIRECTION('',(0.,0.,1.));
#7606 = DIRECTION('',(1.,0.,0.));
#7607 = DEFINITIONAL_REPRESENTATION('',(#7608),#7612);
#7608 = LINE('',#7609,#7610);
#7609 = CARTESIAN_POINT('',(0.,6.));
#7610 = VECTOR('',#7611,1.);
#7611 = DIRECTION('',(1.,0.));
#7612 = ( GEOMETRIC_REPRESENTATION_CONTEXT(2) 
PARAMETRIC_REPRESENTATION_CONTEXT() REPRESENTATION_CONTEXT('2D SPACE',''
  ) );
#7613 = ORIENTED_EDGE('',*,*,#7614,.F.);
#7614 = EDGE_CURVE('',#7615,#7586,#7617,.T.);
#7615 = VERTEX_POINT('',#7616);
#7616 = CARTESIAN_POINT('',(2.243353257546,4.630788854545,-4.));
#7617 = SURFACE_CURVE('',#7618,(#7623,#7630),.PCURVE_S1.);
#7618 = CIRCLE('',#7619,1.6);
#7619 = AXIS2_PLACEMENT_3D('',#7620,#7621,#7622);
#7620 = CARTESIAN_POINT('',(3.467752662624,5.660762687633,-4.));
#7621 = DIRECTION('',(0.,0.,1.));
#7622 = DIRECTION('',(1.,0.,-0.));
#7623 = PCURVE('',#5904,#7624);
#7624 = DEFINITIONAL_REPRESENTATION('',(#7625),#7629);
#7625 = CIRCLE('',#7626,1.6);
#7626 = AXIS2_PLACEMENT_2D('',#7627,#7628);
#7627 = CARTESIAN_POINT('',(3.467752662624,5.660762687633));
#7628 = DIRECTION('',(1.,0.));
#7629 = ( GEOMETRIC_REPRESENTATION_CONTEXT(2) 
PARAMETRIC_REPRESENTATION_CONTEXT() REPRESENTATION_CONTEXT('2D SPACE',''
  ) );
#7630 = PCURVE('',#7631,#7636);
#7631 = CYLINDRICAL_SURFACE('',#7632,1.6);
#7632 = AXIS2_PLACEMENT_3D('',#7633,#7634,#7635);
#7633 = CARTESIAN_POINT('',(3.467752662624,5.660762687633,-10.));
#7634 = DIRECTION('',(0.,0.,1.));
#7635 = DIRECTION('',(1.,0.,0.));
#7636 = DEFINITIONAL_REPRESENTATION('',(#7637),#7641);
#7637 = LINE('',#7638,#7639);
#7638 = CARTESIAN_POINT('',(0.,6.));
#7639 = VECTOR('',#7640,1.);
#7640 = DIRECTION('',(1.,0.));
#7641 = ( GEOMETRIC_REPRESENTATION_CONTEXT(2) 
PARAMETRIC_REPRESENTATION_CONTEXT() REPRESENTATION_CONTEXT('2D SPACE',''
  ) );
#7642 = ORIENTED_EDGE('',*,*,#7643,.F.);
#7643 = EDGE_CURVE('',#7644,#7615,#7646,.T.);
#7644 = VERTEX_POINT('',#7645);
#7645 = CARTESIAN_POINT('',(1.916846145185,4.887256271343,-4.));
#7646 = SURFACE_CURVE('',#7647,(#7652,#7659),.PCURVE_S1.);
#7647 = CIRCLE('',#7648,1.6);
#7648 = AXIS2_PLACEMENT_3D('',#7649,#7650,#7651);
#7649 = CARTESIAN_POINT('',(3.06008386408,6.006634455022,-4.));
#7650 = DIRECTION('',(0.,0.,1.));
#7651 = DIRECTION('',(1.,0.,-0.));
#7652 = PCURVE('',#5904,#7653);
#7653 = DEFINITIONAL_REPRESENTATION('',(#7654),#7658);
#7654 = CIRCLE('',#7655,1.6);
#7655 = AXIS2_PLACEMENT_2D('',#7656,#7657);
#7656 = CARTESIAN_POINT('',(3.06008386408,6.006634455022));
#7657 = DIRECTION('',(1.,0.));
#7658 = ( GEOMETRIC_REPRESENTATION_CONTEXT(2) 
PARAMETRIC_REPRESENTATION_CONTEXT() REPRESENTATION_CONTEXT('2D SPACE',''
  ) );
#7659 = PCURVE('',#7660,#7665);
#7660 = CYLINDRICAL_SURFACE('',#7661,1.6);
#7661 = AXIS2_PLACEMENT_3D('',#7662,#7663,#7664);
#7662 = CARTESIAN_POINT('',(3.06008386408,6.006634455022,-10.));
#7663 = DIRECTION('',(0.,0.,1.));
#7664 = DIRECTION('',(1.,0.,0.));
#7665 = DEFINITIONAL_REPRESENTATION('',(#7666),#7670);
#7666 = LINE('',#7667,#7668);
#7667 = CARTESIAN_POINT('',(0.,6.));
#7668 = VECTOR('',#7669,1.);
#7669 = DIRECTION('',(1.,0.));
#7670 = ( GEOMETRIC_REPRESENTATION_CONTEXT(2) 
PARAMETRIC_REPRESENTATION_CONTEXT() REPRESENTATION_CONTEXT('2D SPACE',''
  ) );
#7671 = ORIENTED_EDGE('',*,*,#7672,.F.);
#7672 = EDGE_CURVE('',#7673,#7644,#7675,.T.);
#7673 = VERTEX_POINT('',#7674);
#7674 = CARTESIAN_POINT('',(1.584358727062,5.10753910618,-4.));
#7675 = SURFACE_CURVE('',#7676,(#7681,#7688),.PCURVE_S1.);
#7676 = CIRCLE('',#7677,1.6);
#7677 = AXIS2_PLACEMENT_3D('',#7678,#7679,#7680);
#7678 = CARTESIAN_POINT('',(2.627408364645,6.32081873328,-4.));
#7679 = DIRECTION('',(0.,0.,1.));
#7680 = DIRECTION('',(1.,0.,-0.));
#7681 = PCURVE('',#5904,#7682);
#7682 = DEFINITIONAL_REPRESENTATION('',(#7683),#7687);
#7683 = CIRCLE('',#7684,1.6);
#7684 = AXIS2_PLACEMENT_2D('',#7685,#7686);
#7685 = CARTESIAN_POINT('',(2.627408364645,6.32081873328));
#7686 = DIRECTION('',(1.,0.));
#7687 = ( GEOMETRIC_REPRESENTATION_CONTEXT(2) 
PARAMETRIC_REPRESENTATION_CONTEXT() REPRESENTATION_CONTEXT('2D SPACE',''
  ) );
#7688 = PCURVE('',#7689,#7694);
#7689 = CYLINDRICAL_SURFACE('',#7690,1.6);
#7690 = AXIS2_PLACEMENT_3D('',#7691,#7692,#7693);
#7691 = CARTESIAN_POINT('',(2.627408364645,6.32081873328,-10.));
#7692 = DIRECTION('',(0.,0.,1.));
#7693 = DIRECTION('',(1.,0.,0.));
#7694 = DEFINITIONAL_REPRESENTATION('',(#7695),#7699);
#7695 = LINE('',#7696,#7697);
#7696 = CARTESIAN_POINT('',(0.,6.));
#7697 = VECTOR('',#7698,1.);
#7698 = DIRECTION('',(1.,0.));
#7699 = ( GEOMETRIC_REPRESENTATION_CONTEXT(2) 
PARAMETRIC_REPRESENTATION_CONTEXT() REPRESENTATION_CONTEXT('2D SPACE',''
  ) );
#7700 = ORIENTED_EDGE('',*,*,#7701,.F.);
#7701 = EDGE_CURVE('',#7702,#7673,#7704,.T.);
#7702 = VERTEX_POINT('',#7703);
#7703 = CARTESIAN_POINT('',(1.216373722169,5.311536978679,-4.));
#7704 = SURFACE_CURVE('',#7705,(#7710,#7717),.PCURVE_S1.);
#7705 = CIRCLE('',#7706,1.6);
#7706 = AXIS2_PLACEMENT_3D('',#7707,#7708,#7709);
#7707 = CARTESIAN_POINT('',(2.169386293535,6.59674787142,-4.));
#7708 = DIRECTION('',(0.,0.,1.));
#7709 = DIRECTION('',(1.,0.,-0.));
#7710 = PCURVE('',#5904,#7711);
#7711 = DEFINITIONAL_REPRESENTATION('',(#7712),#7716);
#7712 = CIRCLE('',#7713,1.6);
#7713 = AXIS2_PLACEMENT_2D('',#7714,#7715);
#7714 = CARTESIAN_POINT('',(2.169386293535,6.59674787142));
#7715 = DIRECTION('',(1.,0.));
#7716 = ( GEOMETRIC_REPRESENTATION_CONTEXT(2) 
PARAMETRIC_REPRESENTATION_CONTEXT() REPRESENTATION_CONTEXT('2D SPACE',''
  ) );
#7717 = PCURVE('',#7718,#7723);
#7718 = CYLINDRICAL_SURFACE('',#7719,1.6);
#7719 = AXIS2_PLACEMENT_3D('',#7720,#7721,#7722);
#7720 = CARTESIAN_POINT('',(2.169386293535,6.59674787142,-10.));
#7721 = DIRECTION('',(0.,0.,1.));
#7722 = DIRECTION('',(1.,0.,0.));
#7723 = DEFINITIONAL_REPRESENTATION('',(#7724),#7728);
#7724 = LINE('',#7725,#7726);
#7725 = CARTESIAN_POINT('',(0.,6.));
#7726 = VECTOR('',#7727,1.);
#7727 = DIRECTION('',(1.,0.));
#7728 = ( GEOMETRIC_REPRESENTATION_CONTEXT(2) 
PARAMETRIC_REPRESENTATION_CONTEXT() REPRESENTATION_CONTEXT('2D SPACE',''
  ) );
#7729 = ORIENTED_EDGE('',*,*,#7730,.F.);
#7730 = EDGE_CURVE('',#7731,#7702,#7733,.T.);
#7731 = VERTEX_POINT('',#7732);
#7732 = CARTESIAN_POINT('',(0.845450246796,5.481741477824,-4.));
#7733 = SURFACE_CURVE('',#7734,(#7739,#7746),.PCURVE_S1.);
#7734 = CIRCLE('',#7735,1.6);
#7735 = AXIS2_PLACEMENT_3D('',#7736,#7737,#7738);
#7736 = CARTESIAN_POINT('',(1.692751674937,6.838974062855,-4.));
#7737 = DIRECTION('',(0.,0.,1.));
#7738 = DIRECTION('',(1.,0.,-0.));
#7739 = PCURVE('',#5904,#7740);
#7740 = DEFINITIONAL_REPRESENTATION('',(#7741),#7745);
#7741 = CIRCLE('',#7742,1.6);
#7742 = AXIS2_PLACEMENT_2D('',#7743,#7744);
#7743 = CARTESIAN_POINT('',(1.692751674937,6.838974062855));
#7744 = DIRECTION('',(1.,0.));
#7745 = ( GEOMETRIC_REPRESENTATION_CONTEXT(2) 
PARAMETRIC_REPRESENTATION_CONTEXT() REPRESENTATION_CONTEXT('2D SPACE',''
  ) );
#7746 = PCURVE('',#7747,#7752);
#7747 = CYLINDRICAL_SURFACE('',#7748,1.6);
#7748 = AXIS2_PLACEMENT_3D('',#7749,#7750,#7751);
#7749 = CARTESIAN_POINT('',(1.692751674937,6.838974062855,-10.));
#7750 = DIRECTION('',(0.,0.,1.));
#7751 = DIRECTION('',(1.,0.,0.));
#7752 = DEFINITIONAL_REPRESENTATION('',(#7753),#7757);
#7753 = LINE('',#7754,#7755);
#7754 = CARTESIAN_POINT('',(0.,6.));
#7755 = VECTOR('',#7756,1.);
#7756 = DIRECTION('',(1.,0.));
#7757 = ( GEOMETRIC_REPRESENTATION_CONTEXT(2) 
PARAMETRIC_REPRESENTATION_CONTEXT() REPRESENTATION_CONTEXT('2D SPACE',''
  ) );
#7758 = ORIENTED_EDGE('',*,*,#7759,.F.);
#7759 = EDGE_CURVE('',#7760,#7731,#7762,.T.);
#7760 = VERTEX_POINT('',#7761);
#7761 = CARTESIAN_POINT('',(0.451672572078,5.627217354059,-4.));
#7762 = SURFACE_CURVE('',#7763,(#7768,#7775),.PCURVE_S1.);
#7763 = CIRCLE('',#7764,1.6);
#7764 = AXIS2_PLACEMENT_3D('',#7765,#7766,#7767);
#7765 = CARTESIAN_POINT('',(1.198240009641,7.042362951222,-4.));
#7766 = DIRECTION('',(0.,0.,1.));
#7767 = DIRECTION('',(1.,0.,-0.));
#7768 = PCURVE('',#5904,#7769);
#7769 = DEFINITIONAL_REPRESENTATION('',(#7770),#7774);
#7770 = CIRCLE('',#7771,1.6);
#7771 = AXIS2_PLACEMENT_2D('',#7772,#7773);
#7772 = CARTESIAN_POINT('',(1.198240009641,7.042362951222));
#7773 = DIRECTION('',(1.,0.));
#7774 = ( GEOMETRIC_REPRESENTATION_CONTEXT(2) 
PARAMETRIC_REPRESENTATION_CONTEXT() REPRESENTATION_CONTEXT('2D SPACE',''
  ) );
#7775 = PCURVE('',#7776,#7781);
#7776 = CYLINDRICAL_SURFACE('',#7777,1.6);
#7777 = AXIS2_PLACEMENT_3D('',#7778,#7779,#7780);
#7778 = CARTESIAN_POINT('',(1.198240009641,7.042362951222,-10.));
#7779 = DIRECTION('',(0.,0.,1.));
#7780 = DIRECTION('',(1.,0.,0.));
#7781 = DEFINITIONAL_REPRESENTATION('',(#7782),#7786);
#7782 = LINE('',#7783,#7784);
#7783 = CARTESIAN_POINT('',(0.,6.));
#7784 = VECTOR('',#7785,1.);
#7785 = DIRECTION('',(1.,0.));
#7786 = ( GEOMETRIC_REPRESENTATION_CONTEXT(2) 
PARAMETRIC_REPRESENTATION_CONTEXT() REPRESENTATION_CONTEXT('2D SPACE',''
  ) );
#7787 = ORIENTED_EDGE('',*,*,#7788,.F.);
#7788 = EDGE_CURVE('',#7789,#7760,#7791,.T.);
#7789 = VERTEX_POINT('',#7790);
#7790 = CARTESIAN_POINT('',(5.536916082516E-02,5.740702977819,-4.));
#7791 = SURFACE_CURVE('',#7792,(#7797,#7804),.PCURVE_S1.);
#7792 = CIRCLE('',#7793,1.6);
#7793 = AXIS2_PLACEMENT_3D('',#7794,#7795,#7796);
#7794 = CARTESIAN_POINT('',(0.690323328746,7.209319062655,-4.));
#7795 = DIRECTION('',(0.,0.,1.));
#7796 = DIRECTION('',(1.,0.,-0.));
#7797 = PCURVE('',#5904,#7798);
#7798 = DEFINITIONAL_REPRESENTATION('',(#7799),#7803);
#7799 = CIRCLE('',#7800,1.6);
#7800 = AXIS2_PLACEMENT_2D('',#7801,#7802);
#7801 = CARTESIAN_POINT('',(0.690323328746,7.209319062655));
#7802 = DIRECTION('',(1.,0.));
#7803 = ( GEOMETRIC_REPRESENTATION_CONTEXT(2) 
PARAMETRIC_REPRESENTATION_CONTEXT() REPRESENTATION_CONTEXT('2D SPACE',''
  ) );
#7804 = PCURVE('',#7805,#7810);
#7805 = CYLINDRICAL_SURFACE('',#7806,1.6);
#7806 = AXIS2_PLACEMENT_3D('',#7807,#7808,#7809);
#7807 = CARTESIAN_POINT('',(0.690323328746,7.209319062655,-10.));
#7808 = DIRECTION('',(0.,0.,1.));
#7809 = DIRECTION('',(1.,0.,0.));
#7810 = DEFINITIONAL_REPRESENTATION('',(#7811),#7815);
#7811 = LINE('',#7812,#7813);
#7812 = CARTESIAN_POINT('',(0.,6.));
#7813 = VECTOR('',#7814,1.);
#7814 = DIRECTION('',(1.,0.));
#7815 = ( GEOMETRIC_REPRESENTATION_CONTEXT(2) 
PARAMETRIC_REPRESENTATION_CONTEXT() REPRESENTATION_CONTEXT('2D SPACE',''
  ) );
#7816 = ORIENTED_EDGE('',*,*,#7817,.F.);
#7817 = EDGE_CURVE('',#7818,#7789,#7820,.T.);
#7818 = VERTEX_POINT('',#7819);
#7819 = CARTESIAN_POINT('',(-0.360403629037,5.827336178145,-4.));
#7820 = SURFACE_CURVE('',#7821,(#7826,#7833),.PCURVE_S1.);
#7821 = CIRCLE('',#7822,1.6);
#7822 = AXIS2_PLACEMENT_3D('',#7823,#7824,#7825);
#7823 = CARTESIAN_POINT('',(0.170972397354,7.336521229282,-4.));
#7824 = DIRECTION('',(0.,0.,1.));
#7825 = DIRECTION('',(1.,0.,-0.));
#7826 = PCURVE('',#5904,#7827);
#7827 = DEFINITIONAL_REPRESENTATION('',(#7828),#7832);
#7828 = CIRCLE('',#7829,1.6);
#7829 = AXIS2_PLACEMENT_2D('',#7830,#7831);
#7830 = CARTESIAN_POINT('',(0.170972397354,7.336521229282));
#7831 = DIRECTION('',(1.,0.));
#7832 = ( GEOMETRIC_REPRESENTATION_CONTEXT(2) 
PARAMETRIC_REPRESENTATION_CONTEXT() REPRESENTATION_CONTEXT('2D SPACE',''
  ) );
#7833 = PCURVE('',#7834,#7839);
#7834 = CYLINDRICAL_SURFACE('',#7835,1.6);
#7835 = AXIS2_PLACEMENT_3D('',#7836,#7837,#7838);
#7836 = CARTESIAN_POINT('',(0.170972397354,7.336521229282,-10.));
#7837 = DIRECTION('',(0.,0.,1.));
#7838 = DIRECTION('',(1.,0.,0.));
#7839 = DEFINITIONAL_REPRESENTATION('',(#7840),#7844);
#7840 = LINE('',#7841,#7842);
#7841 = CARTESIAN_POINT('',(0.,6.));
#7842 = VECTOR('',#7843,1.);
#7843 = DIRECTION('',(1.,0.));
#7844 = ( GEOMETRIC_REPRESENTATION_CONTEXT(2) 
PARAMETRIC_REPRESENTATION_CONTEXT() REPRESENTATION_CONTEXT('2D SPACE',''
  ) );
#7845 = ORIENTED_EDGE('',*,*,#7846,.F.);
#7846 = EDGE_CURVE('',#7847,#7818,#7849,.T.);
#7847 = VERTEX_POINT('',#7848);
#7848 = CARTESIAN_POINT('',(-0.76779344161,5.881245558164,-4.));
#7849 = SURFACE_CURVE('',#7850,(#7855,#7862),.PCURVE_S1.);
#7850 = CIRCLE('',#7851,1.6);
#7851 = AXIS2_PLACEMENT_3D('',#7852,#7853,#7854);
#7852 = CARTESIAN_POINT('',(-0.355940257498,7.427329952606,-4.));
#7853 = DIRECTION('',(0.,0.,1.));
#7854 = DIRECTION('',(1.,0.,-0.));
#7855 = PCURVE('',#5904,#7856);
#7856 = DEFINITIONAL_REPRESENTATION('',(#7857),#7861);
#7857 = CIRCLE('',#7858,1.6);
#7858 = AXIS2_PLACEMENT_2D('',#7859,#7860);
#7859 = CARTESIAN_POINT('',(-0.355940257498,7.427329952606));
#7860 = DIRECTION('',(1.,0.));
#7861 = ( GEOMETRIC_REPRESENTATION_CONTEXT(2) 
PARAMETRIC_REPRESENTATION_CONTEXT() REPRESENTATION_CONTEXT('2D SPACE',''
  ) );
#7862 = PCURVE('',#7863,#7868);
#7863 = CYLINDRICAL_SURFACE('',#7864,1.6);
#7864 = AXIS2_PLACEMENT_3D('',#7865,#7866,#7867);
#7865 = CARTESIAN_POINT('',(-0.355940257498,7.427329952606,-10.));
#7866 = DIRECTION('',(0.,0.,1.));
#7867 = DIRECTION('',(1.,0.,0.));
#7868 = DEFINITIONAL_REPRESENTATION('',(#7869),#7873);
#7869 = LINE('',#7870,#7871);
#7870 = CARTESIAN_POINT('',(0.,6.));
#7871 = VECTOR('',#7872,1.);
#7872 = DIRECTION('',(1.,0.));
#7873 = ( GEOMETRIC_REPRESENTATION_CONTEXT(2) 
PARAMETRIC_REPRESENTATION_CONTEXT() REPRESENTATION_CONTEXT('2D SPACE',''
  ) );
#7874 = ORIENTED_EDGE('',*,*,#7875,.F.);
#7875 = EDGE_CURVE('',#7876,#7847,#7878,.T.);
#7876 = VERTEX_POINT('',#7877);
#7877 = CARTESIAN_POINT('',(-1.197889439972,5.906920663458,-4.));
#7878 = SURFACE_CURVE('',#7879,(#7884,#7891),.PCURVE_S1.);
#7879 = CIRCLE('',#7880,1.6);
#7880 = AXIS2_PLACEMENT_3D('',#7881,#7882,#7883);
#7881 = CARTESIAN_POINT('',(-0.888365428446,7.476696088889,-4.));
#7882 = DIRECTION('',(0.,0.,1.));
#7883 = DIRECTION('',(1.,0.,-0.));
#7884 = PCURVE('',#5904,#7885);
#7885 = DEFINITIONAL_REPRESENTATION('',(#7886),#7890);
#7886 = CIRCLE('',#7887,1.6);
#7887 = AXIS2_PLACEMENT_2D('',#7888,#7889);
#7888 = CARTESIAN_POINT('',(-0.888365428446,7.476696088889));
#7889 = DIRECTION('',(1.,0.));
#7890 = ( GEOMETRIC_REPRESENTATION_CONTEXT(2) 
PARAMETRIC_REPRESENTATION_CONTEXT() REPRESENTATION_CONTEXT('2D SPACE',''
  ) );
#7891 = PCURVE('',#7892,#7897);
#7892 = CYLINDRICAL_SURFACE('',#7893,1.6);
#7893 = AXIS2_PLACEMENT_3D('',#7894,#7895,#7896);
#7894 = CARTESIAN_POINT('',(-0.888365428446,7.476696088889,-10.));
#7895 = DIRECTION('',(0.,0.,1.));
#7896 = DIRECTION('',(1.,0.,0.));
#7897 = DEFINITIONAL_REPRESENTATION('',(#7898),#7902);
#7898 = LINE('',#7899,#7900);
#7899 = CARTESIAN_POINT('',(0.,6.));
#7900 = VECTOR('',#7901,1.);
#7901 = DIRECTION('',(1.,0.));
#7902 = ( GEOMETRIC_REPRESENTATION_CONTEXT(2) 
PARAMETRIC_REPRESENTATION_CONTEXT() REPRESENTATION_CONTEXT('2D SPACE',''
  ) );
#7903 = ORIENTED_EDGE('',*,*,#7904,.F.);
#7904 = EDGE_CURVE('',#7905,#7876,#7907,.T.);
#7905 = VERTEX_POINT('',#7906);
#7906 = CARTESIAN_POINT('',(-1.611376018992,5.90216337462,-4.));
#7907 = SURFACE_CURVE('',#7908,(#7913,#7920),.PCURVE_S1.);
#7908 = CIRCLE('',#7909,1.6);
#7909 = AXIS2_PLACEMENT_3D('',#7910,#7911,#7912);
#7910 = CARTESIAN_POINT('',(-1.422885662878,7.491021891182,-4.));
#7911 = DIRECTION('',(0.,0.,1.));
#7912 = DIRECTION('',(1.,0.,-0.));
#7913 = PCURVE('',#5904,#7914);
#7914 = DEFINITIONAL_REPRESENTATION('',(#7915),#7919);
#7915 = CIRCLE('',#7916,1.6);
#7916 = AXIS2_PLACEMENT_2D('',#7917,#7918);
#7917 = CARTESIAN_POINT('',(-1.422885662878,7.491021891182));
#7918 = DIRECTION('',(1.,0.));
#7919 = ( GEOMETRIC_REPRESENTATION_CONTEXT(2) 
PARAMETRIC_REPRESENTATION_CONTEXT() REPRESENTATION_CONTEXT('2D SPACE',''
  ) );
#7920 = PCURVE('',#7921,#7926);
#7921 = CYLINDRICAL_SURFACE('',#7922,1.6);
#7922 = AXIS2_PLACEMENT_3D('',#7923,#7924,#7925);
#7923 = CARTESIAN_POINT('',(-1.422885662878,7.491021891182,-10.));
#7924 = DIRECTION('',(0.,0.,1.));
#7925 = DIRECTION('',(1.,0.,0.));
#7926 = DEFINITIONAL_REPRESENTATION('',(#7927),#7931);
#7927 = LINE('',#7928,#7929);
#7928 = CARTESIAN_POINT('',(0.,6.));
#7929 = VECTOR('',#7930,1.);
#7930 = DIRECTION('',(1.,0.));
#7931 = ( GEOMETRIC_REPRESENTATION_CONTEXT(2) 
PARAMETRIC_REPRESENTATION_CONTEXT() REPRESENTATION_CONTEXT('2D SPACE',''
  ) );
#7932 = ORIENTED_EDGE('',*,*,#7933,.F.);
#7933 = EDGE_CURVE('',#7934,#7905,#7936,.T.);
#7934 = VERTEX_POINT('',#7935);
#7935 = CARTESIAN_POINT('',(-2.037160905138,5.866419672726,-4.));
#7936 = SURFACE_CURVE('',#7937,(#7942,#7949),.PCURVE_S1.);
#7937 = CIRCLE('',#7938,1.6);
#7938 = AXIS2_PLACEMENT_3D('',#7939,#7940,#7941);
#7939 = CARTESIAN_POINT('',(-1.95691559676,7.464406121505,-4.));
#7940 = DIRECTION('',(0.,0.,1.));
#7941 = DIRECTION('',(1.,0.,-0.));
#7942 = PCURVE('',#5904,#7943);
#7943 = DEFINITIONAL_REPRESENTATION('',(#7944),#7948);
#7944 = CIRCLE('',#7945,1.6);
#7945 = AXIS2_PLACEMENT_2D('',#7946,#7947);
#7946 = CARTESIAN_POINT('',(-1.95691559676,7.464406121505));
#7947 = DIRECTION('',(1.,0.));
#7948 = ( GEOMETRIC_REPRESENTATION_CONTEXT(2) 
PARAMETRIC_REPRESENTATION_CONTEXT() REPRESENTATION_CONTEXT('2D SPACE',''
  ) );
#7949 = PCURVE('',#7950,#7955);
#7950 = CYLINDRICAL_SURFACE('',#7951,1.6);
#7951 = AXIS2_PLACEMENT_3D('',#7952,#7953,#7954);
#7952 = CARTESIAN_POINT('',(-1.95691559676,7.464406121505,-10.));
#7953 = DIRECTION('',(0.,0.,1.));
#7954 = DIRECTION('',(1.,0.,0.));
#7955 = DEFINITIONAL_REPRESENTATION('',(#7956),#7960);
#7956 = LINE('',#7957,#7958);
#7957 = CARTESIAN_POINT('',(0.,6.));
#7958 = VECTOR('',#7959,1.);
#7959 = DIRECTION('',(1.,0.));
#7960 = ( GEOMETRIC_REPRESENTATION_CONTEXT(2) 
PARAMETRIC_REPRESENTATION_CONTEXT() REPRESENTATION_CONTEXT('2D SPACE',''
  ) );
#7961 = ORIENTED_EDGE('',*,*,#7962,.F.);
#7962 = EDGE_CURVE('',#7963,#7934,#7965,.T.);
#7963 = VERTEX_POINT('',#7964);
#7964 = CARTESIAN_POINT('',(-2.464717691393,5.801783631369,-4.));
#7965 = SURFACE_CURVE('',#7966,(#7971,#7978),.PCURVE_S1.);
#7966 = CIRCLE('',#7967,1.6);
#7967 = AXIS2_PLACEMENT_3D('',#7968,#7969,#7970);
#7968 = CARTESIAN_POINT('',(-2.487908740786,7.401615552299,-4.));
#7969 = DIRECTION('',(0.,0.,1.));
#7970 = DIRECTION('',(1.,0.,-0.));
#7971 = PCURVE('',#5904,#7972);
#7972 = DEFINITIONAL_REPRESENTATION('',(#7973),#7977);
#7973 = CIRCLE('',#7974,1.6);
#7974 = AXIS2_PLACEMENT_2D('',#7975,#7976);
#7975 = CARTESIAN_POINT('',(-2.487908740786,7.401615552299));
#7976 = DIRECTION('',(1.,0.));
#7977 = ( GEOMETRIC_REPRESENTATION_CONTEXT(2) 
PARAMETRIC_REPRESENTATION_CONTEXT() REPRESENTATION_CONTEXT('2D SPACE',''
  ) );
#7978 = PCURVE('',#7979,#7984);
#7979 = CYLINDRICAL_SURFACE('',#7980,1.6);
#7980 = AXIS2_PLACEMENT_3D('',#7981,#7982,#7983);
#7981 = CARTESIAN_POINT('',(-2.487908740786,7.401615552299,-10.));
#7982 = DIRECTION('',(0.,0.,1.));
#7983 = DIRECTION('',(1.,0.,0.));
#7984 = DEFINITIONAL_REPRESENTATION('',(#7985),#7989);
#7985 = LINE('',#7986,#7987);
#7986 = CARTESIAN_POINT('',(0.,6.));
#7987 = VECTOR('',#7988,1.);
#7988 = DIRECTION('',(1.,0.));
#7989 = ( GEOMETRIC_REPRESENTATION_CONTEXT(2) 
PARAMETRIC_REPRESENTATION_CONTEXT() REPRESENTATION_CONTEXT('2D SPACE',''
  ) );
#7990 = ORIENTED_EDGE('',*,*,#7991,.F.);
#7991 = EDGE_CURVE('',#7992,#7963,#7994,.T.);
#7992 = VERTEX_POINT('',#7993);
#7993 = CARTESIAN_POINT('',(-3.036965393978,8.904458455462,-4.));
#7994 = SURFACE_CURVE('',#7995,(#8000,#8007),.PCURVE_S1.);
#7995 = CIRCLE('',#7996,1.6);
#7996 = AXIS2_PLACEMENT_3D('',#7997,#7998,#7999);
#7997 = CARTESIAN_POINT('',(-3.013774344585,7.304626534531,-4.));
#7998 = DIRECTION('',(0.,0.,1.));
#7999 = DIRECTION('',(1.,0.,-0.));
#8000 = PCURVE('',#5904,#8001);
#8001 = DEFINITIONAL_REPRESENTATION('',(#8002),#8006);
#8002 = CIRCLE('',#8003,1.6);
#8003 = AXIS2_PLACEMENT_2D('',#8004,#8005);
#8004 = CARTESIAN_POINT('',(-3.013774344585,7.304626534531));
#8005 = DIRECTION('',(1.,0.));
#8006 = ( GEOMETRIC_REPRESENTATION_CONTEXT(2) 
PARAMETRIC_REPRESENTATION_CONTEXT() REPRESENTATION_CONTEXT('2D SPACE',''
  ) );
#8007 = PCURVE('',#8008,#8013);
#8008 = CYLINDRICAL_SURFACE('',#8009,1.6);
#8009 = AXIS2_PLACEMENT_3D('',#8010,#8011,#8012);
#8010 = CARTESIAN_POINT('',(-3.013774344585,7.304626534531,-10.));
#8011 = DIRECTION('',(0.,0.,1.));
#8012 = DIRECTION('',(1.,0.,0.));
#8013 = DEFINITIONAL_REPRESENTATION('',(#8014),#8018);
#8014 = LINE('',#8015,#8016);
#8015 = CARTESIAN_POINT('',(0.,6.));
#8016 = VECTOR('',#8017,1.);
#8017 = DIRECTION('',(1.,0.));
#8018 = ( GEOMETRIC_REPRESENTATION_CONTEXT(2) 
PARAMETRIC_REPRESENTATION_CONTEXT() REPRESENTATION_CONTEXT('2D SPACE',''
  ) );
#8019 = ORIENTED_EDGE('',*,*,#8020,.F.);
#8020 = EDGE_CURVE('',#8021,#7992,#8023,.T.);
#8021 = VERTEX_POINT('',#8022);
#8022 = CARTESIAN_POINT('',(-2.407663432408,8.999602001079,-4.));
#8023 = SURFACE_CURVE('',#8024,(#8029,#8036),.PCURVE_S1.);
#8024 = CIRCLE('',#8025,1.6);
#8025 = AXIS2_PLACEMENT_3D('',#8026,#8027,#8028);
#8026 = CARTESIAN_POINT('',(-2.487908740786,7.401615552299,-4.));
#8027 = DIRECTION('',(0.,0.,1.));
#8028 = DIRECTION('',(1.,0.,-0.));
#8029 = PCURVE('',#5904,#8030);
#8030 = DEFINITIONAL_REPRESENTATION('',(#8031),#8035);
#8031 = CIRCLE('',#8032,1.6);
#8032 = AXIS2_PLACEMENT_2D('',#8033,#8034);
#8033 = CARTESIAN_POINT('',(-2.487908740786,7.401615552299));
#8034 = DIRECTION('',(1.,0.));
#8035 = ( GEOMETRIC_REPRESENTATION_CONTEXT(2) 
PARAMETRIC_REPRESENTATION_CONTEXT() REPRESENTATION_CONTEXT('2D SPACE',''
  ) );
#8036 = PCURVE('',#8037,#8042);
#8037 = CYLINDRICAL_SURFACE('',#8038,1.6);
#8038 = AXIS2_PLACEMENT_3D('',#8039,#8040,#8041);
#8039 = CARTESIAN_POINT('',(-2.487908740786,7.401615552299,-10.));
#8040 = DIRECTION('',(0.,0.,1.));
#8041 = DIRECTION('',(1.,0.,0.));
#8042 = DEFINITIONAL_REPRESENTATION('',(#8043),#8047);
#8043 = LINE('',#8044,#8045);
#8044 = CARTESIAN_POINT('',(0.,6.));
#8045 = VECTOR('',#8046,1.);
#8046 = DIRECTION('',(1.,0.));
#8047 = ( GEOMETRIC_REPRESENTATION_CONTEXT(2) 
PARAMETRIC_REPRESENTATION_CONTEXT() REPRESENTATION_CONTEXT('2D SPACE',''
  ) );
#8048 = ORIENTED_EDGE('',*,*,#8049,.F.);
#8049 = EDGE_CURVE('',#8050,#8021,#8052,.T.);
#8050 = VERTEX_POINT('',#8051);
#8051 = CARTESIAN_POINT('',(-1.768425240646,9.053264638068,-4.));
#8052 = SURFACE_CURVE('',#8053,(#8058,#8065),.PCURVE_S1.);
#8053 = CIRCLE('',#8054,1.6);
#8054 = AXIS2_PLACEMENT_3D('',#8055,#8056,#8057);
#8055 = CARTESIAN_POINT('',(-1.95691559676,7.464406121505,-4.));
#8056 = DIRECTION('',(0.,0.,1.));
#8057 = DIRECTION('',(1.,0.,-0.));
#8058 = PCURVE('',#5904,#8059);
#8059 = DEFINITIONAL_REPRESENTATION('',(#8060),#8064);
#8060 = CIRCLE('',#8061,1.6);
#8061 = AXIS2_PLACEMENT_2D('',#8062,#8063);
#8062 = CARTESIAN_POINT('',(-1.95691559676,7.464406121505));
#8063 = DIRECTION('',(1.,0.));
#8064 = ( GEOMETRIC_REPRESENTATION_CONTEXT(2) 
PARAMETRIC_REPRESENTATION_CONTEXT() REPRESENTATION_CONTEXT('2D SPACE',''
  ) );
#8065 = PCURVE('',#8066,#8071);
#8066 = CYLINDRICAL_SURFACE('',#8067,1.6);
#8067 = AXIS2_PLACEMENT_3D('',#8068,#8069,#8070);
#8068 = CARTESIAN_POINT('',(-1.95691559676,7.464406121505,-10.));
#8069 = DIRECTION('',(0.,0.,1.));
#8070 = DIRECTION('',(1.,0.,0.));
#8071 = DEFINITIONAL_REPRESENTATION('',(#8072),#8076);
#8072 = LINE('',#8073,#8074);
#8073 = CARTESIAN_POINT('',(0.,6.));
#8074 = VECTOR('',#8075,1.);
#8075 = DIRECTION('',(1.,0.));
#8076 = ( GEOMETRIC_REPRESENTATION_CONTEXT(2) 
PARAMETRIC_REPRESENTATION_CONTEXT() REPRESENTATION_CONTEXT('2D SPACE',''
  ) );
#8077 = ORIENTED_EDGE('',*,*,#8078,.F.);
#8078 = EDGE_CURVE('',#8079,#8050,#8081,.T.);
#8079 = VERTEX_POINT('',#8080);
#8080 = CARTESIAN_POINT('',(-1.113361651351,9.060797316614,-4.));
#8081 = SURFACE_CURVE('',#8082,(#8087,#8094),.PCURVE_S1.);
#8082 = CIRCLE('',#8083,1.6);
#8083 = AXIS2_PLACEMENT_3D('',#8084,#8085,#8086);
#8084 = CARTESIAN_POINT('',(-1.422885662878,7.491021891182,-4.));
#8085 = DIRECTION('',(0.,0.,1.));
#8086 = DIRECTION('',(1.,0.,-0.));
#8087 = PCURVE('',#5904,#8088);
#8088 = DEFINITIONAL_REPRESENTATION('',(#8089),#8093);
#8089 = CIRCLE('',#8090,1.6);
#8090 = AXIS2_PLACEMENT_2D('',#8091,#8092);
#8091 = CARTESIAN_POINT('',(-1.422885662878,7.491021891182));
#8092 = DIRECTION('',(1.,0.));
#8093 = ( GEOMETRIC_REPRESENTATION_CONTEXT(2) 
PARAMETRIC_REPRESENTATION_CONTEXT() REPRESENTATION_CONTEXT('2D SPACE',''
  ) );
#8094 = PCURVE('',#8095,#8100);
#8095 = CYLINDRICAL_SURFACE('',#8096,1.6);
#8096 = AXIS2_PLACEMENT_3D('',#8097,#8098,#8099);
#8097 = CARTESIAN_POINT('',(-1.422885662878,7.491021891182,-10.));
#8098 = DIRECTION('',(0.,0.,1.));
#8099 = DIRECTION('',(1.,0.,0.));
#8100 = DEFINITIONAL_REPRESENTATION('',(#8101),#8105);
#8101 = LINE('',#8102,#8103);
#8102 = CARTESIAN_POINT('',(0.,6.));
#8103 = VECTOR('',#8104,1.);
#8104 = DIRECTION('',(1.,0.));
#8105 = ( GEOMETRIC_REPRESENTATION_CONTEXT(2) 
PARAMETRIC_REPRESENTATION_CONTEXT() REPRESENTATION_CONTEXT('2D SPACE',''
  ) );
#8106 = ORIENTED_EDGE('',*,*,#8107,.F.);
#8107 = EDGE_CURVE('',#8108,#8079,#8110,.T.);
#8108 = VERTEX_POINT('',#8109);
#8109 = CARTESIAN_POINT('',(-0.476512244333,9.022780483331,-4.));
#8110 = SURFACE_CURVE('',#8111,(#8116,#8123),.PCURVE_S1.);
#8111 = CIRCLE('',#8112,1.6);
#8112 = AXIS2_PLACEMENT_3D('',#8113,#8114,#8115);
#8113 = CARTESIAN_POINT('',(-0.888365428446,7.476696088889,-4.));
#8114 = DIRECTION('',(0.,0.,1.));
#8115 = DIRECTION('',(1.,0.,-0.));
#8116 = PCURVE('',#5904,#8117);
#8117 = DEFINITIONAL_REPRESENTATION('',(#8118),#8122);
#8118 = CIRCLE('',#8119,1.6);
#8119 = AXIS2_PLACEMENT_2D('',#8120,#8121);
#8120 = CARTESIAN_POINT('',(-0.888365428446,7.476696088889));
#8121 = DIRECTION('',(1.,0.));
#8122 = ( GEOMETRIC_REPRESENTATION_CONTEXT(2) 
PARAMETRIC_REPRESENTATION_CONTEXT() REPRESENTATION_CONTEXT('2D SPACE',''
  ) );
#8123 = PCURVE('',#8124,#8129);
#8124 = CYLINDRICAL_SURFACE('',#8125,1.6);
#8125 = AXIS2_PLACEMENT_3D('',#8126,#8127,#8128);
#8126 = CARTESIAN_POINT('',(-0.888365428446,7.476696088889,-10.));
#8127 = DIRECTION('',(0.,0.,1.));
#8128 = DIRECTION('',(1.,0.,0.));
#8129 = DEFINITIONAL_REPRESENTATION('',(#8130),#8134);
#8130 = LINE('',#8131,#8132);
#8131 = CARTESIAN_POINT('',(0.,6.));
#8132 = VECTOR('',#8133,1.);
#8133 = DIRECTION('',(1.,0.));
#8134 = ( GEOMETRIC_REPRESENTATION_CONTEXT(2) 
PARAMETRIC_REPRESENTATION_CONTEXT() REPRESENTATION_CONTEXT('2D SPACE',''
  ) );
#8135 = ORIENTED_EDGE('',*,*,#8136,.F.);
#8136 = EDGE_CURVE('',#7064,#8108,#8137,.T.);
#8137 = SURFACE_CURVE('',#8138,(#8143,#8150),.PCURVE_S1.);
#8138 = CIRCLE('',#8139,1.6);
#8139 = AXIS2_PLACEMENT_3D('',#8140,#8141,#8142);
#8140 = CARTESIAN_POINT('',(-0.355940257498,7.427329952606,-4.));
#8141 = DIRECTION('',(0.,0.,1.));
#8142 = DIRECTION('',(1.,0.,-0.));
#8143 = PCURVE('',#5904,#8144);
#8144 = DEFINITIONAL_REPRESENTATION('',(#8145),#8149);
#8145 = CIRCLE('',#8146,1.6);
#8146 = AXIS2_PLACEMENT_2D('',#8147,#8148);
#8147 = CARTESIAN_POINT('',(-0.355940257498,7.427329952606));
#8148 = DIRECTION('',(1.,0.));
#8149 = ( GEOMETRIC_REPRESENTATION_CONTEXT(2) 
PARAMETRIC_REPRESENTATION_CONTEXT() REPRESENTATION_CONTEXT('2D SPACE',''
  ) );
#8150 = PCURVE('',#8151,#8156);
#8151 = CYLINDRICAL_SURFACE('',#8152,1.6);
#8152 = AXIS2_PLACEMENT_3D('',#8153,#8154,#8155);
#8153 = CARTESIAN_POINT('',(-0.355940257498,7.427329952606,-10.));
#8154 = DIRECTION('',(0.,0.,1.));
#8155 = DIRECTION('',(1.,0.,0.));
#8156 = DEFINITIONAL_REPRESENTATION('',(#8157),#8161);
#8157 = LINE('',#8158,#8159);
#8158 = CARTESIAN_POINT('',(0.,6.));
#8159 = VECTOR('',#8160,1.);
#8160 = DIRECTION('',(1.,0.));
#8161 = ( GEOMETRIC_REPRESENTATION_CONTEXT(2) 
PARAMETRIC_REPRESENTATION_CONTEXT() REPRESENTATION_CONTEXT('2D SPACE',''
  ) );
#8162 = ADVANCED_FACE('',(#8163,#8166,#9080,#9110),#5876,.F.);
#8163 = FACE_BOUND('',#8164,.F.);
#8164 = EDGE_LOOP('',(#8165));
#8165 = ORIENTED_EDGE('',*,*,#5861,.T.);
#8166 = FACE_BOUND('',#8167,.F.);
#8167 = EDGE_LOOP('',(#8168,#8194,#8218,#8242,#8266,#8290,#8314,#8338,
    #8362,#8386,#8410,#8434,#8458,#8482,#8506,#8530,#8554,#8578,#8602,
    #8626,#8650,#8674,#8698,#8722,#8746,#8770,#8794,#8818,#8842,#8866,
    #8890,#8914,#8938,#8962,#8986,#9010,#9034,#9058));
#8168 = ORIENTED_EDGE('',*,*,#8169,.F.);
#8169 = EDGE_CURVE('',#8170,#8172,#8174,.T.);
#8170 = VERTEX_POINT('',#8171);
#8171 = CARTESIAN_POINT('',(-4.149827862504,-8.431295254441,-9.));
#8172 = VERTEX_POINT('',#8173);
#8173 = CARTESIAN_POINT('',(-2.397873144488,-5.827918807282,-9.));
#8174 = SURFACE_CURVE('',#8175,(#8180,#8187),.PCURVE_S1.);
#8175 = CIRCLE('',#8176,1.6);
#8176 = AXIS2_PLACEMENT_3D('',#8177,#8178,#8179);
#8177 = CARTESIAN_POINT('',(-3.013774344585,-7.304626534531,-9.));
#8178 = DIRECTION('',(0.,0.,1.));
#8179 = DIRECTION('',(1.,0.,-0.));
#8180 = PCURVE('',#5876,#8181);
#8181 = DEFINITIONAL_REPRESENTATION('',(#8182),#8186);
#8182 = CIRCLE('',#8183,1.6);
#8183 = AXIS2_PLACEMENT_2D('',#8184,#8185);
#8184 = CARTESIAN_POINT('',(-3.013774344585,-7.304626534531));
#8185 = DIRECTION('',(1.,0.));
#8186 = ( GEOMETRIC_REPRESENTATION_CONTEXT(2) 
PARAMETRIC_REPRESENTATION_CONTEXT() REPRESENTATION_CONTEXT('2D SPACE',''
  ) );
#8187 = PCURVE('',#5941,#8188);
#8188 = DEFINITIONAL_REPRESENTATION('',(#8189),#8193);
#8189 = LINE('',#8190,#8191);
#8190 = CARTESIAN_POINT('',(0.,1.));
#8191 = VECTOR('',#8192,1.);
#8192 = DIRECTION('',(1.,0.));
#8193 = ( GEOMETRIC_REPRESENTATION_CONTEXT(2) 
PARAMETRIC_REPRESENTATION_CONTEXT() REPRESENTATION_CONTEXT('2D SPACE',''
  ) );
#8194 = ORIENTED_EDGE('',*,*,#8195,.F.);
#8195 = EDGE_CURVE('',#8196,#8170,#8198,.T.);
#8196 = VERTEX_POINT('',#8197);
#8197 = CARTESIAN_POINT('',(-4.748570145933,-7.996048620045,-9.));
#8198 = SURFACE_CURVE('',#8199,(#8204,#8211),.PCURVE_S1.);
#8199 = CIRCLE('',#8200,1.6);
#8200 = AXIS2_PLACEMENT_3D('',#8201,#8202,#8203);
#8201 = CARTESIAN_POINT('',(-3.533926662406,-6.954587527192,-9.));
#8202 = DIRECTION('',(0.,0.,1.));
#8203 = DIRECTION('',(1.,0.,-0.));
#8204 = PCURVE('',#5876,#8205);
#8205 = DEFINITIONAL_REPRESENTATION('',(#8206),#8210);
#8206 = CIRCLE('',#8207,1.6);
#8207 = AXIS2_PLACEMENT_2D('',#8208,#8209);
#8208 = CARTESIAN_POINT('',(-3.533926662406,-6.954587527192));
#8209 = DIRECTION('',(1.,0.));
#8210 = ( GEOMETRIC_REPRESENTATION_CONTEXT(2) 
PARAMETRIC_REPRESENTATION_CONTEXT() REPRESENTATION_CONTEXT('2D SPACE',''
  ) );
#8211 = PCURVE('',#5970,#8212);
#8212 = DEFINITIONAL_REPRESENTATION('',(#8213),#8217);
#8213 = LINE('',#8214,#8215);
#8214 = CARTESIAN_POINT('',(0.,1.));
#8215 = VECTOR('',#8216,1.);
#8216 = DIRECTION('',(1.,0.));
#8217 = ( GEOMETRIC_REPRESENTATION_CONTEXT(2) 
PARAMETRIC_REPRESENTATION_CONTEXT() REPRESENTATION_CONTEXT('2D SPACE',''
  ) );
#8218 = ORIENTED_EDGE('',*,*,#8219,.F.);
#8219 = EDGE_CURVE('',#8220,#8196,#8222,.T.);
#8220 = VERTEX_POINT('',#8221);
#8221 = CARTESIAN_POINT('',(-5.327668626694,-7.500111351162,-9.));
#8222 = SURFACE_CURVE('',#8223,(#8228,#8235),.PCURVE_S1.);
#8223 = CIRCLE('',#8224,1.6);
#8224 = AXIS2_PLACEMENT_3D('',#8225,#8226,#8227);
#8225 = CARTESIAN_POINT('',(-4.027349179251,-6.567818835585,-9.));
#8226 = DIRECTION('',(0.,0.,1.));
#8227 = DIRECTION('',(1.,0.,-0.));
#8228 = PCURVE('',#5876,#8229);
#8229 = DEFINITIONAL_REPRESENTATION('',(#8230),#8234);
#8230 = CIRCLE('',#8231,1.6);
#8231 = AXIS2_PLACEMENT_2D('',#8232,#8233);
#8232 = CARTESIAN_POINT('',(-4.027349179251,-6.567818835585));
#8233 = DIRECTION('',(1.,0.));
#8234 = ( GEOMETRIC_REPRESENTATION_CONTEXT(2) 
PARAMETRIC_REPRESENTATION_CONTEXT() REPRESENTATION_CONTEXT('2D SPACE',''
  ) );
#8235 = PCURVE('',#5999,#8236);
#8236 = DEFINITIONAL_REPRESENTATION('',(#8237),#8241);
#8237 = LINE('',#8238,#8239);
#8238 = CARTESIAN_POINT('',(0.,1.));
#8239 = VECTOR('',#8240,1.);
#8240 = DIRECTION('',(1.,0.));
#8241 = ( GEOMETRIC_REPRESENTATION_CONTEXT(2) 
PARAMETRIC_REPRESENTATION_CONTEXT() REPRESENTATION_CONTEXT('2D SPACE',''
  ) );
#8242 = ORIENTED_EDGE('',*,*,#8243,.F.);
#8243 = EDGE_CURVE('',#8244,#8220,#8246,.T.);
#8244 = VERTEX_POINT('',#8245);
#8245 = CARTESIAN_POINT('',(-5.853879233003,-6.968721318015,-9.));
#8246 = SURFACE_CURVE('',#8247,(#8252,#8259),.PCURVE_S1.);
#8247 = CIRCLE('',#8248,1.6);
#8248 = AXIS2_PLACEMENT_3D('',#8249,#8250,#8251);
#8249 = CARTESIAN_POINT('',(-4.485358604989,-6.139775426717,-9.));
#8250 = DIRECTION('',(0.,0.,1.));
#8251 = DIRECTION('',(1.,0.,-0.));
#8252 = PCURVE('',#5876,#8253);
#8253 = DEFINITIONAL_REPRESENTATION('',(#8254),#8258);
#8254 = CIRCLE('',#8255,1.6);
#8255 = AXIS2_PLACEMENT_2D('',#8256,#8257);
#8256 = CARTESIAN_POINT('',(-4.485358604989,-6.139775426717));
#8257 = DIRECTION('',(1.,0.));
#8258 = ( GEOMETRIC_REPRESENTATION_CONTEXT(2) 
PARAMETRIC_REPRESENTATION_CONTEXT() REPRESENTATION_CONTEXT('2D SPACE',''
  ) );
#8259 = PCURVE('',#6028,#8260);
#8260 = DEFINITIONAL_REPRESENTATION('',(#8261),#8265);
#8261 = LINE('',#8262,#8263);
#8262 = CARTESIAN_POINT('',(0.,1.));
#8263 = VECTOR('',#8264,1.);
#8264 = DIRECTION('',(1.,0.));
#8265 = ( GEOMETRIC_REPRESENTATION_CONTEXT(2) 
PARAMETRIC_REPRESENTATION_CONTEXT() REPRESENTATION_CONTEXT('2D SPACE',''
  ) );
#8266 = ORIENTED_EDGE('',*,*,#8267,.F.);
#8267 = EDGE_CURVE('',#8268,#8244,#8270,.T.);
#8268 = VERTEX_POINT('',#8269);
#8269 = CARTESIAN_POINT('',(-6.344338596142,-6.384392897887,-9.));
#8270 = SURFACE_CURVE('',#8271,(#8276,#8283),.PCURVE_S1.);
#8271 = CIRCLE('',#8272,1.6);
#8272 = AXIS2_PLACEMENT_3D('',#8273,#8274,#8275);
#8273 = CARTESIAN_POINT('',(-4.908927832733,-5.677571887806,-9.));
#8274 = DIRECTION('',(0.,0.,1.));
#8275 = DIRECTION('',(1.,0.,-0.));
#8276 = PCURVE('',#5876,#8277);
#8277 = DEFINITIONAL_REPRESENTATION('',(#8278),#8282);
#8278 = CIRCLE('',#8279,1.6);
#8279 = AXIS2_PLACEMENT_2D('',#8280,#8281);
#8280 = CARTESIAN_POINT('',(-4.908927832733,-5.677571887806));
#8281 = DIRECTION('',(1.,0.));
#8282 = ( GEOMETRIC_REPRESENTATION_CONTEXT(2) 
PARAMETRIC_REPRESENTATION_CONTEXT() REPRESENTATION_CONTEXT('2D SPACE',''
  ) );
#8283 = PCURVE('',#6057,#8284);
#8284 = DEFINITIONAL_REPRESENTATION('',(#8285),#8289);
#8285 = LINE('',#8286,#8287);
#8286 = CARTESIAN_POINT('',(0.,1.));
#8287 = VECTOR('',#8288,1.);
#8288 = DIRECTION('',(1.,0.));
#8289 = ( GEOMETRIC_REPRESENTATION_CONTEXT(2) 
PARAMETRIC_REPRESENTATION_CONTEXT() REPRESENTATION_CONTEXT('2D SPACE',''
  ) );
#8290 = ORIENTED_EDGE('',*,*,#8291,.F.);
#8291 = EDGE_CURVE('',#8292,#8268,#8294,.T.);
#8292 = VERTEX_POINT('',#8293);
#8293 = CARTESIAN_POINT('',(-6.778066409882,-5.769917481471,-9.));
#8294 = SURFACE_CURVE('',#8295,(#8300,#8307),.PCURVE_S1.);
#8295 = CIRCLE('',#8296,1.6);
#8296 = AXIS2_PLACEMENT_3D('',#8297,#8298,#8299);
#8297 = CARTESIAN_POINT('',(-5.290653960608,-5.180337795808,-9.));
#8298 = DIRECTION('',(0.,0.,1.));
#8299 = DIRECTION('',(1.,0.,-0.));
#8300 = PCURVE('',#5876,#8301);
#8301 = DEFINITIONAL_REPRESENTATION('',(#8302),#8306);
#8302 = CIRCLE('',#8303,1.6);
#8303 = AXIS2_PLACEMENT_2D('',#8304,#8305);
#8304 = CARTESIAN_POINT('',(-5.290653960608,-5.180337795808));
#8305 = DIRECTION('',(1.,0.));
#8306 = ( GEOMETRIC_REPRESENTATION_CONTEXT(2) 
PARAMETRIC_REPRESENTATION_CONTEXT() REPRESENTATION_CONTEXT('2D SPACE',''
  ) );
#8307 = PCURVE('',#6086,#8308);
#8308 = DEFINITIONAL_REPRESENTATION('',(#8309),#8313);
#8309 = LINE('',#8310,#8311);
#8310 = CARTESIAN_POINT('',(0.,1.));
#8311 = VECTOR('',#8312,1.);
#8312 = DIRECTION('',(1.,0.));
#8313 = ( GEOMETRIC_REPRESENTATION_CONTEXT(2) 
PARAMETRIC_REPRESENTATION_CONTEXT() REPRESENTATION_CONTEXT('2D SPACE',''
  ) );
#8314 = ORIENTED_EDGE('',*,*,#8315,.F.);
#8315 = EDGE_CURVE('',#8316,#8292,#8318,.T.);
#8316 = VERTEX_POINT('',#8317);
#8317 = CARTESIAN_POINT('',(-7.165547522754,-5.108294301438,-9.));
#8318 = SURFACE_CURVE('',#8319,(#8324,#8331),.PCURVE_S1.);
#8319 = CIRCLE('',#8320,1.6);
#8320 = AXIS2_PLACEMENT_3D('',#8321,#8322,#8323);
#8321 = CARTESIAN_POINT('',(-5.631374161701,-4.654078385561,-9.));
#8322 = DIRECTION('',(0.,0.,1.));
#8323 = DIRECTION('',(1.,0.,-0.));
#8324 = PCURVE('',#5876,#8325);
#8325 = DEFINITIONAL_REPRESENTATION('',(#8326),#8330);
#8326 = CIRCLE('',#8327,1.6);
#8327 = AXIS2_PLACEMENT_2D('',#8328,#8329);
#8328 = CARTESIAN_POINT('',(-5.631374161701,-4.654078385561));
#8329 = DIRECTION('',(1.,0.));
#8330 = ( GEOMETRIC_REPRESENTATION_CONTEXT(2) 
PARAMETRIC_REPRESENTATION_CONTEXT() REPRESENTATION_CONTEXT('2D SPACE',''
  ) );
#8331 = PCURVE('',#6115,#8332);
#8332 = DEFINITIONAL_REPRESENTATION('',(#8333),#8337);
#8333 = LINE('',#8334,#8335);
#8334 = CARTESIAN_POINT('',(0.,1.));
#8335 = VECTOR('',#8336,1.);
#8336 = DIRECTION('',(1.,0.));
#8337 = ( GEOMETRIC_REPRESENTATION_CONTEXT(2) 
PARAMETRIC_REPRESENTATION_CONTEXT() REPRESENTATION_CONTEXT('2D SPACE',''
  ) );
#8338 = ORIENTED_EDGE('',*,*,#8339,.F.);
#8339 = EDGE_CURVE('',#8340,#8316,#8342,.T.);
#8340 = VERTEX_POINT('',#8341);
#8341 = CARTESIAN_POINT('',(-7.489452775034,-4.428433990452,-9.));
#8342 = SURFACE_CURVE('',#8343,(#8348,#8355),.PCURVE_S1.);
#8343 = CIRCLE('',#8344,1.6);
#8344 = AXIS2_PLACEMENT_3D('',#8345,#8346,#8347);
#8345 = CARTESIAN_POINT('',(-5.923625846533,-4.099517542124,-9.));
#8346 = DIRECTION('',(0.,0.,1.));
#8347 = DIRECTION('',(1.,0.,-0.));
#8348 = PCURVE('',#5876,#8349);
#8349 = DEFINITIONAL_REPRESENTATION('',(#8350),#8354);
#8350 = CIRCLE('',#8351,1.6);
#8351 = AXIS2_PLACEMENT_2D('',#8352,#8353);
#8352 = CARTESIAN_POINT('',(-5.923625846533,-4.099517542124));
#8353 = DIRECTION('',(1.,0.));
#8354 = ( GEOMETRIC_REPRESENTATION_CONTEXT(2) 
PARAMETRIC_REPRESENTATION_CONTEXT() REPRESENTATION_CONTEXT('2D SPACE',''
  ) );
#8355 = PCURVE('',#6144,#8356);
#8356 = DEFINITIONAL_REPRESENTATION('',(#8357),#8361);
#8357 = LINE('',#8358,#8359);
#8358 = CARTESIAN_POINT('',(0.,1.));
#8359 = VECTOR('',#8360,1.);
#8360 = DIRECTION('',(1.,0.));
#8361 = ( GEOMETRIC_REPRESENTATION_CONTEXT(2) 
PARAMETRIC_REPRESENTATION_CONTEXT() REPRESENTATION_CONTEXT('2D SPACE',''
  ) );
#8362 = ORIENTED_EDGE('',*,*,#8363,.F.);
#8363 = EDGE_CURVE('',#8364,#8340,#8366,.T.);
#8364 = VERTEX_POINT('',#8365);
#8365 = CARTESIAN_POINT('',(-7.760035141816,-3.703281513018,-9.));
#8366 = SURFACE_CURVE('',#8367,(#8372,#8379),.PCURVE_S1.);
#8367 = CIRCLE('',#8368,1.6);
#8368 = AXIS2_PLACEMENT_3D('',#8369,#8370,#8371);
#8369 = CARTESIAN_POINT('',(-6.170211191574,-3.523115458404,-9.));
#8370 = DIRECTION('',(0.,0.,1.));
#8371 = DIRECTION('',(1.,0.,-0.));
#8372 = PCURVE('',#5876,#8373);
#8373 = DEFINITIONAL_REPRESENTATION('',(#8374),#8378);
#8374 = CIRCLE('',#8375,1.6);
#8375 = AXIS2_PLACEMENT_2D('',#8376,#8377);
#8376 = CARTESIAN_POINT('',(-6.170211191574,-3.523115458404));
#8377 = DIRECTION('',(1.,0.));
#8378 = ( GEOMETRIC_REPRESENTATION_CONTEXT(2) 
PARAMETRIC_REPRESENTATION_CONTEXT() REPRESENTATION_CONTEXT('2D SPACE',''
  ) );
#8379 = PCURVE('',#6173,#8380);
#8380 = DEFINITIONAL_REPRESENTATION('',(#8381),#8385);
#8381 = LINE('',#8382,#8383);
#8382 = CARTESIAN_POINT('',(0.,1.));
#8383 = VECTOR('',#8384,1.);
#8384 = DIRECTION('',(1.,0.));
#8385 = ( GEOMETRIC_REPRESENTATION_CONTEXT(2) 
PARAMETRIC_REPRESENTATION_CONTEXT() REPRESENTATION_CONTEXT('2D SPACE',''
  ) );
#8386 = ORIENTED_EDGE('',*,*,#8387,.F.);
#8387 = EDGE_CURVE('',#8388,#8364,#8390,.T.);
#8388 = VERTEX_POINT('',#8389);
#8389 = CARTESIAN_POINT('',(-7.960692170665,-2.975725577943,-9.));
#8390 = SURFACE_CURVE('',#8391,(#8396,#8403),.PCURVE_S1.);
#8391 = CIRCLE('',#8392,1.6);
#8392 = AXIS2_PLACEMENT_3D('',#8393,#8394,#8395);
#8393 = CARTESIAN_POINT('',(-6.361461566716,-2.926112319707,-9.));
#8394 = DIRECTION('',(0.,0.,1.));
#8395 = DIRECTION('',(1.,0.,-0.));
#8396 = PCURVE('',#5876,#8397);
#8397 = DEFINITIONAL_REPRESENTATION('',(#8398),#8402);
#8398 = CIRCLE('',#8399,1.6);
#8399 = AXIS2_PLACEMENT_2D('',#8400,#8401);
#8400 = CARTESIAN_POINT('',(-6.361461566716,-2.926112319707));
#8401 = DIRECTION('',(1.,0.));
#8402 = ( GEOMETRIC_REPRESENTATION_CONTEXT(2) 
PARAMETRIC_REPRESENTATION_CONTEXT() REPRESENTATION_CONTEXT('2D SPACE',''
  ) );
#8403 = PCURVE('',#6202,#8404);
#8404 = DEFINITIONAL_REPRESENTATION('',(#8405),#8409);
#8405 = LINE('',#8406,#8407);
#8406 = CARTESIAN_POINT('',(-8.881784197001E-16,1.));
#8407 = VECTOR('',#8408,1.);
#8408 = DIRECTION('',(1.,0.));
#8409 = ( GEOMETRIC_REPRESENTATION_CONTEXT(2) 
PARAMETRIC_REPRESENTATION_CONTEXT() REPRESENTATION_CONTEXT('2D SPACE',''
  ) );
#8410 = ORIENTED_EDGE('',*,*,#8411,.F.);
#8411 = EDGE_CURVE('',#8412,#8388,#8414,.T.);
#8412 = VERTEX_POINT('',#8413);
#8413 = CARTESIAN_POINT('',(-8.099907105771,-2.211823762021,-9.));
#8414 = SURFACE_CURVE('',#8415,(#8420,#8427),.PCURVE_S1.);
#8415 = CIRCLE('',#8416,1.6);
#8416 = AXIS2_PLACEMENT_3D('',#8417,#8418,#8419);
#8417 = CARTESIAN_POINT('',(-6.503268693329,-2.315485615726,-9.));
#8418 = DIRECTION('',(0.,0.,1.));
#8419 = DIRECTION('',(1.,0.,-0.));
#8420 = PCURVE('',#5876,#8421);
#8421 = DEFINITIONAL_REPRESENTATION('',(#8422),#8426);
#8422 = CIRCLE('',#8423,1.6);
#8423 = AXIS2_PLACEMENT_2D('',#8424,#8425);
#8424 = CARTESIAN_POINT('',(-6.503268693329,-2.315485615726));
#8425 = DIRECTION('',(1.,0.));
#8426 = ( GEOMETRIC_REPRESENTATION_CONTEXT(2) 
PARAMETRIC_REPRESENTATION_CONTEXT() REPRESENTATION_CONTEXT('2D SPACE',''
  ) );
#8427 = PCURVE('',#6231,#8428);
#8428 = DEFINITIONAL_REPRESENTATION('',(#8429),#8433);
#8429 = LINE('',#8430,#8431);
#8430 = CARTESIAN_POINT('',(0.,1.));
#8431 = VECTOR('',#8432,1.);
#8432 = DIRECTION('',(1.,0.));
#8433 = ( GEOMETRIC_REPRESENTATION_CONTEXT(2) 
PARAMETRIC_REPRESENTATION_CONTEXT() REPRESENTATION_CONTEXT('2D SPACE',''
  ) );
#8434 = ORIENTED_EDGE('',*,*,#8435,.F.);
#8435 = EDGE_CURVE('',#8436,#8412,#8438,.T.);
#8436 = VERTEX_POINT('',#8437);
#8437 = CARTESIAN_POINT('',(-8.167427203831,-1.450946811964,-9.));
#8438 = SURFACE_CURVE('',#8439,(#8444,#8451),.PCURVE_S1.);
#8439 = CIRCLE('',#8440,1.6);
#8440 = AXIS2_PLACEMENT_3D('',#8441,#8442,#8443);
#8441 = CARTESIAN_POINT('',(-6.58600288451,-1.694045808794,-9.));
#8442 = DIRECTION('',(0.,0.,1.));
#8443 = DIRECTION('',(1.,0.,-0.));
#8444 = PCURVE('',#5876,#8445);
#8445 = DEFINITIONAL_REPRESENTATION('',(#8446),#8450);
#8446 = CIRCLE('',#8447,1.6);
#8447 = AXIS2_PLACEMENT_2D('',#8448,#8449);
#8448 = CARTESIAN_POINT('',(-6.58600288451,-1.694045808794));
#8449 = DIRECTION('',(1.,0.));
#8450 = ( GEOMETRIC_REPRESENTATION_CONTEXT(2) 
PARAMETRIC_REPRESENTATION_CONTEXT() REPRESENTATION_CONTEXT('2D SPACE',''
  ) );
#8451 = PCURVE('',#6260,#8452);
#8452 = DEFINITIONAL_REPRESENTATION('',(#8453),#8457);
#8453 = LINE('',#8454,#8455);
#8454 = CARTESIAN_POINT('',(0.,1.));
#8455 = VECTOR('',#8456,1.);
#8456 = DIRECTION('',(1.,0.));
#8457 = ( GEOMETRIC_REPRESENTATION_CONTEXT(2) 
PARAMETRIC_REPRESENTATION_CONTEXT() REPRESENTATION_CONTEXT('2D SPACE',''
  ) );
#8458 = ORIENTED_EDGE('',*,*,#8459,.F.);
#8459 = EDGE_CURVE('',#8460,#8436,#8462,.T.);
#8460 = VERTEX_POINT('',#8461);
#8461 = CARTESIAN_POINT('',(-8.166794156195,-0.682262478103,-9.));
#8462 = SURFACE_CURVE('',#8463,(#8468,#8475),.PCURVE_S1.);
#8463 = CIRCLE('',#8464,1.6);
#8464 = AXIS2_PLACEMENT_3D('',#8465,#8466,#8467);
#8465 = CARTESIAN_POINT('',(-6.613959250676,-1.06788373815,-9.));
#8466 = DIRECTION('',(0.,0.,1.));
#8467 = DIRECTION('',(1.,0.,-0.));
#8468 = PCURVE('',#5876,#8469);
#8469 = DEFINITIONAL_REPRESENTATION('',(#8470),#8474);
#8470 = CIRCLE('',#8471,1.6);
#8471 = AXIS2_PLACEMENT_2D('',#8472,#8473);
#8472 = CARTESIAN_POINT('',(-6.613959250676,-1.06788373815));
#8473 = DIRECTION('',(1.,0.));
#8474 = ( GEOMETRIC_REPRESENTATION_CONTEXT(2) 
PARAMETRIC_REPRESENTATION_CONTEXT() REPRESENTATION_CONTEXT('2D SPACE',''
  ) );
#8475 = PCURVE('',#6289,#8476);
#8476 = DEFINITIONAL_REPRESENTATION('',(#8477),#8481);
#8477 = LINE('',#8478,#8479);
#8478 = CARTESIAN_POINT('',(0.,1.));
#8479 = VECTOR('',#8480,1.);
#8480 = DIRECTION('',(1.,0.));
#8481 = ( GEOMETRIC_REPRESENTATION_CONTEXT(2) 
PARAMETRIC_REPRESENTATION_CONTEXT() REPRESENTATION_CONTEXT('2D SPACE',''
  ) );
#8482 = ORIENTED_EDGE('',*,*,#8483,.F.);
#8483 = EDGE_CURVE('',#8484,#8460,#8486,.T.);
#8484 = VERTEX_POINT('',#8485);
#8485 = CARTESIAN_POINT('',(-8.09265514411,9.403918849999E-02,-9.));
#8486 = SURFACE_CURVE('',#8487,(#8492,#8499),.PCURVE_S1.);
#8487 = CIRCLE('',#8488,1.6);
#8488 = AXIS2_PLACEMENT_3D('',#8489,#8490,#8491);
#8489 = CARTESIAN_POINT('',(-6.584991423454,-0.441638051467,-9.));
#8490 = DIRECTION('',(0.,0.,1.));
#8491 = DIRECTION('',(1.,0.,-0.));
#8492 = PCURVE('',#5876,#8493);
#8493 = DEFINITIONAL_REPRESENTATION('',(#8494),#8498);
#8494 = CIRCLE('',#8495,1.6);
#8495 = AXIS2_PLACEMENT_2D('',#8496,#8497);
#8496 = CARTESIAN_POINT('',(-6.584991423454,-0.441638051467));
#8497 = DIRECTION('',(1.,0.));
#8498 = ( GEOMETRIC_REPRESENTATION_CONTEXT(2) 
PARAMETRIC_REPRESENTATION_CONTEXT() REPRESENTATION_CONTEXT('2D SPACE',''
  ) );
#8499 = PCURVE('',#6318,#8500);
#8500 = DEFINITIONAL_REPRESENTATION('',(#8501),#8505);
#8501 = LINE('',#8502,#8503);
#8502 = CARTESIAN_POINT('',(0.,1.));
#8503 = VECTOR('',#8504,1.);
#8504 = DIRECTION('',(1.,0.));
#8505 = ( GEOMETRIC_REPRESENTATION_CONTEXT(2) 
PARAMETRIC_REPRESENTATION_CONTEXT() REPRESENTATION_CONTEXT('2D SPACE',''
  ) );
#8506 = ORIENTED_EDGE('',*,*,#8507,.F.);
#8507 = EDGE_CURVE('',#8508,#8484,#8510,.T.);
#8508 = VERTEX_POINT('',#8509);
#8509 = CARTESIAN_POINT('',(-7.948025709905,0.84832822966,-9.));
#8510 = SURFACE_CURVE('',#8511,(#8516,#8523),.PCURVE_S1.);
#8511 = CIRCLE('',#8512,1.6);
#8512 = AXIS2_PLACEMENT_3D('',#8513,#8514,#8515);
#8513 = CARTESIAN_POINT('',(-6.494896058487,0.178690853037,-9.));
#8514 = DIRECTION('',(0.,0.,1.));
#8515 = DIRECTION('',(1.,0.,-0.));
#8516 = PCURVE('',#5876,#8517);
#8517 = DEFINITIONAL_REPRESENTATION('',(#8518),#8522);
#8518 = CIRCLE('',#8519,1.6);
#8519 = AXIS2_PLACEMENT_2D('',#8520,#8521);
#8520 = CARTESIAN_POINT('',(-6.494896058487,0.178690853037));
#8521 = DIRECTION('',(1.,0.));
#8522 = ( GEOMETRIC_REPRESENTATION_CONTEXT(2) 
PARAMETRIC_REPRESENTATION_CONTEXT() REPRESENTATION_CONTEXT('2D SPACE',''
  ) );
#8523 = PCURVE('',#6347,#8524);
#8524 = DEFINITIONAL_REPRESENTATION('',(#8525),#8529);
#8525 = LINE('',#8526,#8527);
#8526 = CARTESIAN_POINT('',(0.,1.));
#8527 = VECTOR('',#8528,1.);
#8528 = DIRECTION('',(1.,0.));
#8529 = ( GEOMETRIC_REPRESENTATION_CONTEXT(2) 
PARAMETRIC_REPRESENTATION_CONTEXT() REPRESENTATION_CONTEXT('2D SPACE',''
  ) );
#8530 = ORIENTED_EDGE('',*,*,#8531,.F.);
#8531 = EDGE_CURVE('',#8532,#8508,#8534,.T.);
#8532 = VERTEX_POINT('',#8533);
#8533 = CARTESIAN_POINT('',(-7.730610697197,1.595495626405,-9.));
#8534 = SURFACE_CURVE('',#8535,(#8540,#8547),.PCURVE_S1.);
#8535 = CIRCLE('',#8536,1.6);
#8536 = AXIS2_PLACEMENT_3D('',#8537,#8538,#8539);
#8537 = CARTESIAN_POINT('',(-6.349152352828,0.788295005262,-9.));
#8538 = DIRECTION('',(0.,0.,1.));
#8539 = DIRECTION('',(1.,0.,-0.));
#8540 = PCURVE('',#5876,#8541);
#8541 = DEFINITIONAL_REPRESENTATION('',(#8542),#8546);
#8542 = CIRCLE('',#8543,1.6);
#8543 = AXIS2_PLACEMENT_2D('',#8544,#8545);
#8544 = CARTESIAN_POINT('',(-6.349152352828,0.788295005262));
#8545 = DIRECTION('',(1.,0.));
#8546 = ( GEOMETRIC_REPRESENTATION_CONTEXT(2) 
PARAMETRIC_REPRESENTATION_CONTEXT() REPRESENTATION_CONTEXT('2D SPACE',''
  ) );
#8547 = PCURVE('',#6376,#8548);
#8548 = DEFINITIONAL_REPRESENTATION('',(#8549),#8553);
#8549 = LINE('',#8550,#8551);
#8550 = CARTESIAN_POINT('',(0.,1.));
#8551 = VECTOR('',#8552,1.);
#8552 = DIRECTION('',(1.,0.));
#8553 = ( GEOMETRIC_REPRESENTATION_CONTEXT(2) 
PARAMETRIC_REPRESENTATION_CONTEXT() REPRESENTATION_CONTEXT('2D SPACE',''
  ) );
#8554 = ORIENTED_EDGE('',*,*,#8555,.F.);
#8555 = EDGE_CURVE('',#8556,#8532,#8558,.T.);
#8556 = VERTEX_POINT('',#8557);
#8557 = CARTESIAN_POINT('',(-7.438657067344,2.3226268787,-9.));
#8558 = SURFACE_CURVE('',#8559,(#8564,#8571),.PCURVE_S1.);
#8559 = CIRCLE('',#8560,1.6);
#8560 = AXIS2_PLACEMENT_3D('',#8561,#8562,#8563);
#8561 = CARTESIAN_POINT('',(-6.145047203501,1.381046547465,-9.));
#8562 = DIRECTION('',(0.,0.,1.));
#8563 = DIRECTION('',(1.,0.,-0.));
#8564 = PCURVE('',#5876,#8565);
#8565 = DEFINITIONAL_REPRESENTATION('',(#8566),#8570);
#8566 = CIRCLE('',#8567,1.6);
#8567 = AXIS2_PLACEMENT_2D('',#8568,#8569);
#8568 = CARTESIAN_POINT('',(-6.145047203501,1.381046547465));
#8569 = DIRECTION('',(1.,0.));
#8570 = ( GEOMETRIC_REPRESENTATION_CONTEXT(2) 
PARAMETRIC_REPRESENTATION_CONTEXT() REPRESENTATION_CONTEXT('2D SPACE',''
  ) );
#8571 = PCURVE('',#6405,#8572);
#8572 = DEFINITIONAL_REPRESENTATION('',(#8573),#8577);
#8573 = LINE('',#8574,#8575);
#8574 = CARTESIAN_POINT('',(0.,1.));
#8575 = VECTOR('',#8576,1.);
#8576 = DIRECTION('',(1.,0.));
#8577 = ( GEOMETRIC_REPRESENTATION_CONTEXT(2) 
PARAMETRIC_REPRESENTATION_CONTEXT() REPRESENTATION_CONTEXT('2D SPACE',''
  ) );
#8578 = ORIENTED_EDGE('',*,*,#8579,.F.);
#8579 = EDGE_CURVE('',#8580,#8556,#8582,.T.);
#8580 = VERTEX_POINT('',#8581);
#8581 = CARTESIAN_POINT('',(-7.080352007642,3.011092697503,-9.));
#8582 = SURFACE_CURVE('',#8583,(#8588,#8595),.PCURVE_S1.);
#8583 = CIRCLE('',#8584,1.6);
#8584 = AXIS2_PLACEMENT_3D('',#8585,#8586,#8587);
#8585 = CARTESIAN_POINT('',(-5.882590821973,1.950258996065,-9.));
#8586 = DIRECTION('',(0.,0.,1.));
#8587 = DIRECTION('',(1.,0.,-0.));
#8588 = PCURVE('',#5876,#8589);
#8589 = DEFINITIONAL_REPRESENTATION('',(#8590),#8594);
#8590 = CIRCLE('',#8591,1.6);
#8591 = AXIS2_PLACEMENT_2D('',#8592,#8593);
#8592 = CARTESIAN_POINT('',(-5.882590821973,1.950258996065));
#8593 = DIRECTION('',(1.,0.));
#8594 = ( GEOMETRIC_REPRESENTATION_CONTEXT(2) 
PARAMETRIC_REPRESENTATION_CONTEXT() REPRESENTATION_CONTEXT('2D SPACE',''
  ) );
#8595 = PCURVE('',#6434,#8596);
#8596 = DEFINITIONAL_REPRESENTATION('',(#8597),#8601);
#8597 = LINE('',#8598,#8599);
#8598 = CARTESIAN_POINT('',(0.,1.));
#8599 = VECTOR('',#8600,1.);
#8600 = DIRECTION('',(1.,0.));
#8601 = ( GEOMETRIC_REPRESENTATION_CONTEXT(2) 
PARAMETRIC_REPRESENTATION_CONTEXT() REPRESENTATION_CONTEXT('2D SPACE',''
  ) );
#8602 = ORIENTED_EDGE('',*,*,#8603,.F.);
#8603 = EDGE_CURVE('',#8604,#8580,#8606,.T.);
#8604 = VERTEX_POINT('',#8605);
#8605 = CARTESIAN_POINT('',(-6.655554752187,3.664349579201,-9.));
#8606 = SURFACE_CURVE('',#8607,(#8612,#8619),.PCURVE_S1.);
#8607 = CIRCLE('',#8608,1.6);
#8608 = AXIS2_PLACEMENT_3D('',#8609,#8610,#8611);
#8609 = CARTESIAN_POINT('',(-5.56698893049,2.491735212995,-9.));
#8610 = DIRECTION('',(0.,0.,1.));
#8611 = DIRECTION('',(1.,0.,-0.));
#8612 = PCURVE('',#5876,#8613);
#8613 = DEFINITIONAL_REPRESENTATION('',(#8614),#8618);
#8614 = CIRCLE('',#8615,1.6);
#8615 = AXIS2_PLACEMENT_2D('',#8616,#8617);
#8616 = CARTESIAN_POINT('',(-5.56698893049,2.491735212995));
#8617 = DIRECTION('',(1.,0.));
#8618 = ( GEOMETRIC_REPRESENTATION_CONTEXT(2) 
PARAMETRIC_REPRESENTATION_CONTEXT() REPRESENTATION_CONTEXT('2D SPACE',''
  ) );
#8619 = PCURVE('',#6463,#8620);
#8620 = DEFINITIONAL_REPRESENTATION('',(#8621),#8625);
#8621 = LINE('',#8622,#8623);
#8622 = CARTESIAN_POINT('',(0.,1.));
#8623 = VECTOR('',#8624,1.);
#8624 = DIRECTION('',(1.,0.));
#8625 = ( GEOMETRIC_REPRESENTATION_CONTEXT(2) 
PARAMETRIC_REPRESENTATION_CONTEXT() REPRESENTATION_CONTEXT('2D SPACE',''
  ) );
#8626 = ORIENTED_EDGE('',*,*,#8627,.F.);
#8627 = EDGE_CURVE('',#8628,#8604,#8630,.T.);
#8628 = VERTEX_POINT('',#8629);
#8629 = CARTESIAN_POINT('',(-4.111434178303,1.827385633794,-9.));
#8630 = SURFACE_CURVE('',#8631,(#8636,#8643),.PCURVE_S1.);
#8631 = CIRCLE('',#8632,1.6);
#8632 = AXIS2_PLACEMENT_3D('',#8633,#8634,#8635);
#8633 = CARTESIAN_POINT('',(-5.2,3.,-9.));
#8634 = DIRECTION('',(0.,0.,1.));
#8635 = DIRECTION('',(1.,0.,-0.));
#8636 = PCURVE('',#5876,#8637);
#8637 = DEFINITIONAL_REPRESENTATION('',(#8638),#8642);
#8638 = CIRCLE('',#8639,1.6);
#8639 = AXIS2_PLACEMENT_2D('',#8640,#8641);
#8640 = CARTESIAN_POINT('',(-5.2,3.));
#8641 = DIRECTION('',(1.,0.));
#8642 = ( GEOMETRIC_REPRESENTATION_CONTEXT(2) 
PARAMETRIC_REPRESENTATION_CONTEXT() REPRESENTATION_CONTEXT('2D SPACE',''
  ) );
#8643 = PCURVE('',#6492,#8644);
#8644 = DEFINITIONAL_REPRESENTATION('',(#8645),#8649);
#8645 = LINE('',#8646,#8647);
#8646 = CARTESIAN_POINT('',(0.,1.));
#8647 = VECTOR('',#8648,1.);
#8648 = DIRECTION('',(1.,0.));
#8649 = ( GEOMETRIC_REPRESENTATION_CONTEXT(2) 
PARAMETRIC_REPRESENTATION_CONTEXT() REPRESENTATION_CONTEXT('2D SPACE',''
  ) );
#8650 = ORIENTED_EDGE('',*,*,#8651,.F.);
#8651 = EDGE_CURVE('',#8652,#8628,#8654,.T.);
#8652 = VERTEX_POINT('',#8653);
#8653 = CARTESIAN_POINT('',(-4.369227744822,1.430901511558,-9.));
#8654 = SURFACE_CURVE('',#8655,(#8660,#8667),.PCURVE_S1.);
#8655 = CIRCLE('',#8656,1.6);
#8656 = AXIS2_PLACEMENT_3D('',#8657,#8658,#8659);
#8657 = CARTESIAN_POINT('',(-5.56698893049,2.491735212995,-9.));
#8658 = DIRECTION('',(0.,0.,1.));
#8659 = DIRECTION('',(1.,0.,-0.));
#8660 = PCURVE('',#5876,#8661);
#8661 = DEFINITIONAL_REPRESENTATION('',(#8662),#8666);
#8662 = CIRCLE('',#8663,1.6);
#8663 = AXIS2_PLACEMENT_2D('',#8664,#8665);
#8664 = CARTESIAN_POINT('',(-5.56698893049,2.491735212995));
#8665 = DIRECTION('',(1.,0.));
#8666 = ( GEOMETRIC_REPRESENTATION_CONTEXT(2) 
PARAMETRIC_REPRESENTATION_CONTEXT() REPRESENTATION_CONTEXT('2D SPACE',''
  ) );
#8667 = PCURVE('',#6521,#8668);
#8668 = DEFINITIONAL_REPRESENTATION('',(#8669),#8673);
#8669 = LINE('',#8670,#8671);
#8670 = CARTESIAN_POINT('',(0.,1.));
#8671 = VECTOR('',#8672,1.);
#8672 = DIRECTION('',(1.,0.));
#8673 = ( GEOMETRIC_REPRESENTATION_CONTEXT(2) 
PARAMETRIC_REPRESENTATION_CONTEXT() REPRESENTATION_CONTEXT('2D SPACE',''
  ) );
#8674 = ORIENTED_EDGE('',*,*,#8675,.F.);
#8675 = EDGE_CURVE('',#8676,#8652,#8678,.T.);
#8676 = VERTEX_POINT('',#8677);
#8677 = CARTESIAN_POINT('',(-4.588980958131,1.00867866483,-9.));
#8678 = SURFACE_CURVE('',#8679,(#8684,#8691),.PCURVE_S1.);
#8679 = CIRCLE('',#8680,1.6);
#8680 = AXIS2_PLACEMENT_3D('',#8681,#8682,#8683);
#8681 = CARTESIAN_POINT('',(-5.882590821973,1.950258996065,-9.));
#8682 = DIRECTION('',(0.,0.,1.));
#8683 = DIRECTION('',(1.,0.,-0.));
#8684 = PCURVE('',#5876,#8685);
#8685 = DEFINITIONAL_REPRESENTATION('',(#8686),#8690);
#8686 = CIRCLE('',#8687,1.6);
#8687 = AXIS2_PLACEMENT_2D('',#8688,#8689);
#8688 = CARTESIAN_POINT('',(-5.882590821973,1.950258996065));
#8689 = DIRECTION('',(1.,0.));
#8690 = ( GEOMETRIC_REPRESENTATION_CONTEXT(2) 
PARAMETRIC_REPRESENTATION_CONTEXT() REPRESENTATION_CONTEXT('2D SPACE',''
  ) );
#8691 = PCURVE('',#6550,#8692);
#8692 = DEFINITIONAL_REPRESENTATION('',(#8693),#8697);
#8693 = LINE('',#8694,#8695);
#8694 = CARTESIAN_POINT('',(0.,1.));
#8695 = VECTOR('',#8696,1.);
#8696 = DIRECTION('',(1.,0.));
#8697 = ( GEOMETRIC_REPRESENTATION_CONTEXT(2) 
PARAMETRIC_REPRESENTATION_CONTEXT() REPRESENTATION_CONTEXT('2D SPACE',''
  ) );
#8698 = ORIENTED_EDGE('',*,*,#8699,.F.);
#8699 = EDGE_CURVE('',#8700,#8676,#8702,.T.);
#8700 = VERTEX_POINT('',#8701);
#8701 = CARTESIAN_POINT('',(-4.763588859132,0.573845926322,-9.));
#8702 = SURFACE_CURVE('',#8703,(#8708,#8715),.PCURVE_S1.);
#8703 = CIRCLE('',#8704,1.6);
#8704 = AXIS2_PLACEMENT_3D('',#8705,#8706,#8707);
#8705 = CARTESIAN_POINT('',(-6.145047203501,1.381046547465,-9.));
#8706 = DIRECTION('',(0.,0.,1.));
#8707 = DIRECTION('',(1.,0.,-0.));
#8708 = PCURVE('',#5876,#8709);
#8709 = DEFINITIONAL_REPRESENTATION('',(#8710),#8714);
#8710 = CIRCLE('',#8711,1.6);
#8711 = AXIS2_PLACEMENT_2D('',#8712,#8713);
#8712 = CARTESIAN_POINT('',(-6.145047203501,1.381046547465));
#8713 = DIRECTION('',(1.,0.));
#8714 = ( GEOMETRIC_REPRESENTATION_CONTEXT(2) 
PARAMETRIC_REPRESENTATION_CONTEXT() REPRESENTATION_CONTEXT('2D SPACE',''
  ) );
#8715 = PCURVE('',#6579,#8716);
#8716 = DEFINITIONAL_REPRESENTATION('',(#8717),#8721);
#8717 = LINE('',#8718,#8719);
#8718 = CARTESIAN_POINT('',(0.,1.));
#8719 = VECTOR('',#8720,1.);
#8720 = DIRECTION('',(1.,0.));
#8721 = ( GEOMETRIC_REPRESENTATION_CONTEXT(2) 
PARAMETRIC_REPRESENTATION_CONTEXT() REPRESENTATION_CONTEXT('2D SPACE',''
  ) );
#8722 = ORIENTED_EDGE('',*,*,#8723,.F.);
#8723 = EDGE_CURVE('',#8724,#8700,#8726,.T.);
#8724 = VERTEX_POINT('',#8725);
#8725 = CARTESIAN_POINT('',(-4.896022701411,0.118657628639,-9.));
#8726 = SURFACE_CURVE('',#8727,(#8732,#8739),.PCURVE_S1.);
#8727 = CIRCLE('',#8728,1.6);
#8728 = AXIS2_PLACEMENT_3D('',#8729,#8730,#8731);
#8729 = CARTESIAN_POINT('',(-6.349152352828,0.788295005262,-9.));
#8730 = DIRECTION('',(0.,0.,1.));
#8731 = DIRECTION('',(1.,0.,-0.));
#8732 = PCURVE('',#5876,#8733);
#8733 = DEFINITIONAL_REPRESENTATION('',(#8734),#8738);
#8734 = CIRCLE('',#8735,1.6);
#8735 = AXIS2_PLACEMENT_2D('',#8736,#8737);
#8736 = CARTESIAN_POINT('',(-6.349152352828,0.788295005262));
#8737 = DIRECTION('',(1.,0.));
#8738 = ( GEOMETRIC_REPRESENTATION_CONTEXT(2) 
PARAMETRIC_REPRESENTATION_CONTEXT() REPRESENTATION_CONTEXT('2D SPACE',''
  ) );
#8739 = PCURVE('',#6608,#8740);
#8740 = DEFINITIONAL_REPRESENTATION('',(#8741),#8745);
#8741 = LINE('',#8742,#8743);
#8742 = CARTESIAN_POINT('',(0.,1.));
#8743 = VECTOR('',#8744,1.);
#8744 = DIRECTION('',(1.,0.));
#8745 = ( GEOMETRIC_REPRESENTATION_CONTEXT(2) 
PARAMETRIC_REPRESENTATION_CONTEXT() REPRESENTATION_CONTEXT('2D SPACE',''
  ) );
#8746 = ORIENTED_EDGE('',*,*,#8747,.F.);
#8747 = EDGE_CURVE('',#8748,#8724,#8750,.T.);
#8748 = VERTEX_POINT('',#8749);
#8749 = CARTESIAN_POINT('',(-4.987232337831,-0.35698638693,-9.));
#8750 = SURFACE_CURVE('',#8751,(#8756,#8763),.PCURVE_S1.);
#8751 = CIRCLE('',#8752,1.6);
#8752 = AXIS2_PLACEMENT_3D('',#8753,#8754,#8755);
#8753 = CARTESIAN_POINT('',(-6.494896058487,0.178690853037,-9.));
#8754 = DIRECTION('',(0.,0.,1.));
#8755 = DIRECTION('',(1.,0.,-0.));
#8756 = PCURVE('',#5876,#8757);
#8757 = DEFINITIONAL_REPRESENTATION('',(#8758),#8762);
#8758 = CIRCLE('',#8759,1.6);
#8759 = AXIS2_PLACEMENT_2D('',#8760,#8761);
#8760 = CARTESIAN_POINT('',(-6.494896058487,0.178690853037));
#8761 = DIRECTION('',(1.,0.));
#8762 = ( GEOMETRIC_REPRESENTATION_CONTEXT(2) 
PARAMETRIC_REPRESENTATION_CONTEXT() REPRESENTATION_CONTEXT('2D SPACE',''
  ) );
#8763 = PCURVE('',#6637,#8764);
#8764 = DEFINITIONAL_REPRESENTATION('',(#8765),#8769);
#8765 = LINE('',#8766,#8767);
#8766 = CARTESIAN_POINT('',(0.,1.));
#8767 = VECTOR('',#8768,1.);
#8768 = DIRECTION('',(1.,0.));
#8769 = ( GEOMETRIC_REPRESENTATION_CONTEXT(2) 
PARAMETRIC_REPRESENTATION_CONTEXT() REPRESENTATION_CONTEXT('2D SPACE',''
  ) );
#8770 = ORIENTED_EDGE('',*,*,#8771,.F.);
#8771 = EDGE_CURVE('',#8772,#8748,#8774,.T.);
#8772 = VERTEX_POINT('',#8773);
#8773 = CARTESIAN_POINT('',(-5.032156517935,-0.827259311514,-9.));
#8774 = SURFACE_CURVE('',#8775,(#8780,#8787),.PCURVE_S1.);
#8775 = CIRCLE('',#8776,1.6);
#8776 = AXIS2_PLACEMENT_3D('',#8777,#8778,#8779);
#8777 = CARTESIAN_POINT('',(-6.584991423454,-0.441638051467,-9.));
#8778 = DIRECTION('',(0.,0.,1.));
#8779 = DIRECTION('',(1.,0.,-0.));
#8780 = PCURVE('',#5876,#8781);
#8781 = DEFINITIONAL_REPRESENTATION('',(#8782),#8786);
#8782 = CIRCLE('',#8783,1.6);
#8783 = AXIS2_PLACEMENT_2D('',#8784,#8785);
#8784 = CARTESIAN_POINT('',(-6.584991423454,-0.441638051467));
#8785 = DIRECTION('',(1.,0.));
#8786 = ( GEOMETRIC_REPRESENTATION_CONTEXT(2) 
PARAMETRIC_REPRESENTATION_CONTEXT() REPRESENTATION_CONTEXT('2D SPACE',''
  ) );
#8787 = PCURVE('',#6666,#8788);
#8788 = DEFINITIONAL_REPRESENTATION('',(#8789),#8793);
#8789 = LINE('',#8790,#8791);
#8790 = CARTESIAN_POINT('',(0.,1.));
#8791 = VECTOR('',#8792,1.);
#8792 = DIRECTION('',(1.,0.));
#8793 = ( GEOMETRIC_REPRESENTATION_CONTEXT(2) 
PARAMETRIC_REPRESENTATION_CONTEXT() REPRESENTATION_CONTEXT('2D SPACE',''
  ) );
#8794 = ORIENTED_EDGE('',*,*,#8795,.F.);
#8795 = EDGE_CURVE('',#8796,#8772,#8798,.T.);
#8796 = VERTEX_POINT('',#8797);
#8797 = CARTESIAN_POINT('',(-5.032534931355,-1.31098273498,-9.));
#8798 = SURFACE_CURVE('',#8799,(#8804,#8811),.PCURVE_S1.);
#8799 = CIRCLE('',#8800,1.6);
#8800 = AXIS2_PLACEMENT_3D('',#8801,#8802,#8803);
#8801 = CARTESIAN_POINT('',(-6.613959250676,-1.06788373815,-9.));
#8802 = DIRECTION('',(0.,0.,1.));
#8803 = DIRECTION('',(1.,0.,-0.));
#8804 = PCURVE('',#5876,#8805);
#8805 = DEFINITIONAL_REPRESENTATION('',(#8806),#8810);
#8806 = CIRCLE('',#8807,1.6);
#8807 = AXIS2_PLACEMENT_2D('',#8808,#8809);
#8808 = CARTESIAN_POINT('',(-6.613959250676,-1.06788373815));
#8809 = DIRECTION('',(1.,0.));
#8810 = ( GEOMETRIC_REPRESENTATION_CONTEXT(2) 
PARAMETRIC_REPRESENTATION_CONTEXT() REPRESENTATION_CONTEXT('2D SPACE',''
  ) );
#8811 = PCURVE('',#6695,#8812);
#8812 = DEFINITIONAL_REPRESENTATION('',(#8813),#8817);
#8813 = LINE('',#8814,#8815);
#8814 = CARTESIAN_POINT('',(0.,1.));
#8815 = VECTOR('',#8816,1.);
#8816 = DIRECTION('',(1.,0.));
#8817 = ( GEOMETRIC_REPRESENTATION_CONTEXT(2) 
PARAMETRIC_REPRESENTATION_CONTEXT() REPRESENTATION_CONTEXT('2D SPACE',''
  ) );
#8818 = ORIENTED_EDGE('',*,*,#8819,.F.);
#8819 = EDGE_CURVE('',#8820,#8796,#8822,.T.);
#8820 = VERTEX_POINT('',#8821);
#8821 = CARTESIAN_POINT('',(-4.989364472067,-1.7977076625,-9.));
#8822 = SURFACE_CURVE('',#8823,(#8828,#8835),.PCURVE_S1.);
#8823 = CIRCLE('',#8824,1.6);
#8824 = AXIS2_PLACEMENT_3D('',#8825,#8826,#8827);
#8825 = CARTESIAN_POINT('',(-6.58600288451,-1.694045808794,-9.));
#8826 = DIRECTION('',(0.,0.,1.));
#8827 = DIRECTION('',(1.,0.,-0.));
#8828 = PCURVE('',#5876,#8829);
#8829 = DEFINITIONAL_REPRESENTATION('',(#8830),#8834);
#8830 = CIRCLE('',#8831,1.6);
#8831 = AXIS2_PLACEMENT_2D('',#8832,#8833);
#8832 = CARTESIAN_POINT('',(-6.58600288451,-1.694045808794));
#8833 = DIRECTION('',(1.,0.));
#8834 = ( GEOMETRIC_REPRESENTATION_CONTEXT(2) 
PARAMETRIC_REPRESENTATION_CONTEXT() REPRESENTATION_CONTEXT('2D SPACE',''
  ) );
#8835 = PCURVE('',#6724,#8836);
#8836 = DEFINITIONAL_REPRESENTATION('',(#8837),#8841);
#8837 = LINE('',#8838,#8839);
#8838 = CARTESIAN_POINT('',(0.,1.));
#8839 = VECTOR('',#8840,1.);
#8840 = DIRECTION('',(1.,0.));
#8841 = ( GEOMETRIC_REPRESENTATION_CONTEXT(2) 
PARAMETRIC_REPRESENTATION_CONTEXT() REPRESENTATION_CONTEXT('2D SPACE',''
  ) );
#8842 = ORIENTED_EDGE('',*,*,#8843,.F.);
#8843 = EDGE_CURVE('',#8844,#8820,#8846,.T.);
#8844 = VERTEX_POINT('',#8845);
#8845 = CARTESIAN_POINT('',(-4.90403808938,-2.26587235749,-9.));
#8846 = SURFACE_CURVE('',#8847,(#8852,#8859),.PCURVE_S1.);
#8847 = CIRCLE('',#8848,1.6);
#8848 = AXIS2_PLACEMENT_3D('',#8849,#8850,#8851);
#8849 = CARTESIAN_POINT('',(-6.503268693329,-2.315485615726,-9.));
#8850 = DIRECTION('',(0.,0.,1.));
#8851 = DIRECTION('',(1.,0.,-0.));
#8852 = PCURVE('',#5876,#8853);
#8853 = DEFINITIONAL_REPRESENTATION('',(#8854),#8858);
#8854 = CIRCLE('',#8855,1.6);
#8855 = AXIS2_PLACEMENT_2D('',#8856,#8857);
#8856 = CARTESIAN_POINT('',(-6.503268693329,-2.315485615726));
#8857 = DIRECTION('',(1.,0.));
#8858 = ( GEOMETRIC_REPRESENTATION_CONTEXT(2) 
PARAMETRIC_REPRESENTATION_CONTEXT() REPRESENTATION_CONTEXT('2D SPACE',''
  ) );
#8859 = PCURVE('',#6753,#8860);
#8860 = DEFINITIONAL_REPRESENTATION('',(#8861),#8865);
#8861 = LINE('',#8862,#8863);
#8862 = CARTESIAN_POINT('',(0.,1.));
#8863 = VECTOR('',#8864,1.);
#8864 = DIRECTION('',(1.,0.));
#8865 = ( GEOMETRIC_REPRESENTATION_CONTEXT(2) 
PARAMETRIC_REPRESENTATION_CONTEXT() REPRESENTATION_CONTEXT('2D SPACE',''
  ) );
#8866 = ORIENTED_EDGE('',*,*,#8867,.F.);
#8867 = EDGE_CURVE('',#8868,#8844,#8870,.T.);
#8868 = VERTEX_POINT('',#8869);
#8869 = CARTESIAN_POINT('',(-4.771637616474,-2.745946265093,-9.));
#8870 = SURFACE_CURVE('',#8871,(#8876,#8883),.PCURVE_S1.);
#8871 = CIRCLE('',#8872,1.6);
#8872 = AXIS2_PLACEMENT_3D('',#8873,#8874,#8875);
#8873 = CARTESIAN_POINT('',(-6.361461566716,-2.926112319707,-9.));
#8874 = DIRECTION('',(0.,0.,1.));
#8875 = DIRECTION('',(1.,0.,-0.));
#8876 = PCURVE('',#5876,#8877);
#8877 = DEFINITIONAL_REPRESENTATION('',(#8878),#8882);
#8878 = CIRCLE('',#8879,1.6);
#8879 = AXIS2_PLACEMENT_2D('',#8880,#8881);
#8880 = CARTESIAN_POINT('',(-6.361461566716,-2.926112319707));
#8881 = DIRECTION('',(1.,0.));
#8882 = ( GEOMETRIC_REPRESENTATION_CONTEXT(2) 
PARAMETRIC_REPRESENTATION_CONTEXT() REPRESENTATION_CONTEXT('2D SPACE',''
  ) );
#8883 = PCURVE('',#6782,#8884);
#8884 = DEFINITIONAL_REPRESENTATION('',(#8885),#8889);
#8885 = LINE('',#8886,#8887);
#8886 = CARTESIAN_POINT('',(0.,1.));
#8887 = VECTOR('',#8888,1.);
#8888 = DIRECTION('',(1.,0.));
#8889 = ( GEOMETRIC_REPRESENTATION_CONTEXT(2) 
PARAMETRIC_REPRESENTATION_CONTEXT() REPRESENTATION_CONTEXT('2D SPACE',''
  ) );
#8890 = ORIENTED_EDGE('',*,*,#8891,.F.);
#8891 = EDGE_CURVE('',#8892,#8868,#8894,.T.);
#8892 = VERTEX_POINT('',#8893);
#8893 = CARTESIAN_POINT('',(-4.604384263073,-3.194199010076,-9.));
#8894 = SURFACE_CURVE('',#8895,(#8900,#8907),.PCURVE_S1.);
#8895 = CIRCLE('',#8896,1.6);
#8896 = AXIS2_PLACEMENT_3D('',#8897,#8898,#8899);
#8897 = CARTESIAN_POINT('',(-6.170211191574,-3.523115458404,-9.));
#8898 = DIRECTION('',(0.,0.,1.));
#8899 = DIRECTION('',(1.,0.,-0.));
#8900 = PCURVE('',#5876,#8901);
#8901 = DEFINITIONAL_REPRESENTATION('',(#8902),#8906);
#8902 = CIRCLE('',#8903,1.6);
#8903 = AXIS2_PLACEMENT_2D('',#8904,#8905);
#8904 = CARTESIAN_POINT('',(-6.170211191574,-3.523115458404));
#8905 = DIRECTION('',(1.,0.));
#8906 = ( GEOMETRIC_REPRESENTATION_CONTEXT(2) 
PARAMETRIC_REPRESENTATION_CONTEXT() REPRESENTATION_CONTEXT('2D SPACE',''
  ) );
#8907 = PCURVE('',#6811,#8908);
#8908 = DEFINITIONAL_REPRESENTATION('',(#8909),#8913);
#8909 = LINE('',#8910,#8911);
#8910 = CARTESIAN_POINT('',(0.,1.));
#8911 = VECTOR('',#8912,1.);
#8912 = DIRECTION('',(1.,0.));
#8913 = ( GEOMETRIC_REPRESENTATION_CONTEXT(2) 
PARAMETRIC_REPRESENTATION_CONTEXT() REPRESENTATION_CONTEXT('2D SPACE',''
  ) );
#8914 = ORIENTED_EDGE('',*,*,#8915,.F.);
#8915 = EDGE_CURVE('',#8916,#8892,#8918,.T.);
#8916 = VERTEX_POINT('',#8917);
#8917 = CARTESIAN_POINT('',(-4.38945248548,-3.645301626246,-9.));
#8918 = SURFACE_CURVE('',#8919,(#8924,#8931),.PCURVE_S1.);
#8919 = CIRCLE('',#8920,1.6);
#8920 = AXIS2_PLACEMENT_3D('',#8921,#8922,#8923);
#8921 = CARTESIAN_POINT('',(-5.923625846533,-4.099517542124,-9.));
#8922 = DIRECTION('',(0.,0.,1.));
#8923 = DIRECTION('',(1.,0.,-0.));
#8924 = PCURVE('',#5876,#8925);
#8925 = DEFINITIONAL_REPRESENTATION('',(#8926),#8930);
#8926 = CIRCLE('',#8927,1.6);
#8927 = AXIS2_PLACEMENT_2D('',#8928,#8929);
#8928 = CARTESIAN_POINT('',(-5.923625846533,-4.099517542124));
#8929 = DIRECTION('',(1.,0.));
#8930 = ( GEOMETRIC_REPRESENTATION_CONTEXT(2) 
PARAMETRIC_REPRESENTATION_CONTEXT() REPRESENTATION_CONTEXT('2D SPACE',''
  ) );
#8931 = PCURVE('',#6840,#8932);
#8932 = DEFINITIONAL_REPRESENTATION('',(#8933),#8937);
#8933 = LINE('',#8934,#8935);
#8934 = CARTESIAN_POINT('',(0.,1.));
#8935 = VECTOR('',#8936,1.);
#8936 = DIRECTION('',(1.,0.));
#8937 = ( GEOMETRIC_REPRESENTATION_CONTEXT(2) 
PARAMETRIC_REPRESENTATION_CONTEXT() REPRESENTATION_CONTEXT('2D SPACE',''
  ) );
#8938 = ORIENTED_EDGE('',*,*,#8939,.F.);
#8939 = EDGE_CURVE('',#8940,#8916,#8942,.T.);
#8940 = VERTEX_POINT('',#8941);
#8941 = CARTESIAN_POINT('',(-4.143961712427,-4.064498699898,-9.));
#8942 = SURFACE_CURVE('',#8943,(#8948,#8955),.PCURVE_S1.);
#8943 = CIRCLE('',#8944,1.6);
#8944 = AXIS2_PLACEMENT_3D('',#8945,#8946,#8947);
#8945 = CARTESIAN_POINT('',(-5.631374161701,-4.654078385561,-9.));
#8946 = DIRECTION('',(0.,0.,1.));
#8947 = DIRECTION('',(1.,0.,-0.));
#8948 = PCURVE('',#5876,#8949);
#8949 = DEFINITIONAL_REPRESENTATION('',(#8950),#8954);
#8950 = CIRCLE('',#8951,1.6);
#8951 = AXIS2_PLACEMENT_2D('',#8952,#8953);
#8952 = CARTESIAN_POINT('',(-5.631374161701,-4.654078385561));
#8953 = DIRECTION('',(1.,0.));
#8954 = ( GEOMETRIC_REPRESENTATION_CONTEXT(2) 
PARAMETRIC_REPRESENTATION_CONTEXT() REPRESENTATION_CONTEXT('2D SPACE',''
  ) );
#8955 = PCURVE('',#6869,#8956);
#8956 = DEFINITIONAL_REPRESENTATION('',(#8957),#8961);
#8957 = LINE('',#8958,#8959);
#8958 = CARTESIAN_POINT('',(0.,1.));
#8959 = VECTOR('',#8960,1.);
#8960 = DIRECTION('',(1.,0.));
#8961 = ( GEOMETRIC_REPRESENTATION_CONTEXT(2) 
PARAMETRIC_REPRESENTATION_CONTEXT() REPRESENTATION_CONTEXT('2D SPACE',''
  ) );
#8962 = ORIENTED_EDGE('',*,*,#8963,.F.);
#8963 = EDGE_CURVE('',#8964,#8940,#8966,.T.);
#8964 = VERTEX_POINT('',#8965);
#8965 = CARTESIAN_POINT('',(-3.8552431972,-4.473516785728,-9.));
#8966 = SURFACE_CURVE('',#8967,(#8972,#8979),.PCURVE_S1.);
#8967 = CIRCLE('',#8968,1.6);
#8968 = AXIS2_PLACEMENT_3D('',#8969,#8970,#8971);
#8969 = CARTESIAN_POINT('',(-5.290653960608,-5.180337795808,-9.));
#8970 = DIRECTION('',(0.,0.,1.));
#8971 = DIRECTION('',(1.,0.,-0.));
#8972 = PCURVE('',#5876,#8973);
#8973 = DEFINITIONAL_REPRESENTATION('',(#8974),#8978);
#8974 = CIRCLE('',#8975,1.6);
#8975 = AXIS2_PLACEMENT_2D('',#8976,#8977);
#8976 = CARTESIAN_POINT('',(-5.290653960608,-5.180337795808));
#8977 = DIRECTION('',(1.,0.));
#8978 = ( GEOMETRIC_REPRESENTATION_CONTEXT(2) 
PARAMETRIC_REPRESENTATION_CONTEXT() REPRESENTATION_CONTEXT('2D SPACE',''
  ) );
#8979 = PCURVE('',#6898,#8980);
#8980 = DEFINITIONAL_REPRESENTATION('',(#8981),#8985);
#8981 = LINE('',#8982,#8983);
#8982 = CARTESIAN_POINT('',(0.,1.));
#8983 = VECTOR('',#8984,1.);
#8984 = DIRECTION('',(1.,0.));
#8985 = ( GEOMETRIC_REPRESENTATION_CONTEXT(2) 
PARAMETRIC_REPRESENTATION_CONTEXT() REPRESENTATION_CONTEXT('2D SPACE',''
  ) );
#8986 = ORIENTED_EDGE('',*,*,#8987,.F.);
#8987 = EDGE_CURVE('',#8988,#8964,#8990,.T.);
#8988 = VERTEX_POINT('',#8989);
#8989 = CARTESIAN_POINT('',(-3.540407204719,-4.848625996509,-9.));
#8990 = SURFACE_CURVE('',#8991,(#8996,#9003),.PCURVE_S1.);
#8991 = CIRCLE('',#8992,1.6);
#8992 = AXIS2_PLACEMENT_3D('',#8993,#8994,#8995);
#8993 = CARTESIAN_POINT('',(-4.908927832733,-5.677571887806,-9.));
#8994 = DIRECTION('',(0.,0.,1.));
#8995 = DIRECTION('',(1.,0.,-0.));
#8996 = PCURVE('',#5876,#8997);
#8997 = DEFINITIONAL_REPRESENTATION('',(#8998),#9002);
#8998 = CIRCLE('',#8999,1.6);
#8999 = AXIS2_PLACEMENT_2D('',#9000,#9001);
#9000 = CARTESIAN_POINT('',(-4.908927832733,-5.677571887806));
#9001 = DIRECTION('',(1.,0.));
#9002 = ( GEOMETRIC_REPRESENTATION_CONTEXT(2) 
PARAMETRIC_REPRESENTATION_CONTEXT() REPRESENTATION_CONTEXT('2D SPACE',''
  ) );
#9003 = PCURVE('',#6927,#9004);
#9004 = DEFINITIONAL_REPRESENTATION('',(#9005),#9009);
#9005 = LINE('',#9006,#9007);
#9006 = CARTESIAN_POINT('',(0.,1.));
#9007 = VECTOR('',#9008,1.);
#9008 = DIRECTION('',(1.,0.));
#9009 = ( GEOMETRIC_REPRESENTATION_CONTEXT(2) 
PARAMETRIC_REPRESENTATION_CONTEXT() REPRESENTATION_CONTEXT('2D SPACE',''
  ) );
#9010 = ORIENTED_EDGE('',*,*,#9011,.F.);
#9011 = EDGE_CURVE('',#9012,#8988,#9014,.T.);
#9012 = VERTEX_POINT('',#9013);
#9013 = CARTESIAN_POINT('',(-3.185039157545,-5.20748291114,-9.));
#9014 = SURFACE_CURVE('',#9015,(#9020,#9027),.PCURVE_S1.);
#9015 = CIRCLE('',#9016,1.6);
#9016 = AXIS2_PLACEMENT_3D('',#9017,#9018,#9019);
#9017 = CARTESIAN_POINT('',(-4.485358604989,-6.139775426717,-9.));
#9018 = DIRECTION('',(0.,0.,1.));
#9019 = DIRECTION('',(1.,0.,-0.));
#9020 = PCURVE('',#5876,#9021);
#9021 = DEFINITIONAL_REPRESENTATION('',(#9022),#9026);
#9022 = CIRCLE('',#9023,1.6);
#9023 = AXIS2_PLACEMENT_2D('',#9024,#9025);
#9024 = CARTESIAN_POINT('',(-4.485358604989,-6.139775426717));
#9025 = DIRECTION('',(1.,0.));
#9026 = ( GEOMETRIC_REPRESENTATION_CONTEXT(2) 
PARAMETRIC_REPRESENTATION_CONTEXT() REPRESENTATION_CONTEXT('2D SPACE',''
  ) );
#9027 = PCURVE('',#6956,#9028);
#9028 = DEFINITIONAL_REPRESENTATION('',(#9029),#9033);
#9029 = LINE('',#9030,#9031);
#9030 = CARTESIAN_POINT('',(0.,1.));
#9031 = VECTOR('',#9032,1.);
#9032 = DIRECTION('',(1.,0.));
#9033 = ( GEOMETRIC_REPRESENTATION_CONTEXT(2) 
PARAMETRIC_REPRESENTATION_CONTEXT() REPRESENTATION_CONTEXT('2D SPACE',''
  ) );
#9034 = ORIENTED_EDGE('',*,*,#9035,.F.);
#9035 = EDGE_CURVE('',#9036,#9012,#9038,.T.);
#9036 = VERTEX_POINT('',#9037);
#9037 = CARTESIAN_POINT('',(-2.812705695725,-5.526357742732,-9.));
#9038 = SURFACE_CURVE('',#9039,(#9044,#9051),.PCURVE_S1.);
#9039 = CIRCLE('',#9040,1.6);
#9040 = AXIS2_PLACEMENT_3D('',#9041,#9042,#9043);
#9041 = CARTESIAN_POINT('',(-4.027349179251,-6.567818835585,-9.));
#9042 = DIRECTION('',(0.,0.,1.));
#9043 = DIRECTION('',(1.,0.,-0.));
#9044 = PCURVE('',#5876,#9045);
#9045 = DEFINITIONAL_REPRESENTATION('',(#9046),#9050);
#9046 = CIRCLE('',#9047,1.6);
#9047 = AXIS2_PLACEMENT_2D('',#9048,#9049);
#9048 = CARTESIAN_POINT('',(-4.027349179251,-6.567818835585));
#9049 = DIRECTION('',(1.,0.));
#9050 = ( GEOMETRIC_REPRESENTATION_CONTEXT(2) 
PARAMETRIC_REPRESENTATION_CONTEXT() REPRESENTATION_CONTEXT('2D SPACE',''
  ) );
#9051 = PCURVE('',#6985,#9052);
#9052 = DEFINITIONAL_REPRESENTATION('',(#9053),#9057);
#9053 = LINE('',#9054,#9055);
#9054 = CARTESIAN_POINT('',(0.,1.));
#9055 = VECTOR('',#9056,1.);
#9056 = DIRECTION('',(1.,0.));
#9057 = ( GEOMETRIC_REPRESENTATION_CONTEXT(2) 
PARAMETRIC_REPRESENTATION_CONTEXT() REPRESENTATION_CONTEXT('2D SPACE',''
  ) );
#9058 = ORIENTED_EDGE('',*,*,#9059,.F.);
#9059 = EDGE_CURVE('',#8172,#9036,#9060,.T.);
#9060 = SURFACE_CURVE('',#9061,(#9066,#9073),.PCURVE_S1.);
#9061 = CIRCLE('',#9062,1.6);
#9062 = AXIS2_PLACEMENT_3D('',#9063,#9064,#9065);
#9063 = CARTESIAN_POINT('',(-3.533926662406,-6.954587527192,-9.));
#9064 = DIRECTION('',(0.,0.,1.));
#9065 = DIRECTION('',(1.,0.,-0.));
#9066 = PCURVE('',#5876,#9067);
#9067 = DEFINITIONAL_REPRESENTATION('',(#9068),#9072);
#9068 = CIRCLE('',#9069,1.6);
#9069 = AXIS2_PLACEMENT_2D('',#9070,#9071);
#9070 = CARTESIAN_POINT('',(-3.533926662406,-6.954587527192));
#9071 = DIRECTION('',(1.,0.));
#9072 = ( GEOMETRIC_REPRESENTATION_CONTEXT(2) 
PARAMETRIC_REPRESENTATION_CONTEXT() REPRESENTATION_CONTEXT('2D SPACE',''
  ) );
#9073 = PCURVE('',#7012,#9074);
#9074 = DEFINITIONAL_REPRESENTATION('',(#9075),#9079);
#9075 = LINE('',#9076,#9077);
#9076 = CARTESIAN_POINT('',(0.,1.));
#9077 = VECTOR('',#9078,1.);
#9078 = DIRECTION('',(1.,0.));
#9079 = ( GEOMETRIC_REPRESENTATION_CONTEXT(2) 
PARAMETRIC_REPRESENTATION_CONTEXT() REPRESENTATION_CONTEXT('2D SPACE',''
  ) );
#9080 = FACE_BOUND('',#9081,.F.);
#9081 = EDGE_LOOP('',(#9082));
#9082 = ORIENTED_EDGE('',*,*,#9083,.T.);
#9083 = EDGE_CURVE('',#9084,#9084,#9086,.T.);
#9084 = VERTEX_POINT('',#9085);
#9085 = CARTESIAN_POINT('',(-2.325,-5.694607616035E-16,-9.));
#9086 = SURFACE_CURVE('',#9087,(#9092,#9103),.PCURVE_S1.);
#9087 = CIRCLE('',#9088,2.325);
#9088 = AXIS2_PLACEMENT_3D('',#9089,#9090,#9091);
#9089 = CARTESIAN_POINT('',(0.,0.,-9.));
#9090 = DIRECTION('',(0.,0.,-1.));
#9091 = DIRECTION('',(-1.,0.,0.));
#9092 = PCURVE('',#5876,#9093);
#9093 = DEFINITIONAL_REPRESENTATION('',(#9094),#9102);
#9094 = ( BOUNDED_CURVE() B_SPLINE_CURVE(2,(#9095,#9096,#9097,#9098,
#9099,#9100,#9101),.UNSPECIFIED.,.T.,.F.) B_SPLINE_CURVE_WITH_KNOTS((1,2
    ,2,2,2,1),(-2.094395102393,0.,2.094395102393,4.188790204786,
6.28318530718,8.377580409573),.UNSPECIFIED.) CURVE() 
GEOMETRIC_REPRESENTATION_ITEM() RATIONAL_B_SPLINE_CURVE((1.,0.5,1.,0.5,
1.,0.5,1.)) REPRESENTATION_ITEM('') );
#9095 = CARTESIAN_POINT('',(-2.325,-9.230319459916E-17));
#9096 = CARTESIAN_POINT('',(-2.325,4.027018127598));
#9097 = CARTESIAN_POINT('',(1.1625,2.013509063799));
#9098 = CARTESIAN_POINT('',(4.65,4.771575670044E-16));
#9099 = CARTESIAN_POINT('',(1.1625,-2.013509063799));
#9100 = CARTESIAN_POINT('',(-2.325,-4.027018127598));
#9101 = CARTESIAN_POINT('',(-2.325,-9.230319459916E-17));
#9102 = ( GEOMETRIC_REPRESENTATION_CONTEXT(2) 
PARAMETRIC_REPRESENTATION_CONTEXT() REPRESENTATION_CONTEXT('2D SPACE',''
  ) );
#9103 = PCURVE('',#7047,#9104);
#9104 = DEFINITIONAL_REPRESENTATION('',(#9105),#9109);
#9105 = LINE('',#9106,#9107);
#9106 = CARTESIAN_POINT('',(0.,10.));
#9107 = VECTOR('',#9108,1.);
#9108 = DIRECTION('',(1.,0.));
#9109 = ( GEOMETRIC_REPRESENTATION_CONTEXT(2) 
PARAMETRIC_REPRESENTATION_CONTEXT() REPRESENTATION_CONTEXT('2D SPACE',''
  ) );
#9110 = FACE_BOUND('',#9111,.F.);
#9111 = EDGE_LOOP('',(#9112,#9138,#9162,#9186,#9210,#9234,#9258,#9282,
    #9306,#9330,#9354,#9378,#9402,#9426,#9450,#9474,#9498,#9522,#9546,
    #9570,#9594,#9618,#9642,#9666,#9690,#9714,#9738,#9762,#9786,#9810,
    #9834,#9858,#9882,#9906,#9930,#9954,#9978,#10002));
#9112 = ORIENTED_EDGE('',*,*,#9113,.F.);
#9113 = EDGE_CURVE('',#9114,#9116,#9118,.T.);
#9114 = VERTEX_POINT('',#9115);
#9115 = CARTESIAN_POINT('',(0.805926565275,8.805137314119,-9.));
#9116 = VERTEX_POINT('',#9117);
#9117 = CARTESIAN_POINT('',(0.175435768893,8.936515003743,-9.));
#9118 = SURFACE_CURVE('',#9119,(#9124,#9131),.PCURVE_S1.);
#9119 = CIRCLE('',#9120,1.6);
#9120 = AXIS2_PLACEMENT_3D('',#9121,#9122,#9123);
#9121 = CARTESIAN_POINT('',(0.170972397354,7.336521229282,-9.));
#9122 = DIRECTION('',(0.,0.,1.));
#9123 = DIRECTION('',(1.,0.,-0.));
#9124 = PCURVE('',#5876,#9125);
#9125 = DEFINITIONAL_REPRESENTATION('',(#9126),#9130);
#9126 = CIRCLE('',#9127,1.6);
#9127 = AXIS2_PLACEMENT_2D('',#9128,#9129);
#9128 = CARTESIAN_POINT('',(0.170972397354,7.336521229282));
#9129 = DIRECTION('',(1.,0.));
#9130 = ( GEOMETRIC_REPRESENTATION_CONTEXT(2) 
PARAMETRIC_REPRESENTATION_CONTEXT() REPRESENTATION_CONTEXT('2D SPACE',''
  ) );
#9131 = PCURVE('',#7080,#9132);
#9132 = DEFINITIONAL_REPRESENTATION('',(#9133),#9137);
#9133 = LINE('',#9134,#9135);
#9134 = CARTESIAN_POINT('',(0.,1.));
#9135 = VECTOR('',#9136,1.);
#9136 = DIRECTION('',(1.,0.));
#9137 = ( GEOMETRIC_REPRESENTATION_CONTEXT(2) 
PARAMETRIC_REPRESENTATION_CONTEXT() REPRESENTATION_CONTEXT('2D SPACE',''
  ) );
#9138 = ORIENTED_EDGE('',*,*,#9139,.F.);
#9139 = EDGE_CURVE('',#9140,#9114,#9142,.T.);
#9140 = VERTEX_POINT('',#9141);
#9141 = CARTESIAN_POINT('',(1.436890766309,8.624464659818,-9.));
#9142 = SURFACE_CURVE('',#9143,(#9148,#9155),.PCURVE_S1.);
#9143 = CIRCLE('',#9144,1.6);
#9144 = AXIS2_PLACEMENT_3D('',#9145,#9146,#9147);
#9145 = CARTESIAN_POINT('',(0.690323328746,7.209319062655,-9.));
#9146 = DIRECTION('',(0.,0.,1.));
#9147 = DIRECTION('',(1.,0.,-0.));
#9148 = PCURVE('',#5876,#9149);
#9149 = DEFINITIONAL_REPRESENTATION('',(#9150),#9154);
#9150 = CIRCLE('',#9151,1.6);
#9151 = AXIS2_PLACEMENT_2D('',#9152,#9153);
#9152 = CARTESIAN_POINT('',(0.690323328746,7.209319062655));
#9153 = DIRECTION('',(1.,0.));
#9154 = ( GEOMETRIC_REPRESENTATION_CONTEXT(2) 
PARAMETRIC_REPRESENTATION_CONTEXT() REPRESENTATION_CONTEXT('2D SPACE',''
  ) );
#9155 = PCURVE('',#7109,#9156);
#9156 = DEFINITIONAL_REPRESENTATION('',(#9157),#9161);
#9157 = LINE('',#9158,#9159);
#9158 = CARTESIAN_POINT('',(0.,1.));
#9159 = VECTOR('',#9160,1.);
#9160 = DIRECTION('',(1.,0.));
#9161 = ( GEOMETRIC_REPRESENTATION_CONTEXT(2) 
PARAMETRIC_REPRESENTATION_CONTEXT() REPRESENTATION_CONTEXT('2D SPACE',''
  ) );
#9162 = ORIENTED_EDGE('',*,*,#9163,.F.);
#9163 = EDGE_CURVE('',#9164,#9140,#9166,.T.);
#9164 = VERTEX_POINT('',#9165);
#9165 = CARTESIAN_POINT('',(2.045541437782,8.399595536254,-9.));
#9166 = SURFACE_CURVE('',#9167,(#9172,#9179),.PCURVE_S1.);
#9167 = CIRCLE('',#9168,1.6);
#9168 = AXIS2_PLACEMENT_3D('',#9169,#9170,#9171);
#9169 = CARTESIAN_POINT('',(1.198240009641,7.042362951222,-9.));
#9170 = DIRECTION('',(0.,0.,1.));
#9171 = DIRECTION('',(1.,0.,-0.));
#9172 = PCURVE('',#5876,#9173);
#9173 = DEFINITIONAL_REPRESENTATION('',(#9174),#9178);
#9174 = CIRCLE('',#9175,1.6);
#9175 = AXIS2_PLACEMENT_2D('',#9176,#9177);
#9176 = CARTESIAN_POINT('',(1.198240009641,7.042362951222));
#9177 = DIRECTION('',(1.,0.));
#9178 = ( GEOMETRIC_REPRESENTATION_CONTEXT(2) 
PARAMETRIC_REPRESENTATION_CONTEXT() REPRESENTATION_CONTEXT('2D SPACE',''
  ) );
#9179 = PCURVE('',#7138,#9180);
#9180 = DEFINITIONAL_REPRESENTATION('',(#9181),#9185);
#9181 = LINE('',#9182,#9183);
#9182 = CARTESIAN_POINT('',(0.,1.));
#9183 = VECTOR('',#9184,1.);
#9184 = DIRECTION('',(1.,0.));
#9185 = ( GEOMETRIC_REPRESENTATION_CONTEXT(2) 
PARAMETRIC_REPRESENTATION_CONTEXT() REPRESENTATION_CONTEXT('2D SPACE',''
  ) );
#9186 = ORIENTED_EDGE('',*,*,#9187,.F.);
#9187 = EDGE_CURVE('',#9188,#9164,#9190,.T.);
#9188 = VERTEX_POINT('',#9189);
#9189 = CARTESIAN_POINT('',(2.645764246302,8.124184955596,-9.));
#9190 = SURFACE_CURVE('',#9191,(#9196,#9203),.PCURVE_S1.);
#9191 = CIRCLE('',#9192,1.6);
#9192 = AXIS2_PLACEMENT_3D('',#9193,#9194,#9195);
#9193 = CARTESIAN_POINT('',(1.692751674937,6.838974062855,-9.));
#9194 = DIRECTION('',(0.,0.,1.));
#9195 = DIRECTION('',(1.,0.,-0.));
#9196 = PCURVE('',#5876,#9197);
#9197 = DEFINITIONAL_REPRESENTATION('',(#9198),#9202);
#9198 = CIRCLE('',#9199,1.6);
#9199 = AXIS2_PLACEMENT_2D('',#9200,#9201);
#9200 = CARTESIAN_POINT('',(1.692751674937,6.838974062855));
#9201 = DIRECTION('',(1.,0.));
#9202 = ( GEOMETRIC_REPRESENTATION_CONTEXT(2) 
PARAMETRIC_REPRESENTATION_CONTEXT() REPRESENTATION_CONTEXT('2D SPACE',''
  ) );
#9203 = PCURVE('',#7167,#9204);
#9204 = DEFINITIONAL_REPRESENTATION('',(#9205),#9209);
#9205 = LINE('',#9206,#9207);
#9206 = CARTESIAN_POINT('',(0.,1.));
#9207 = VECTOR('',#9208,1.);
#9208 = DIRECTION('',(1.,0.));
#9209 = ( GEOMETRIC_REPRESENTATION_CONTEXT(2) 
PARAMETRIC_REPRESENTATION_CONTEXT() REPRESENTATION_CONTEXT('2D SPACE',''
  ) );
#9210 = ORIENTED_EDGE('',*,*,#9211,.F.);
#9211 = EDGE_CURVE('',#9212,#9188,#9214,.T.);
#9212 = VERTEX_POINT('',#9213);
#9213 = CARTESIAN_POINT('',(3.212435931118,7.81002749852,-9.));
#9214 = SURFACE_CURVE('',#9215,(#9220,#9227),.PCURVE_S1.);
#9215 = CIRCLE('',#9216,1.6);
#9216 = AXIS2_PLACEMENT_3D('',#9217,#9218,#9219);
#9217 = CARTESIAN_POINT('',(2.169386293535,6.59674787142,-9.));
#9218 = DIRECTION('',(0.,0.,1.));
#9219 = DIRECTION('',(1.,0.,-0.));
#9220 = PCURVE('',#5876,#9221);
#9221 = DEFINITIONAL_REPRESENTATION('',(#9222),#9226);
#9222 = CIRCLE('',#9223,1.6);
#9223 = AXIS2_PLACEMENT_2D('',#9224,#9225);
#9224 = CARTESIAN_POINT('',(2.169386293535,6.59674787142));
#9225 = DIRECTION('',(1.,0.));
#9226 = ( GEOMETRIC_REPRESENTATION_CONTEXT(2) 
PARAMETRIC_REPRESENTATION_CONTEXT() REPRESENTATION_CONTEXT('2D SPACE',''
  ) );
#9227 = PCURVE('',#7196,#9228);
#9228 = DEFINITIONAL_REPRESENTATION('',(#9229),#9233);
#9229 = LINE('',#9230,#9231);
#9230 = CARTESIAN_POINT('',(0.,1.));
#9231 = VECTOR('',#9232,1.);
#9232 = DIRECTION('',(1.,0.));
#9233 = ( GEOMETRIC_REPRESENTATION_CONTEXT(2) 
PARAMETRIC_REPRESENTATION_CONTEXT() REPRESENTATION_CONTEXT('2D SPACE',''
  ) );
#9234 = ORIENTED_EDGE('',*,*,#9235,.F.);
#9235 = EDGE_CURVE('',#9236,#9212,#9238,.T.);
#9236 = VERTEX_POINT('',#9237);
#9237 = CARTESIAN_POINT('',(3.77064608354,7.440196916959,-9.));
#9238 = SURFACE_CURVE('',#9239,(#9244,#9251),.PCURVE_S1.);
#9239 = CIRCLE('',#9240,1.6);
#9240 = AXIS2_PLACEMENT_3D('',#9241,#9242,#9243);
#9241 = CARTESIAN_POINT('',(2.627408364645,6.32081873328,-9.));
#9242 = DIRECTION('',(0.,0.,1.));
#9243 = DIRECTION('',(1.,0.,-0.));
#9244 = PCURVE('',#5876,#9245);
#9245 = DEFINITIONAL_REPRESENTATION('',(#9246),#9250);
#9246 = CIRCLE('',#9247,1.6);
#9247 = AXIS2_PLACEMENT_2D('',#9248,#9249);
#9248 = CARTESIAN_POINT('',(2.627408364645,6.32081873328));
#9249 = DIRECTION('',(1.,0.));
#9250 = ( GEOMETRIC_REPRESENTATION_CONTEXT(2) 
PARAMETRIC_REPRESENTATION_CONTEXT() REPRESENTATION_CONTEXT('2D SPACE',''
  ) );
#9251 = PCURVE('',#7225,#9252);
#9252 = DEFINITIONAL_REPRESENTATION('',(#9253),#9257);
#9253 = LINE('',#9254,#9255);
#9254 = CARTESIAN_POINT('',(0.,1.));
#9255 = VECTOR('',#9256,1.);
#9256 = DIRECTION('',(1.,0.));
#9257 = ( GEOMETRIC_REPRESENTATION_CONTEXT(2) 
PARAMETRIC_REPRESENTATION_CONTEXT() REPRESENTATION_CONTEXT('2D SPACE',''
  ) );
#9258 = ORIENTED_EDGE('',*,*,#9259,.F.);
#9259 = EDGE_CURVE('',#9260,#9236,#9262,.T.);
#9260 = VERTEX_POINT('',#9261);
#9261 = CARTESIAN_POINT('',(4.284483269158,7.036608288109,-9.));
#9262 = SURFACE_CURVE('',#9263,(#9268,#9275),.PCURVE_S1.);
#9263 = CIRCLE('',#9264,1.6);
#9264 = AXIS2_PLACEMENT_3D('',#9265,#9266,#9267);
#9265 = CARTESIAN_POINT('',(3.06008386408,6.006634455022,-9.));
#9266 = DIRECTION('',(0.,0.,1.));
#9267 = DIRECTION('',(1.,0.,-0.));
#9268 = PCURVE('',#5876,#9269);
#9269 = DEFINITIONAL_REPRESENTATION('',(#9270),#9274);
#9270 = CIRCLE('',#9271,1.6);
#9271 = AXIS2_PLACEMENT_2D('',#9272,#9273);
#9272 = CARTESIAN_POINT('',(3.06008386408,6.006634455022));
#9273 = DIRECTION('',(1.,0.));
#9274 = ( GEOMETRIC_REPRESENTATION_CONTEXT(2) 
PARAMETRIC_REPRESENTATION_CONTEXT() REPRESENTATION_CONTEXT('2D SPACE',''
  ) );
#9275 = PCURVE('',#7254,#9276);
#9276 = DEFINITIONAL_REPRESENTATION('',(#9277),#9281);
#9277 = LINE('',#9278,#9279);
#9278 = CARTESIAN_POINT('',(0.,1.));
#9279 = VECTOR('',#9280,1.);
#9280 = DIRECTION('',(1.,0.));
#9281 = ( GEOMETRIC_REPRESENTATION_CONTEXT(2) 
PARAMETRIC_REPRESENTATION_CONTEXT() REPRESENTATION_CONTEXT('2D SPACE',''
  ) );
#9282 = ORIENTED_EDGE('',*,*,#9283,.F.);
#9283 = EDGE_CURVE('',#9284,#9260,#9286,.T.);
#9284 = VERTEX_POINT('',#9285);
#9285 = CARTESIAN_POINT('',(4.770067945669,6.590265190882,-9.));
#9286 = SURFACE_CURVE('',#9287,(#9292,#9299),.PCURVE_S1.);
#9287 = CIRCLE('',#9288,1.6);
#9288 = AXIS2_PLACEMENT_3D('',#9289,#9290,#9291);
#9289 = CARTESIAN_POINT('',(3.467752662624,5.660762687633,-9.));
#9290 = DIRECTION('',(0.,0.,1.));
#9291 = DIRECTION('',(1.,0.,-0.));
#9292 = PCURVE('',#5876,#9293);
#9293 = DEFINITIONAL_REPRESENTATION('',(#9294),#9298);
#9294 = CIRCLE('',#9295,1.6);
#9295 = AXIS2_PLACEMENT_2D('',#9296,#9297);
#9296 = CARTESIAN_POINT('',(3.467752662624,5.660762687633));
#9297 = DIRECTION('',(1.,0.));
#9298 = ( GEOMETRIC_REPRESENTATION_CONTEXT(2) 
PARAMETRIC_REPRESENTATION_CONTEXT() REPRESENTATION_CONTEXT('2D SPACE',''
  ) );
#9299 = PCURVE('',#7283,#9300);
#9300 = DEFINITIONAL_REPRESENTATION('',(#9301),#9305);
#9301 = LINE('',#9302,#9303);
#9302 = CARTESIAN_POINT('',(0.,1.));
#9303 = VECTOR('',#9304,1.);
#9304 = DIRECTION('',(1.,0.));
#9305 = ( GEOMETRIC_REPRESENTATION_CONTEXT(2) 
PARAMETRIC_REPRESENTATION_CONTEXT() REPRESENTATION_CONTEXT('2D SPACE',''
  ) );
#9306 = ORIENTED_EDGE('',*,*,#9307,.F.);
#9307 = EDGE_CURVE('',#9308,#9284,#9310,.T.);
#9308 = VERTEX_POINT('',#9309);
#9309 = CARTESIAN_POINT('',(5.224471708407,6.097117507757,-9.));
#9310 = SURFACE_CURVE('',#9311,(#9316,#9323),.PCURVE_S1.);
#9311 = CIRCLE('',#9312,1.6);
#9312 = AXIS2_PLACEMENT_3D('',#9313,#9314,#9315);
#9313 = CARTESIAN_POINT('',(3.846747731927,5.283559492228,-9.));
#9314 = DIRECTION('',(0.,0.,1.));
#9315 = DIRECTION('',(1.,0.,-0.));
#9316 = PCURVE('',#5876,#9317);
#9317 = DEFINITIONAL_REPRESENTATION('',(#9318),#9322);
#9318 = CIRCLE('',#9319,1.6);
#9319 = AXIS2_PLACEMENT_2D('',#9320,#9321);
#9320 = CARTESIAN_POINT('',(3.846747731927,5.283559492228));
#9321 = DIRECTION('',(1.,0.));
#9322 = ( GEOMETRIC_REPRESENTATION_CONTEXT(2) 
PARAMETRIC_REPRESENTATION_CONTEXT() REPRESENTATION_CONTEXT('2D SPACE',''
  ) );
#9323 = PCURVE('',#7312,#9324);
#9324 = DEFINITIONAL_REPRESENTATION('',(#9325),#9329);
#9325 = LINE('',#9326,#9327);
#9326 = CARTESIAN_POINT('',(0.,1.));
#9327 = VECTOR('',#9328,1.);
#9328 = DIRECTION('',(1.,0.));
#9329 = ( GEOMETRIC_REPRESENTATION_CONTEXT(2) 
PARAMETRIC_REPRESENTATION_CONTEXT() REPRESENTATION_CONTEXT('2D SPACE',''
  ) );
#9330 = ORIENTED_EDGE('',*,*,#9331,.F.);
#9331 = EDGE_CURVE('',#9332,#9308,#9334,.T.);
#9332 = VERTEX_POINT('',#9333);
#9333 = CARTESIAN_POINT('',(5.630820847841,5.574352397943,-9.));
#9334 = SURFACE_CURVE('',#9335,(#9340,#9347),.PCURVE_S1.);
#9335 = CIRCLE('',#9336,1.6);
#9336 = AXIS2_PLACEMENT_3D('',#9337,#9338,#9339);
#9337 = CARTESIAN_POINT('',(4.191732226821,4.875049930586,-9.));
#9338 = DIRECTION('',(0.,0.,1.));
#9339 = DIRECTION('',(1.,0.,-0.));
#9340 = PCURVE('',#5876,#9341);
#9341 = DEFINITIONAL_REPRESENTATION('',(#9342),#9346);
#9342 = CIRCLE('',#9343,1.6);
#9343 = AXIS2_PLACEMENT_2D('',#9344,#9345);
#9344 = CARTESIAN_POINT('',(4.191732226821,4.875049930586));
#9345 = DIRECTION('',(1.,0.));
#9346 = ( GEOMETRIC_REPRESENTATION_CONTEXT(2) 
PARAMETRIC_REPRESENTATION_CONTEXT() REPRESENTATION_CONTEXT('2D SPACE',''
  ) );
#9347 = PCURVE('',#7341,#9348);
#9348 = DEFINITIONAL_REPRESENTATION('',(#9349),#9353);
#9349 = LINE('',#9350,#9351);
#9350 = CARTESIAN_POINT('',(0.,1.));
#9351 = VECTOR('',#9352,1.);
#9352 = DIRECTION('',(1.,0.));
#9353 = ( GEOMETRIC_REPRESENTATION_CONTEXT(2) 
PARAMETRIC_REPRESENTATION_CONTEXT() REPRESENTATION_CONTEXT('2D SPACE',''
  ) );
#9354 = ORIENTED_EDGE('',*,*,#9355,.F.);
#9355 = EDGE_CURVE('',#9356,#9332,#9358,.T.);
#9356 = VERTEX_POINT('',#9357);
#9357 = CARTESIAN_POINT('',(5.994695523379,5.017209994784,-9.));
#9358 = SURFACE_CURVE('',#9359,(#9364,#9371),.PCURVE_S1.);
#9359 = CIRCLE('',#9360,1.6);
#9360 = AXIS2_PLACEMENT_3D('',#9361,#9362,#9363);
#9361 = CARTESIAN_POINT('',(4.502439230127,4.440000193023,-9.));
#9362 = DIRECTION('',(0.,0.,1.));
#9363 = DIRECTION('',(1.,0.,-0.));
#9364 = PCURVE('',#5876,#9365);
#9365 = DEFINITIONAL_REPRESENTATION('',(#9366),#9370);
#9366 = CIRCLE('',#9367,1.6);
#9367 = AXIS2_PLACEMENT_2D('',#9368,#9369);
#9368 = CARTESIAN_POINT('',(4.502439230127,4.440000193023));
#9369 = DIRECTION('',(1.,0.));
#9370 = ( GEOMETRIC_REPRESENTATION_CONTEXT(2) 
PARAMETRIC_REPRESENTATION_CONTEXT() REPRESENTATION_CONTEXT('2D SPACE',''
  ) );
#9371 = PCURVE('',#7370,#9372);
#9372 = DEFINITIONAL_REPRESENTATION('',(#9373),#9377);
#9373 = LINE('',#9374,#9375);
#9374 = CARTESIAN_POINT('',(0.,1.));
#9375 = VECTOR('',#9376,1.);
#9376 = DIRECTION('',(1.,0.));
#9377 = ( GEOMETRIC_REPRESENTATION_CONTEXT(2) 
PARAMETRIC_REPRESENTATION_CONTEXT() REPRESENTATION_CONTEXT('2D SPACE',''
  ) );
#9378 = ORIENTED_EDGE('',*,*,#9379,.F.);
#9379 = EDGE_CURVE('',#9380,#9356,#9382,.T.);
#9380 = VERTEX_POINT('',#9381);
#9381 = CARTESIAN_POINT('',(6.311883473984,4.428670105124,-9.));
#9382 = SURFACE_CURVE('',#9383,(#9388,#9395),.PCURVE_S1.);
#9383 = CIRCLE('',#9384,1.6);
#9384 = AXIS2_PLACEMENT_3D('',#9385,#9386,#9387);
#9385 = CARTESIAN_POINT('',(4.775901086236,3.980609724676,-9.));
#9386 = DIRECTION('',(0.,0.,1.));
#9387 = DIRECTION('',(1.,0.,-0.));
#9388 = PCURVE('',#5876,#9389);
#9389 = DEFINITIONAL_REPRESENTATION('',(#9390),#9394);
#9390 = CIRCLE('',#9391,1.6);
#9391 = AXIS2_PLACEMENT_2D('',#9392,#9393);
#9392 = CARTESIAN_POINT('',(4.775901086236,3.980609724676));
#9393 = DIRECTION('',(1.,0.));
#9394 = ( GEOMETRIC_REPRESENTATION_CONTEXT(2) 
PARAMETRIC_REPRESENTATION_CONTEXT() REPRESENTATION_CONTEXT('2D SPACE',''
  ) );
#9395 = PCURVE('',#7399,#9396);
#9396 = DEFINITIONAL_REPRESENTATION('',(#9397),#9401);
#9397 = LINE('',#9398,#9399);
#9398 = CARTESIAN_POINT('',(0.,1.));
#9399 = VECTOR('',#9400,1.);
#9400 = DIRECTION('',(1.,0.));
#9401 = ( GEOMETRIC_REPRESENTATION_CONTEXT(2) 
PARAMETRIC_REPRESENTATION_CONTEXT() REPRESENTATION_CONTEXT('2D SPACE',''
  ) );
#9402 = ORIENTED_EDGE('',*,*,#9403,.F.);
#9403 = EDGE_CURVE('',#9404,#9380,#9406,.T.);
#9404 = VERTEX_POINT('',#9405);
#9405 = CARTESIAN_POINT('',(6.578404625044,3.812404264919,-9.));
#9406 = SURFACE_CURVE('',#9407,(#9412,#9419),.PCURVE_S1.);
#9407 = CIRCLE('',#9408,1.6);
#9408 = AXIS2_PLACEMENT_3D('',#9409,#9410,#9411);
#9409 = CARTESIAN_POINT('',(5.009287261298,3.499561335014,-9.));
#9410 = DIRECTION('',(0.,0.,1.));
#9411 = DIRECTION('',(1.,0.,-0.));
#9412 = PCURVE('',#5876,#9413);
#9413 = DEFINITIONAL_REPRESENTATION('',(#9414),#9418);
#9414 = CIRCLE('',#9415,1.6);
#9415 = AXIS2_PLACEMENT_2D('',#9416,#9417);
#9416 = CARTESIAN_POINT('',(5.009287261298,3.499561335014));
#9417 = DIRECTION('',(1.,0.));
#9418 = ( GEOMETRIC_REPRESENTATION_CONTEXT(2) 
PARAMETRIC_REPRESENTATION_CONTEXT() REPRESENTATION_CONTEXT('2D SPACE',''
  ) );
#9419 = PCURVE('',#7428,#9420);
#9420 = DEFINITIONAL_REPRESENTATION('',(#9421),#9425);
#9421 = LINE('',#9422,#9423);
#9422 = CARTESIAN_POINT('',(0.,1.));
#9423 = VECTOR('',#9424,1.);
#9424 = DIRECTION('',(1.,0.));
#9425 = ( GEOMETRIC_REPRESENTATION_CONTEXT(2) 
PARAMETRIC_REPRESENTATION_CONTEXT() REPRESENTATION_CONTEXT('2D SPACE',''
  ) );
#9426 = ORIENTED_EDGE('',*,*,#9427,.F.);
#9427 = EDGE_CURVE('',#9428,#9404,#9430,.T.);
#9428 = VERTEX_POINT('',#9429);
#9429 = CARTESIAN_POINT('',(3.630882636254,2.687157070096,-9.));
#9430 = SURFACE_CURVE('',#9431,(#9436,#9443),.PCURVE_S1.);
#9431 = CIRCLE('',#9432,1.6);
#9432 = AXIS2_PLACEMENT_3D('',#9433,#9434,#9435);
#9433 = CARTESIAN_POINT('',(5.2,3.,-9.));
#9434 = DIRECTION('',(0.,0.,1.));
#9435 = DIRECTION('',(1.,0.,-0.));
#9436 = PCURVE('',#5876,#9437);
#9437 = DEFINITIONAL_REPRESENTATION('',(#9438),#9442);
#9438 = CIRCLE('',#9439,1.6);
#9439 = AXIS2_PLACEMENT_2D('',#9440,#9441);
#9440 = CARTESIAN_POINT('',(5.2,3.));
#9441 = DIRECTION('',(1.,0.));
#9442 = ( GEOMETRIC_REPRESENTATION_CONTEXT(2) 
PARAMETRIC_REPRESENTATION_CONTEXT() REPRESENTATION_CONTEXT('2D SPACE',''
  ) );
#9443 = PCURVE('',#7457,#9444);
#9444 = DEFINITIONAL_REPRESENTATION('',(#9445),#9449);
#9445 = LINE('',#9446,#9447);
#9446 = CARTESIAN_POINT('',(0.,1.));
#9447 = VECTOR('',#9448,1.);
#9448 = DIRECTION('',(1.,0.));
#9449 = ( GEOMETRIC_REPRESENTATION_CONTEXT(2) 
PARAMETRIC_REPRESENTATION_CONTEXT() REPRESENTATION_CONTEXT('2D SPACE',''
  ) );
#9450 = ORIENTED_EDGE('',*,*,#9451,.F.);
#9451 = EDGE_CURVE('',#9452,#9428,#9454,.T.);
#9452 = VERTEX_POINT('',#9453);
#9453 = CARTESIAN_POINT('',(3.47330487355,3.051500954566,-9.));
#9454 = SURFACE_CURVE('',#9455,(#9460,#9467),.PCURVE_S1.);
#9455 = CIRCLE('',#9456,1.6);
#9456 = AXIS2_PLACEMENT_3D('',#9457,#9458,#9459);
#9457 = CARTESIAN_POINT('',(5.009287261298,3.499561335014,-9.));
#9458 = DIRECTION('',(0.,0.,1.));
#9459 = DIRECTION('',(1.,0.,-0.));
#9460 = PCURVE('',#5876,#9461);
#9461 = DEFINITIONAL_REPRESENTATION('',(#9462),#9466);
#9462 = CIRCLE('',#9463,1.6);
#9463 = AXIS2_PLACEMENT_2D('',#9464,#9465);
#9464 = CARTESIAN_POINT('',(5.009287261298,3.499561335014));
#9465 = DIRECTION('',(1.,0.));
#9466 = ( GEOMETRIC_REPRESENTATION_CONTEXT(2) 
PARAMETRIC_REPRESENTATION_CONTEXT() REPRESENTATION_CONTEXT('2D SPACE',''
  ) );
#9467 = PCURVE('',#7486,#9468);
#9468 = DEFINITIONAL_REPRESENTATION('',(#9469),#9473);
#9469 = LINE('',#9470,#9471);
#9470 = CARTESIAN_POINT('',(0.,1.));
#9471 = VECTOR('',#9472,1.);
#9472 = DIRECTION('',(1.,0.));
#9473 = ( GEOMETRIC_REPRESENTATION_CONTEXT(2) 
PARAMETRIC_REPRESENTATION_CONTEXT() REPRESENTATION_CONTEXT('2D SPACE',''
  ) );
#9474 = ORIENTED_EDGE('',*,*,#9475,.F.);
#9475 = EDGE_CURVE('',#9476,#9452,#9478,.T.);
#9476 = VERTEX_POINT('',#9477);
#9477 = CARTESIAN_POINT('',(3.283644792984,3.403399922914,-9.));
#9478 = SURFACE_CURVE('',#9479,(#9484,#9491),.PCURVE_S1.);
#9479 = CIRCLE('',#9480,1.6);
#9480 = AXIS2_PLACEMENT_3D('',#9481,#9482,#9483);
#9481 = CARTESIAN_POINT('',(4.775901086236,3.980609724676,-9.));
#9482 = DIRECTION('',(0.,0.,1.));
#9483 = DIRECTION('',(1.,0.,-0.));
#9484 = PCURVE('',#5876,#9485);
#9485 = DEFINITIONAL_REPRESENTATION('',(#9486),#9490);
#9486 = CIRCLE('',#9487,1.6);
#9487 = AXIS2_PLACEMENT_2D('',#9488,#9489);
#9488 = CARTESIAN_POINT('',(4.775901086236,3.980609724676));
#9489 = DIRECTION('',(1.,0.));
#9490 = ( GEOMETRIC_REPRESENTATION_CONTEXT(2) 
PARAMETRIC_REPRESENTATION_CONTEXT() REPRESENTATION_CONTEXT('2D SPACE',''
  ) );
#9491 = PCURVE('',#7515,#9492);
#9492 = DEFINITIONAL_REPRESENTATION('',(#9493),#9497);
#9493 = LINE('',#9494,#9495);
#9494 = CARTESIAN_POINT('',(0.,1.));
#9495 = VECTOR('',#9496,1.);
#9496 = DIRECTION('',(1.,0.));
#9497 = ( GEOMETRIC_REPRESENTATION_CONTEXT(2) 
PARAMETRIC_REPRESENTATION_CONTEXT() REPRESENTATION_CONTEXT('2D SPACE',''
  ) );
#9498 = ORIENTED_EDGE('',*,*,#9499,.F.);
#9499 = EDGE_CURVE('',#9500,#9476,#9502,.T.);
#9500 = VERTEX_POINT('',#9501);
#9501 = CARTESIAN_POINT('',(3.063350609107,3.740697725667,-9.));
#9502 = SURFACE_CURVE('',#9503,(#9508,#9515),.PCURVE_S1.);
#9503 = CIRCLE('',#9504,1.6);
#9504 = AXIS2_PLACEMENT_3D('',#9505,#9506,#9507);
#9505 = CARTESIAN_POINT('',(4.502439230127,4.440000193023,-9.));
#9506 = DIRECTION('',(0.,0.,1.));
#9507 = DIRECTION('',(1.,0.,-0.));
#9508 = PCURVE('',#5876,#9509);
#9509 = DEFINITIONAL_REPRESENTATION('',(#9510),#9514);
#9510 = CIRCLE('',#9511,1.6);
#9511 = AXIS2_PLACEMENT_2D('',#9512,#9513);
#9512 = CARTESIAN_POINT('',(4.502439230127,4.440000193023));
#9513 = DIRECTION('',(1.,0.));
#9514 = ( GEOMETRIC_REPRESENTATION_CONTEXT(2) 
PARAMETRIC_REPRESENTATION_CONTEXT() REPRESENTATION_CONTEXT('2D SPACE',''
  ) );
#9515 = PCURVE('',#7544,#9516);
#9516 = DEFINITIONAL_REPRESENTATION('',(#9517),#9521);
#9517 = LINE('',#9518,#9519);
#9518 = CARTESIAN_POINT('',(0.,1.));
#9519 = VECTOR('',#9520,1.);
#9520 = DIRECTION('',(1.,0.));
#9521 = ( GEOMETRIC_REPRESENTATION_CONTEXT(2) 
PARAMETRIC_REPRESENTATION_CONTEXT() REPRESENTATION_CONTEXT('2D SPACE',''
  ) );
#9522 = ORIENTED_EDGE('',*,*,#9523,.F.);
#9523 = EDGE_CURVE('',#9524,#9500,#9526,.T.);
#9524 = VERTEX_POINT('',#9525);
#9525 = CARTESIAN_POINT('',(2.814008250341,4.061491915057,-9.));
#9526 = SURFACE_CURVE('',#9527,(#9532,#9539),.PCURVE_S1.);
#9527 = CIRCLE('',#9528,1.6);
#9528 = AXIS2_PLACEMENT_3D('',#9529,#9530,#9531);
#9529 = CARTESIAN_POINT('',(4.191732226821,4.875049930586,-9.));
#9530 = DIRECTION('',(0.,0.,1.));
#9531 = DIRECTION('',(1.,0.,-0.));
#9532 = PCURVE('',#5876,#9533);
#9533 = DEFINITIONAL_REPRESENTATION('',(#9534),#9538);
#9534 = CIRCLE('',#9535,1.6);
#9535 = AXIS2_PLACEMENT_2D('',#9536,#9537);
#9536 = CARTESIAN_POINT('',(4.191732226821,4.875049930586));
#9537 = DIRECTION('',(1.,0.));
#9538 = ( GEOMETRIC_REPRESENTATION_CONTEXT(2) 
PARAMETRIC_REPRESENTATION_CONTEXT() REPRESENTATION_CONTEXT('2D SPACE',''
  ) );
#9539 = PCURVE('',#7573,#9540);
#9540 = DEFINITIONAL_REPRESENTATION('',(#9541),#9545);
#9541 = LINE('',#9542,#9543);
#9542 = CARTESIAN_POINT('',(0.,1.));
#9543 = VECTOR('',#9544,1.);
#9544 = DIRECTION('',(1.,0.));
#9545 = ( GEOMETRIC_REPRESENTATION_CONTEXT(2) 
PARAMETRIC_REPRESENTATION_CONTEXT() REPRESENTATION_CONTEXT('2D SPACE',''
  ) );
#9546 = ORIENTED_EDGE('',*,*,#9547,.F.);
#9547 = EDGE_CURVE('',#9548,#9524,#9550,.T.);
#9548 = VERTEX_POINT('',#9549);
#9549 = CARTESIAN_POINT('',(2.544432448882,4.354056988978,-9.));
#9550 = SURFACE_CURVE('',#9551,(#9556,#9563),.PCURVE_S1.);
#9551 = CIRCLE('',#9552,1.6);
#9552 = AXIS2_PLACEMENT_3D('',#9553,#9554,#9555);
#9553 = CARTESIAN_POINT('',(3.846747731927,5.283559492228,-9.));
#9554 = DIRECTION('',(0.,0.,1.));
#9555 = DIRECTION('',(1.,0.,-0.));
#9556 = PCURVE('',#5876,#9557);
#9557 = DEFINITIONAL_REPRESENTATION('',(#9558),#9562);
#9558 = CIRCLE('',#9559,1.6);
#9559 = AXIS2_PLACEMENT_2D('',#9560,#9561);
#9560 = CARTESIAN_POINT('',(3.846747731927,5.283559492228));
#9561 = DIRECTION('',(1.,0.));
#9562 = ( GEOMETRIC_REPRESENTATION_CONTEXT(2) 
PARAMETRIC_REPRESENTATION_CONTEXT() REPRESENTATION_CONTEXT('2D SPACE',''
  ) );
#9563 = PCURVE('',#7602,#9564);
#9564 = DEFINITIONAL_REPRESENTATION('',(#9565),#9569);
#9565 = LINE('',#9566,#9567);
#9566 = CARTESIAN_POINT('',(0.,1.));
#9567 = VECTOR('',#9568,1.);
#9568 = DIRECTION('',(1.,0.));
#9569 = ( GEOMETRIC_REPRESENTATION_CONTEXT(2) 
PARAMETRIC_REPRESENTATION_CONTEXT() REPRESENTATION_CONTEXT('2D SPACE',''
  ) );
#9570 = ORIENTED_EDGE('',*,*,#9571,.F.);
#9571 = EDGE_CURVE('',#9572,#9548,#9574,.T.);
#9572 = VERTEX_POINT('',#9573);
#9573 = CARTESIAN_POINT('',(2.243353257546,4.630788854545,-9.));
#9574 = SURFACE_CURVE('',#9575,(#9580,#9587),.PCURVE_S1.);
#9575 = CIRCLE('',#9576,1.6);
#9576 = AXIS2_PLACEMENT_3D('',#9577,#9578,#9579);
#9577 = CARTESIAN_POINT('',(3.467752662624,5.660762687633,-9.));
#9578 = DIRECTION('',(0.,0.,1.));
#9579 = DIRECTION('',(1.,0.,-0.));
#9580 = PCURVE('',#5876,#9581);
#9581 = DEFINITIONAL_REPRESENTATION('',(#9582),#9586);
#9582 = CIRCLE('',#9583,1.6);
#9583 = AXIS2_PLACEMENT_2D('',#9584,#9585);
#9584 = CARTESIAN_POINT('',(3.467752662624,5.660762687633));
#9585 = DIRECTION('',(1.,0.));
#9586 = ( GEOMETRIC_REPRESENTATION_CONTEXT(2) 
PARAMETRIC_REPRESENTATION_CONTEXT() REPRESENTATION_CONTEXT('2D SPACE',''
  ) );
#9587 = PCURVE('',#7631,#9588);
#9588 = DEFINITIONAL_REPRESENTATION('',(#9589),#9593);
#9589 = LINE('',#9590,#9591);
#9590 = CARTESIAN_POINT('',(0.,1.));
#9591 = VECTOR('',#9592,1.);
#9592 = DIRECTION('',(1.,0.));
#9593 = ( GEOMETRIC_REPRESENTATION_CONTEXT(2) 
PARAMETRIC_REPRESENTATION_CONTEXT() REPRESENTATION_CONTEXT('2D SPACE',''
  ) );
#9594 = ORIENTED_EDGE('',*,*,#9595,.F.);
#9595 = EDGE_CURVE('',#9596,#9572,#9598,.T.);
#9596 = VERTEX_POINT('',#9597);
#9597 = CARTESIAN_POINT('',(1.916846145185,4.887256271343,-9.));
#9598 = SURFACE_CURVE('',#9599,(#9604,#9611),.PCURVE_S1.);
#9599 = CIRCLE('',#9600,1.6);
#9600 = AXIS2_PLACEMENT_3D('',#9601,#9602,#9603);
#9601 = CARTESIAN_POINT('',(3.06008386408,6.006634455022,-9.));
#9602 = DIRECTION('',(0.,0.,1.));
#9603 = DIRECTION('',(1.,0.,-0.));
#9604 = PCURVE('',#5876,#9605);
#9605 = DEFINITIONAL_REPRESENTATION('',(#9606),#9610);
#9606 = CIRCLE('',#9607,1.6);
#9607 = AXIS2_PLACEMENT_2D('',#9608,#9609);
#9608 = CARTESIAN_POINT('',(3.06008386408,6.006634455022));
#9609 = DIRECTION('',(1.,0.));
#9610 = ( GEOMETRIC_REPRESENTATION_CONTEXT(2) 
PARAMETRIC_REPRESENTATION_CONTEXT() REPRESENTATION_CONTEXT('2D SPACE',''
  ) );
#9611 = PCURVE('',#7660,#9612);
#9612 = DEFINITIONAL_REPRESENTATION('',(#9613),#9617);
#9613 = LINE('',#9614,#9615);
#9614 = CARTESIAN_POINT('',(0.,1.));
#9615 = VECTOR('',#9616,1.);
#9616 = DIRECTION('',(1.,0.));
#9617 = ( GEOMETRIC_REPRESENTATION_CONTEXT(2) 
PARAMETRIC_REPRESENTATION_CONTEXT() REPRESENTATION_CONTEXT('2D SPACE',''
  ) );
#9618 = ORIENTED_EDGE('',*,*,#9619,.F.);
#9619 = EDGE_CURVE('',#9620,#9596,#9622,.T.);
#9620 = VERTEX_POINT('',#9621);
#9621 = CARTESIAN_POINT('',(1.584358727062,5.10753910618,-9.));
#9622 = SURFACE_CURVE('',#9623,(#9628,#9635),.PCURVE_S1.);
#9623 = CIRCLE('',#9624,1.6);
#9624 = AXIS2_PLACEMENT_3D('',#9625,#9626,#9627);
#9625 = CARTESIAN_POINT('',(2.627408364645,6.32081873328,-9.));
#9626 = DIRECTION('',(0.,0.,1.));
#9627 = DIRECTION('',(1.,0.,-0.));
#9628 = PCURVE('',#5876,#9629);
#9629 = DEFINITIONAL_REPRESENTATION('',(#9630),#9634);
#9630 = CIRCLE('',#9631,1.6);
#9631 = AXIS2_PLACEMENT_2D('',#9632,#9633);
#9632 = CARTESIAN_POINT('',(2.627408364645,6.32081873328));
#9633 = DIRECTION('',(1.,0.));
#9634 = ( GEOMETRIC_REPRESENTATION_CONTEXT(2) 
PARAMETRIC_REPRESENTATION_CONTEXT() REPRESENTATION_CONTEXT('2D SPACE',''
  ) );
#9635 = PCURVE('',#7689,#9636);
#9636 = DEFINITIONAL_REPRESENTATION('',(#9637),#9641);
#9637 = LINE('',#9638,#9639);
#9638 = CARTESIAN_POINT('',(0.,1.));
#9639 = VECTOR('',#9640,1.);
#9640 = DIRECTION('',(1.,0.));
#9641 = ( GEOMETRIC_REPRESENTATION_CONTEXT(2) 
PARAMETRIC_REPRESENTATION_CONTEXT() REPRESENTATION_CONTEXT('2D SPACE',''
  ) );
#9642 = ORIENTED_EDGE('',*,*,#9643,.F.);
#9643 = EDGE_CURVE('',#9644,#9620,#9646,.T.);
#9644 = VERTEX_POINT('',#9645);
#9645 = CARTESIAN_POINT('',(1.216373722169,5.311536978679,-9.));
#9646 = SURFACE_CURVE('',#9647,(#9652,#9659),.PCURVE_S1.);
#9647 = CIRCLE('',#9648,1.6);
#9648 = AXIS2_PLACEMENT_3D('',#9649,#9650,#9651);
#9649 = CARTESIAN_POINT('',(2.169386293535,6.59674787142,-9.));
#9650 = DIRECTION('',(0.,0.,1.));
#9651 = DIRECTION('',(1.,0.,-0.));
#9652 = PCURVE('',#5876,#9653);
#9653 = DEFINITIONAL_REPRESENTATION('',(#9654),#9658);
#9654 = CIRCLE('',#9655,1.6);
#9655 = AXIS2_PLACEMENT_2D('',#9656,#9657);
#9656 = CARTESIAN_POINT('',(2.169386293535,6.59674787142));
#9657 = DIRECTION('',(1.,0.));
#9658 = ( GEOMETRIC_REPRESENTATION_CONTEXT(2) 
PARAMETRIC_REPRESENTATION_CONTEXT() REPRESENTATION_CONTEXT('2D SPACE',''
  ) );
#9659 = PCURVE('',#7718,#9660);
#9660 = DEFINITIONAL_REPRESENTATION('',(#9661),#9665);
#9661 = LINE('',#9662,#9663);
#9662 = CARTESIAN_POINT('',(0.,1.));
#9663 = VECTOR('',#9664,1.);
#9664 = DIRECTION('',(1.,0.));
#9665 = ( GEOMETRIC_REPRESENTATION_CONTEXT(2) 
PARAMETRIC_REPRESENTATION_CONTEXT() REPRESENTATION_CONTEXT('2D SPACE',''
  ) );
#9666 = ORIENTED_EDGE('',*,*,#9667,.F.);
#9667 = EDGE_CURVE('',#9668,#9644,#9670,.T.);
#9668 = VERTEX_POINT('',#9669);
#9669 = CARTESIAN_POINT('',(0.845450246796,5.481741477824,-9.));
#9670 = SURFACE_CURVE('',#9671,(#9676,#9683),.PCURVE_S1.);
#9671 = CIRCLE('',#9672,1.6);
#9672 = AXIS2_PLACEMENT_3D('',#9673,#9674,#9675);
#9673 = CARTESIAN_POINT('',(1.692751674937,6.838974062855,-9.));
#9674 = DIRECTION('',(0.,0.,1.));
#9675 = DIRECTION('',(1.,0.,-0.));
#9676 = PCURVE('',#5876,#9677);
#9677 = DEFINITIONAL_REPRESENTATION('',(#9678),#9682);
#9678 = CIRCLE('',#9679,1.6);
#9679 = AXIS2_PLACEMENT_2D('',#9680,#9681);
#9680 = CARTESIAN_POINT('',(1.692751674937,6.838974062855));
#9681 = DIRECTION('',(1.,0.));
#9682 = ( GEOMETRIC_REPRESENTATION_CONTEXT(2) 
PARAMETRIC_REPRESENTATION_CONTEXT() REPRESENTATION_CONTEXT('2D SPACE',''
  ) );
#9683 = PCURVE('',#7747,#9684);
#9684 = DEFINITIONAL_REPRESENTATION('',(#9685),#9689);
#9685 = LINE('',#9686,#9687);
#9686 = CARTESIAN_POINT('',(0.,1.));
#9687 = VECTOR('',#9688,1.);
#9688 = DIRECTION('',(1.,0.));
#9689 = ( GEOMETRIC_REPRESENTATION_CONTEXT(2) 
PARAMETRIC_REPRESENTATION_CONTEXT() REPRESENTATION_CONTEXT('2D SPACE',''
  ) );
#9690 = ORIENTED_EDGE('',*,*,#9691,.F.);
#9691 = EDGE_CURVE('',#9692,#9668,#9694,.T.);
#9692 = VERTEX_POINT('',#9693);
#9693 = CARTESIAN_POINT('',(0.451672572078,5.627217354059,-9.));
#9694 = SURFACE_CURVE('',#9695,(#9700,#9707),.PCURVE_S1.);
#9695 = CIRCLE('',#9696,1.6);
#9696 = AXIS2_PLACEMENT_3D('',#9697,#9698,#9699);
#9697 = CARTESIAN_POINT('',(1.198240009641,7.042362951222,-9.));
#9698 = DIRECTION('',(0.,0.,1.));
#9699 = DIRECTION('',(1.,0.,-0.));
#9700 = PCURVE('',#5876,#9701);
#9701 = DEFINITIONAL_REPRESENTATION('',(#9702),#9706);
#9702 = CIRCLE('',#9703,1.6);
#9703 = AXIS2_PLACEMENT_2D('',#9704,#9705);
#9704 = CARTESIAN_POINT('',(1.198240009641,7.042362951222));
#9705 = DIRECTION('',(1.,0.));
#9706 = ( GEOMETRIC_REPRESENTATION_CONTEXT(2) 
PARAMETRIC_REPRESENTATION_CONTEXT() REPRESENTATION_CONTEXT('2D SPACE',''
  ) );
#9707 = PCURVE('',#7776,#9708);
#9708 = DEFINITIONAL_REPRESENTATION('',(#9709),#9713);
#9709 = LINE('',#9710,#9711);
#9710 = CARTESIAN_POINT('',(0.,1.));
#9711 = VECTOR('',#9712,1.);
#9712 = DIRECTION('',(1.,0.));
#9713 = ( GEOMETRIC_REPRESENTATION_CONTEXT(2) 
PARAMETRIC_REPRESENTATION_CONTEXT() REPRESENTATION_CONTEXT('2D SPACE',''
  ) );
#9714 = ORIENTED_EDGE('',*,*,#9715,.F.);
#9715 = EDGE_CURVE('',#9716,#9692,#9718,.T.);
#9716 = VERTEX_POINT('',#9717);
#9717 = CARTESIAN_POINT('',(5.536916082516E-02,5.740702977819,-9.));
#9718 = SURFACE_CURVE('',#9719,(#9724,#9731),.PCURVE_S1.);
#9719 = CIRCLE('',#9720,1.6);
#9720 = AXIS2_PLACEMENT_3D('',#9721,#9722,#9723);
#9721 = CARTESIAN_POINT('',(0.690323328746,7.209319062655,-9.));
#9722 = DIRECTION('',(0.,0.,1.));
#9723 = DIRECTION('',(1.,0.,-0.));
#9724 = PCURVE('',#5876,#9725);
#9725 = DEFINITIONAL_REPRESENTATION('',(#9726),#9730);
#9726 = CIRCLE('',#9727,1.6);
#9727 = AXIS2_PLACEMENT_2D('',#9728,#9729);
#9728 = CARTESIAN_POINT('',(0.690323328746,7.209319062655));
#9729 = DIRECTION('',(1.,0.));
#9730 = ( GEOMETRIC_REPRESENTATION_CONTEXT(2) 
PARAMETRIC_REPRESENTATION_CONTEXT() REPRESENTATION_CONTEXT('2D SPACE',''
  ) );
#9731 = PCURVE('',#7805,#9732);
#9732 = DEFINITIONAL_REPRESENTATION('',(#9733),#9737);
#9733 = LINE('',#9734,#9735);
#9734 = CARTESIAN_POINT('',(0.,1.));
#9735 = VECTOR('',#9736,1.);
#9736 = DIRECTION('',(1.,0.));
#9737 = ( GEOMETRIC_REPRESENTATION_CONTEXT(2) 
PARAMETRIC_REPRESENTATION_CONTEXT() REPRESENTATION_CONTEXT('2D SPACE',''
  ) );
#9738 = ORIENTED_EDGE('',*,*,#9739,.F.);
#9739 = EDGE_CURVE('',#9740,#9716,#9742,.T.);
#9740 = VERTEX_POINT('',#9741);
#9741 = CARTESIAN_POINT('',(-0.360403629037,5.827336178145,-9.));
#9742 = SURFACE_CURVE('',#9743,(#9748,#9755),.PCURVE_S1.);
#9743 = CIRCLE('',#9744,1.6);
#9744 = AXIS2_PLACEMENT_3D('',#9745,#9746,#9747);
#9745 = CARTESIAN_POINT('',(0.170972397354,7.336521229282,-9.));
#9746 = DIRECTION('',(0.,0.,1.));
#9747 = DIRECTION('',(1.,0.,-0.));
#9748 = PCURVE('',#5876,#9749);
#9749 = DEFINITIONAL_REPRESENTATION('',(#9750),#9754);
#9750 = CIRCLE('',#9751,1.6);
#9751 = AXIS2_PLACEMENT_2D('',#9752,#9753);
#9752 = CARTESIAN_POINT('',(0.170972397354,7.336521229282));
#9753 = DIRECTION('',(1.,0.));
#9754 = ( GEOMETRIC_REPRESENTATION_CONTEXT(2) 
PARAMETRIC_REPRESENTATION_CONTEXT() REPRESENTATION_CONTEXT('2D SPACE',''
  ) );
#9755 = PCURVE('',#7834,#9756);
#9756 = DEFINITIONAL_REPRESENTATION('',(#9757),#9761);
#9757 = LINE('',#9758,#9759);
#9758 = CARTESIAN_POINT('',(0.,1.));
#9759 = VECTOR('',#9760,1.);
#9760 = DIRECTION('',(1.,0.));
#9761 = ( GEOMETRIC_REPRESENTATION_CONTEXT(2) 
PARAMETRIC_REPRESENTATION_CONTEXT() REPRESENTATION_CONTEXT('2D SPACE',''
  ) );
#9762 = ORIENTED_EDGE('',*,*,#9763,.F.);
#9763 = EDGE_CURVE('',#9764,#9740,#9766,.T.);
#9764 = VERTEX_POINT('',#9765);
#9765 = CARTESIAN_POINT('',(-0.76779344161,5.881245558164,-9.));
#9766 = SURFACE_CURVE('',#9767,(#9772,#9779),.PCURVE_S1.);
#9767 = CIRCLE('',#9768,1.6);
#9768 = AXIS2_PLACEMENT_3D('',#9769,#9770,#9771);
#9769 = CARTESIAN_POINT('',(-0.355940257498,7.427329952606,-9.));
#9770 = DIRECTION('',(0.,0.,1.));
#9771 = DIRECTION('',(1.,0.,-0.));
#9772 = PCURVE('',#5876,#9773);
#9773 = DEFINITIONAL_REPRESENTATION('',(#9774),#9778);
#9774 = CIRCLE('',#9775,1.6);
#9775 = AXIS2_PLACEMENT_2D('',#9776,#9777);
#9776 = CARTESIAN_POINT('',(-0.355940257498,7.427329952606));
#9777 = DIRECTION('',(1.,0.));
#9778 = ( GEOMETRIC_REPRESENTATION_CONTEXT(2) 
PARAMETRIC_REPRESENTATION_CONTEXT() REPRESENTATION_CONTEXT('2D SPACE',''
  ) );
#9779 = PCURVE('',#7863,#9780);
#9780 = DEFINITIONAL_REPRESENTATION('',(#9781),#9785);
#9781 = LINE('',#9782,#9783);
#9782 = CARTESIAN_POINT('',(0.,1.));
#9783 = VECTOR('',#9784,1.);
#9784 = DIRECTION('',(1.,0.));
#9785 = ( GEOMETRIC_REPRESENTATION_CONTEXT(2) 
PARAMETRIC_REPRESENTATION_CONTEXT() REPRESENTATION_CONTEXT('2D SPACE',''
  ) );
#9786 = ORIENTED_EDGE('',*,*,#9787,.F.);
#9787 = EDGE_CURVE('',#9788,#9764,#9790,.T.);
#9788 = VERTEX_POINT('',#9789);
#9789 = CARTESIAN_POINT('',(-1.197889439972,5.906920663458,-9.));
#9790 = SURFACE_CURVE('',#9791,(#9796,#9803),.PCURVE_S1.);
#9791 = CIRCLE('',#9792,1.6);
#9792 = AXIS2_PLACEMENT_3D('',#9793,#9794,#9795);
#9793 = CARTESIAN_POINT('',(-0.888365428446,7.476696088889,-9.));
#9794 = DIRECTION('',(0.,0.,1.));
#9795 = DIRECTION('',(1.,0.,-0.));
#9796 = PCURVE('',#5876,#9797);
#9797 = DEFINITIONAL_REPRESENTATION('',(#9798),#9802);
#9798 = CIRCLE('',#9799,1.6);
#9799 = AXIS2_PLACEMENT_2D('',#9800,#9801);
#9800 = CARTESIAN_POINT('',(-0.888365428446,7.476696088889));
#9801 = DIRECTION('',(1.,0.));
#9802 = ( GEOMETRIC_REPRESENTATION_CONTEXT(2) 
PARAMETRIC_REPRESENTATION_CONTEXT() REPRESENTATION_CONTEXT('2D SPACE',''
  ) );
#9803 = PCURVE('',#7892,#9804);
#9804 = DEFINITIONAL_REPRESENTATION('',(#9805),#9809);
#9805 = LINE('',#9806,#9807);
#9806 = CARTESIAN_POINT('',(0.,1.));
#9807 = VECTOR('',#9808,1.);
#9808 = DIRECTION('',(1.,0.));
#9809 = ( GEOMETRIC_REPRESENTATION_CONTEXT(2) 
PARAMETRIC_REPRESENTATION_CONTEXT() REPRESENTATION_CONTEXT('2D SPACE',''
  ) );
#9810 = ORIENTED_EDGE('',*,*,#9811,.F.);
#9811 = EDGE_CURVE('',#9812,#9788,#9814,.T.);
#9812 = VERTEX_POINT('',#9813);
#9813 = CARTESIAN_POINT('',(-1.611376018992,5.90216337462,-9.));
#9814 = SURFACE_CURVE('',#9815,(#9820,#9827),.PCURVE_S1.);
#9815 = CIRCLE('',#9816,1.6);
#9816 = AXIS2_PLACEMENT_3D('',#9817,#9818,#9819);
#9817 = CARTESIAN_POINT('',(-1.422885662878,7.491021891182,-9.));
#9818 = DIRECTION('',(0.,0.,1.));
#9819 = DIRECTION('',(1.,0.,-0.));
#9820 = PCURVE('',#5876,#9821);
#9821 = DEFINITIONAL_REPRESENTATION('',(#9822),#9826);
#9822 = CIRCLE('',#9823,1.6);
#9823 = AXIS2_PLACEMENT_2D('',#9824,#9825);
#9824 = CARTESIAN_POINT('',(-1.422885662878,7.491021891182));
#9825 = DIRECTION('',(1.,0.));
#9826 = ( GEOMETRIC_REPRESENTATION_CONTEXT(2) 
PARAMETRIC_REPRESENTATION_CONTEXT() REPRESENTATION_CONTEXT('2D SPACE',''
  ) );
#9827 = PCURVE('',#7921,#9828);
#9828 = DEFINITIONAL_REPRESENTATION('',(#9829),#9833);
#9829 = LINE('',#9830,#9831);
#9830 = CARTESIAN_POINT('',(0.,1.));
#9831 = VECTOR('',#9832,1.);
#9832 = DIRECTION('',(1.,0.));
#9833 = ( GEOMETRIC_REPRESENTATION_CONTEXT(2) 
PARAMETRIC_REPRESENTATION_CONTEXT() REPRESENTATION_CONTEXT('2D SPACE',''
  ) );
#9834 = ORIENTED_EDGE('',*,*,#9835,.F.);
#9835 = EDGE_CURVE('',#9836,#9812,#9838,.T.);
#9836 = VERTEX_POINT('',#9837);
#9837 = CARTESIAN_POINT('',(-2.037160905138,5.866419672726,-9.));
#9838 = SURFACE_CURVE('',#9839,(#9844,#9851),.PCURVE_S1.);
#9839 = CIRCLE('',#9840,1.6);
#9840 = AXIS2_PLACEMENT_3D('',#9841,#9842,#9843);
#9841 = CARTESIAN_POINT('',(-1.95691559676,7.464406121505,-9.));
#9842 = DIRECTION('',(0.,0.,1.));
#9843 = DIRECTION('',(1.,0.,-0.));
#9844 = PCURVE('',#5876,#9845);
#9845 = DEFINITIONAL_REPRESENTATION('',(#9846),#9850);
#9846 = CIRCLE('',#9847,1.6);
#9847 = AXIS2_PLACEMENT_2D('',#9848,#9849);
#9848 = CARTESIAN_POINT('',(-1.95691559676,7.464406121505));
#9849 = DIRECTION('',(1.,0.));
#9850 = ( GEOMETRIC_REPRESENTATION_CONTEXT(2) 
PARAMETRIC_REPRESENTATION_CONTEXT() REPRESENTATION_CONTEXT('2D SPACE',''
  ) );
#9851 = PCURVE('',#7950,#9852);
#9852 = DEFINITIONAL_REPRESENTATION('',(#9853),#9857);
#9853 = LINE('',#9854,#9855);
#9854 = CARTESIAN_POINT('',(0.,1.));
#9855 = VECTOR('',#9856,1.);
#9856 = DIRECTION('',(1.,0.));
#9857 = ( GEOMETRIC_REPRESENTATION_CONTEXT(2) 
PARAMETRIC_REPRESENTATION_CONTEXT() REPRESENTATION_CONTEXT('2D SPACE',''
  ) );
#9858 = ORIENTED_EDGE('',*,*,#9859,.F.);
#9859 = EDGE_CURVE('',#9860,#9836,#9862,.T.);
#9860 = VERTEX_POINT('',#9861);
#9861 = CARTESIAN_POINT('',(-2.464717691393,5.801783631369,-9.));
#9862 = SURFACE_CURVE('',#9863,(#9868,#9875),.PCURVE_S1.);
#9863 = CIRCLE('',#9864,1.6);
#9864 = AXIS2_PLACEMENT_3D('',#9865,#9866,#9867);
#9865 = CARTESIAN_POINT('',(-2.487908740786,7.401615552299,-9.));
#9866 = DIRECTION('',(0.,0.,1.));
#9867 = DIRECTION('',(1.,0.,-0.));
#9868 = PCURVE('',#5876,#9869);
#9869 = DEFINITIONAL_REPRESENTATION('',(#9870),#9874);
#9870 = CIRCLE('',#9871,1.6);
#9871 = AXIS2_PLACEMENT_2D('',#9872,#9873);
#9872 = CARTESIAN_POINT('',(-2.487908740786,7.401615552299));
#9873 = DIRECTION('',(1.,0.));
#9874 = ( GEOMETRIC_REPRESENTATION_CONTEXT(2) 
PARAMETRIC_REPRESENTATION_CONTEXT() REPRESENTATION_CONTEXT('2D SPACE',''
  ) );
#9875 = PCURVE('',#7979,#9876);
#9876 = DEFINITIONAL_REPRESENTATION('',(#9877),#9881);
#9877 = LINE('',#9878,#9879);
#9878 = CARTESIAN_POINT('',(0.,1.));
#9879 = VECTOR('',#9880,1.);
#9880 = DIRECTION('',(1.,0.));
#9881 = ( GEOMETRIC_REPRESENTATION_CONTEXT(2) 
PARAMETRIC_REPRESENTATION_CONTEXT() REPRESENTATION_CONTEXT('2D SPACE',''
  ) );
#9882 = ORIENTED_EDGE('',*,*,#9883,.F.);
#9883 = EDGE_CURVE('',#9884,#9860,#9886,.T.);
#9884 = VERTEX_POINT('',#9885);
#9885 = CARTESIAN_POINT('',(-3.036965393978,8.904458455462,-9.));
#9886 = SURFACE_CURVE('',#9887,(#9892,#9899),.PCURVE_S1.);
#9887 = CIRCLE('',#9888,1.6);
#9888 = AXIS2_PLACEMENT_3D('',#9889,#9890,#9891);
#9889 = CARTESIAN_POINT('',(-3.013774344585,7.304626534531,-9.));
#9890 = DIRECTION('',(0.,0.,1.));
#9891 = DIRECTION('',(1.,0.,-0.));
#9892 = PCURVE('',#5876,#9893);
#9893 = DEFINITIONAL_REPRESENTATION('',(#9894),#9898);
#9894 = CIRCLE('',#9895,1.6);
#9895 = AXIS2_PLACEMENT_2D('',#9896,#9897);
#9896 = CARTESIAN_POINT('',(-3.013774344585,7.304626534531));
#9897 = DIRECTION('',(1.,0.));
#9898 = ( GEOMETRIC_REPRESENTATION_CONTEXT(2) 
PARAMETRIC_REPRESENTATION_CONTEXT() REPRESENTATION_CONTEXT('2D SPACE',''
  ) );
#9899 = PCURVE('',#8008,#9900);
#9900 = DEFINITIONAL_REPRESENTATION('',(#9901),#9905);
#9901 = LINE('',#9902,#9903);
#9902 = CARTESIAN_POINT('',(0.,1.));
#9903 = VECTOR('',#9904,1.);
#9904 = DIRECTION('',(1.,0.));
#9905 = ( GEOMETRIC_REPRESENTATION_CONTEXT(2) 
PARAMETRIC_REPRESENTATION_CONTEXT() REPRESENTATION_CONTEXT('2D SPACE',''
  ) );
#9906 = ORIENTED_EDGE('',*,*,#9907,.F.);
#9907 = EDGE_CURVE('',#9908,#9884,#9910,.T.);
#9908 = VERTEX_POINT('',#9909);
#9909 = CARTESIAN_POINT('',(-2.407663432408,8.999602001079,-9.));
#9910 = SURFACE_CURVE('',#9911,(#9916,#9923),.PCURVE_S1.);
#9911 = CIRCLE('',#9912,1.6);
#9912 = AXIS2_PLACEMENT_3D('',#9913,#9914,#9915);
#9913 = CARTESIAN_POINT('',(-2.487908740786,7.401615552299,-9.));
#9914 = DIRECTION('',(0.,0.,1.));
#9915 = DIRECTION('',(1.,0.,-0.));
#9916 = PCURVE('',#5876,#9917);
#9917 = DEFINITIONAL_REPRESENTATION('',(#9918),#9922);
#9918 = CIRCLE('',#9919,1.6);
#9919 = AXIS2_PLACEMENT_2D('',#9920,#9921);
#9920 = CARTESIAN_POINT('',(-2.487908740786,7.401615552299));
#9921 = DIRECTION('',(1.,0.));
#9922 = ( GEOMETRIC_REPRESENTATION_CONTEXT(2) 
PARAMETRIC_REPRESENTATION_CONTEXT() REPRESENTATION_CONTEXT('2D SPACE',''
  ) );
#9923 = PCURVE('',#8037,#9924);
#9924 = DEFINITIONAL_REPRESENTATION('',(#9925),#9929);
#9925 = LINE('',#9926,#9927);
#9926 = CARTESIAN_POINT('',(0.,1.));
#9927 = VECTOR('',#9928,1.);
#9928 = DIRECTION('',(1.,0.));
#9929 = ( GEOMETRIC_REPRESENTATION_CONTEXT(2) 
PARAMETRIC_REPRESENTATION_CONTEXT() REPRESENTATION_CONTEXT('2D SPACE',''
  ) );
#9930 = ORIENTED_EDGE('',*,*,#9931,.F.);
#9931 = EDGE_CURVE('',#9932,#9908,#9934,.T.);
#9932 = VERTEX_POINT('',#9933);
#9933 = CARTESIAN_POINT('',(-1.768425240646,9.053264638068,-9.));
#9934 = SURFACE_CURVE('',#9935,(#9940,#9947),.PCURVE_S1.);
#9935 = CIRCLE('',#9936,1.6);
#9936 = AXIS2_PLACEMENT_3D('',#9937,#9938,#9939);
#9937 = CARTESIAN_POINT('',(-1.95691559676,7.464406121505,-9.));
#9938 = DIRECTION('',(0.,0.,1.));
#9939 = DIRECTION('',(1.,0.,-0.));
#9940 = PCURVE('',#5876,#9941);
#9941 = DEFINITIONAL_REPRESENTATION('',(#9942),#9946);
#9942 = CIRCLE('',#9943,1.6);
#9943 = AXIS2_PLACEMENT_2D('',#9944,#9945);
#9944 = CARTESIAN_POINT('',(-1.95691559676,7.464406121505));
#9945 = DIRECTION('',(1.,0.));
#9946 = ( GEOMETRIC_REPRESENTATION_CONTEXT(2) 
PARAMETRIC_REPRESENTATION_CONTEXT() REPRESENTATION_CONTEXT('2D SPACE',''
  ) );
#9947 = PCURVE('',#8066,#9948);
#9948 = DEFINITIONAL_REPRESENTATION('',(#9949),#9953);
#9949 = LINE('',#9950,#9951);
#9950 = CARTESIAN_POINT('',(0.,1.));
#9951 = VECTOR('',#9952,1.);
#9952 = DIRECTION('',(1.,0.));
#9953 = ( GEOMETRIC_REPRESENTATION_CONTEXT(2) 
PARAMETRIC_REPRESENTATION_CONTEXT() REPRESENTATION_CONTEXT('2D SPACE',''
  ) );
#9954 = ORIENTED_EDGE('',*,*,#9955,.F.);
#9955 = EDGE_CURVE('',#9956,#9932,#9958,.T.);
#9956 = VERTEX_POINT('',#9957);
#9957 = CARTESIAN_POINT('',(-1.113361651351,9.060797316614,-9.));
#9958 = SURFACE_CURVE('',#9959,(#9964,#9971),.PCURVE_S1.);
#9959 = CIRCLE('',#9960,1.6);
#9960 = AXIS2_PLACEMENT_3D('',#9961,#9962,#9963);
#9961 = CARTESIAN_POINT('',(-1.422885662878,7.491021891182,-9.));
#9962 = DIRECTION('',(0.,0.,1.));
#9963 = DIRECTION('',(1.,0.,-0.));
#9964 = PCURVE('',#5876,#9965);
#9965 = DEFINITIONAL_REPRESENTATION('',(#9966),#9970);
#9966 = CIRCLE('',#9967,1.6);
#9967 = AXIS2_PLACEMENT_2D('',#9968,#9969);
#9968 = CARTESIAN_POINT('',(-1.422885662878,7.491021891182));
#9969 = DIRECTION('',(1.,0.));
#9970 = ( GEOMETRIC_REPRESENTATION_CONTEXT(2) 
PARAMETRIC_REPRESENTATION_CONTEXT() REPRESENTATION_CONTEXT('2D SPACE',''
  ) );
#9971 = PCURVE('',#8095,#9972);
#9972 = DEFINITIONAL_REPRESENTATION('',(#9973),#9977);
#9973 = LINE('',#9974,#9975);
#9974 = CARTESIAN_POINT('',(0.,1.));
#9975 = VECTOR('',#9976,1.);
#9976 = DIRECTION('',(1.,0.));
#9977 = ( GEOMETRIC_REPRESENTATION_CONTEXT(2) 
PARAMETRIC_REPRESENTATION_CONTEXT() REPRESENTATION_CONTEXT('2D SPACE',''
  ) );
#9978 = ORIENTED_EDGE('',*,*,#9979,.F.);
#9979 = EDGE_CURVE('',#9980,#9956,#9982,.T.);
#9980 = VERTEX_POINT('',#9981);
#9981 = CARTESIAN_POINT('',(-0.476512244333,9.022780483331,-9.));
#9982 = SURFACE_CURVE('',#9983,(#9988,#9995),.PCURVE_S1.);
#9983 = CIRCLE('',#9984,1.6);
#9984 = AXIS2_PLACEMENT_3D('',#9985,#9986,#9987);
#9985 = CARTESIAN_POINT('',(-0.888365428446,7.476696088889,-9.));
#9986 = DIRECTION('',(0.,0.,1.));
#9987 = DIRECTION('',(1.,0.,-0.));
#9988 = PCURVE('',#5876,#9989);
#9989 = DEFINITIONAL_REPRESENTATION('',(#9990),#9994);
#9990 = CIRCLE('',#9991,1.6);
#9991 = AXIS2_PLACEMENT_2D('',#9992,#9993);
#9992 = CARTESIAN_POINT('',(-0.888365428446,7.476696088889));
#9993 = DIRECTION('',(1.,0.));
#9994 = ( GEOMETRIC_REPRESENTATION_CONTEXT(2) 
PARAMETRIC_REPRESENTATION_CONTEXT() REPRESENTATION_CONTEXT('2D SPACE',''
  ) );
#9995 = PCURVE('',#8124,#9996);
#9996 = DEFINITIONAL_REPRESENTATION('',(#9997),#10001);
#9997 = LINE('',#9998,#9999);
#9998 = CARTESIAN_POINT('',(0.,1.));
#9999 = VECTOR('',#10000,1.);
#10000 = DIRECTION('',(1.,0.));
#10001 = ( GEOMETRIC_REPRESENTATION_CONTEXT(2) 
PARAMETRIC_REPRESENTATION_CONTEXT() REPRESENTATION_CONTEXT('2D SPACE',''
  ) );
#10002 = ORIENTED_EDGE('',*,*,#10003,.F.);
#10003 = EDGE_CURVE('',#9116,#9980,#10004,.T.);
#10004 = SURFACE_CURVE('',#10005,(#10010,#10017),.PCURVE_S1.);
#10005 = CIRCLE('',#10006,1.6);
#10006 = AXIS2_PLACEMENT_3D('',#10007,#10008,#10009);
#10007 = CARTESIAN_POINT('',(-0.355940257498,7.427329952606,-9.));
#10008 = DIRECTION('',(0.,0.,1.));
#10009 = DIRECTION('',(1.,0.,-0.));
#10010 = PCURVE('',#5876,#10011);
#10011 = DEFINITIONAL_REPRESENTATION('',(#10012),#10016);
#10012 = CIRCLE('',#10013,1.6);
#10013 = AXIS2_PLACEMENT_2D('',#10014,#10015);
#10014 = CARTESIAN_POINT('',(-0.355940257498,7.427329952606));
#10015 = DIRECTION('',(1.,0.));
#10016 = ( GEOMETRIC_REPRESENTATION_CONTEXT(2) 
PARAMETRIC_REPRESENTATION_CONTEXT() REPRESENTATION_CONTEXT('2D SPACE',''
  ) );
#10017 = PCURVE('',#8151,#10018);
#10018 = DEFINITIONAL_REPRESENTATION('',(#10019),#10023);
#10019 = LINE('',#10020,#10021);
#10020 = CARTESIAN_POINT('',(0.,1.));
#10021 = VECTOR('',#10022,1.);
#10022 = DIRECTION('',(1.,0.));
#10023 = ( GEOMETRIC_REPRESENTATION_CONTEXT(2) 
PARAMETRIC_REPRESENTATION_CONTEXT() REPRESENTATION_CONTEXT('2D SPACE',''
  ) );
#10024 = ADVANCED_FACE('',(#10025),#5941,.F.);
#10025 = FACE_BOUND('',#10026,.F.);
#10026 = EDGE_LOOP('',(#10027,#10046,#10047,#10066));
#10027 = ORIENTED_EDGE('',*,*,#10028,.F.);
#10028 = EDGE_CURVE('',#8170,#5923,#10029,.T.);
#10029 = SURFACE_CURVE('',#10030,(#10034,#10040),.PCURVE_S1.);
#10030 = LINE('',#10031,#10032);
#10031 = CARTESIAN_POINT('',(-4.149827862504,-8.431295254441,-10.));
#10032 = VECTOR('',#10033,1.);
#10033 = DIRECTION('',(0.,0.,1.));
#10034 = PCURVE('',#5941,#10035);
#10035 = DEFINITIONAL_REPRESENTATION('',(#10036),#10039);
#10036 = B_SPLINE_CURVE_WITH_KNOTS('',1,(#10037,#10038),.UNSPECIFIED.,
  .F.,.F.,(2,2),(0.,20.),.PIECEWISE_BEZIER_KNOTS.);
#10037 = CARTESIAN_POINT('',(3.922843271151,0.));
#10038 = CARTESIAN_POINT('',(3.922843271151,20.));
#10039 = ( GEOMETRIC_REPRESENTATION_CONTEXT(2) 
PARAMETRIC_REPRESENTATION_CONTEXT() REPRESENTATION_CONTEXT('2D SPACE',''
  ) );
#10040 = PCURVE('',#5970,#10041);
#10041 = DEFINITIONAL_REPRESENTATION('',(#10042),#10045);
#10042 = B_SPLINE_CURVE_WITH_KNOTS('',1,(#10043,#10044),.UNSPECIFIED.,
  .F.,.F.,(2,2),(-5.999999999062E-07,20.0000006),
  .PIECEWISE_BEZIER_KNOTS.);
#10043 = CARTESIAN_POINT('',(4.317248064287,-5.999999999062E-07));
#10044 = CARTESIAN_POINT('',(4.317248064287,20.0000006));
#10045 = ( GEOMETRIC_REPRESENTATION_CONTEXT(2) 
PARAMETRIC_REPRESENTATION_CONTEXT() REPRESENTATION_CONTEXT('2D SPACE',''
  ) );
#10046 = ORIENTED_EDGE('',*,*,#8169,.T.);
#10047 = ORIENTED_EDGE('',*,*,#10048,.T.);
#10048 = EDGE_CURVE('',#8172,#5925,#10049,.T.);
#10049 = SURFACE_CURVE('',#10050,(#10054,#10060),.PCURVE_S1.);
#10050 = LINE('',#10051,#10052);
#10051 = CARTESIAN_POINT('',(-2.397873144488,-5.827918807282,-10.));
#10052 = VECTOR('',#10053,1.);
#10053 = DIRECTION('',(0.,0.,1.));
#10054 = PCURVE('',#5941,#10055);
#10055 = DEFINITIONAL_REPRESENTATION('',(#10056),#10059);
#10056 = B_SPLINE_CURVE_WITH_KNOTS('',1,(#10057,#10058),.UNSPECIFIED.,
  .F.,.F.,(2,2),(0.,20.),.PIECEWISE_BEZIER_KNOTS.);
#10057 = CARTESIAN_POINT('',(7.458840717877,0.));
#10058 = CARTESIAN_POINT('',(7.458840717877,20.));
#10059 = ( GEOMETRIC_REPRESENTATION_CONTEXT(2) 
PARAMETRIC_REPRESENTATION_CONTEXT() REPRESENTATION_CONTEXT('2D SPACE',''
  ) );
#10060 = PCURVE('',#7012,#10061);
#10061 = DEFINITIONAL_REPRESENTATION('',(#10062),#10065);
#10062 = B_SPLINE_CURVE_WITH_KNOTS('',1,(#10063,#10064),.UNSPECIFIED.,
  .F.,.F.,(2,2),(-5.999999999062E-07,20.0000006),
  .PIECEWISE_BEZIER_KNOTS.);
#10063 = CARTESIAN_POINT('',(0.781250617561,-5.999999999062E-07));
#10064 = CARTESIAN_POINT('',(0.781250617561,20.0000006));
#10065 = ( GEOMETRIC_REPRESENTATION_CONTEXT(2) 
PARAMETRIC_REPRESENTATION_CONTEXT() REPRESENTATION_CONTEXT('2D SPACE',''
  ) );
#10066 = ORIENTED_EDGE('',*,*,#5922,.F.);
#10067 = ADVANCED_FACE('',(#10068),#5970,.F.);
#10068 = FACE_BOUND('',#10069,.F.);
#10069 = EDGE_LOOP('',(#10070,#10071,#10072,#10073));
#10070 = ORIENTED_EDGE('',*,*,#8195,.T.);
#10071 = ORIENTED_EDGE('',*,*,#10028,.T.);
#10072 = ORIENTED_EDGE('',*,*,#5953,.F.);
#10073 = ORIENTED_EDGE('',*,*,#10074,.F.);
#10074 = EDGE_CURVE('',#8196,#5954,#10075,.T.);
#10075 = SURFACE_CURVE('',#10076,(#10080,#10086),.PCURVE_S1.);
#10076 = LINE('',#10077,#10078);
#10077 = CARTESIAN_POINT('',(-4.748570145933,-7.996048620045,-10.));
#10078 = VECTOR('',#10079,1.);
#10079 = DIRECTION('',(0.,0.,1.));
#10080 = PCURVE('',#5970,#10081);
#10081 = DEFINITIONAL_REPRESENTATION('',(#10082),#10085);
#10082 = B_SPLINE_CURVE_WITH_KNOTS('',1,(#10083,#10084),.UNSPECIFIED.,
  .F.,.F.,(2,2),(-5.999999999062E-07,20.0000006),
  .PIECEWISE_BEZIER_KNOTS.);
#10083 = CARTESIAN_POINT('',(3.850379369438,-5.999999999062E-07));
#10084 = CARTESIAN_POINT('',(3.850379369438,20.0000006));
#10085 = ( GEOMETRIC_REPRESENTATION_CONTEXT(2) 
PARAMETRIC_REPRESENTATION_CONTEXT() REPRESENTATION_CONTEXT('2D SPACE',''
  ) );
#10086 = PCURVE('',#5999,#10087);
#10087 = DEFINITIONAL_REPRESENTATION('',(#10088),#10091);
#10088 = B_SPLINE_CURVE_WITH_KNOTS('',1,(#10089,#10090),.UNSPECIFIED.,
  .F.,.F.,(2,2),(-5.999999999062E-07,20.0000006),
  .PIECEWISE_BEZIER_KNOTS.);
#10089 = CARTESIAN_POINT('',(4.244768944555,-5.999999999062E-07));
#10090 = CARTESIAN_POINT('',(4.244768944555,20.0000006));
#10091 = ( GEOMETRIC_REPRESENTATION_CONTEXT(2) 
PARAMETRIC_REPRESENTATION_CONTEXT() REPRESENTATION_CONTEXT('2D SPACE',''
  ) );
#10092 = ADVANCED_FACE('',(#10093),#7012,.F.);
#10093 = FACE_BOUND('',#10094,.F.);
#10094 = EDGE_LOOP('',(#10095,#10096,#10097,#10098));
#10095 = ORIENTED_EDGE('',*,*,#6997,.F.);
#10096 = ORIENTED_EDGE('',*,*,#10048,.F.);
#10097 = ORIENTED_EDGE('',*,*,#9059,.T.);
#10098 = ORIENTED_EDGE('',*,*,#10099,.T.);
#10099 = EDGE_CURVE('',#9036,#6969,#10100,.T.);
#10100 = SURFACE_CURVE('',#10101,(#10105,#10111),.PCURVE_S1.);
#10101 = LINE('',#10102,#10103);
#10102 = CARTESIAN_POINT('',(-2.812705695725,-5.526357742732,-10.));
#10103 = VECTOR('',#10104,1.);
#10104 = DIRECTION('',(0.,0.,1.));
#10105 = PCURVE('',#7012,#10106);
#10106 = DEFINITIONAL_REPRESENTATION('',(#10107),#10110);
#10107 = B_SPLINE_CURVE_WITH_KNOTS('',1,(#10108,#10109),.UNSPECIFIED.,
  .F.,.F.,(2,2),(-5.999999999062E-07,20.0000006),
  .PIECEWISE_BEZIER_KNOTS.);
#10108 = CARTESIAN_POINT('',(1.103176290965,-5.999999999062E-07));
#10109 = CARTESIAN_POINT('',(1.103176290965,20.0000006));
#10110 = ( GEOMETRIC_REPRESENTATION_CONTEXT(2) 
PARAMETRIC_REPRESENTATION_CONTEXT() REPRESENTATION_CONTEXT('2D SPACE',''
  ) );
#10111 = PCURVE('',#6985,#10112);
#10112 = DEFINITIONAL_REPRESENTATION('',(#10113),#10116);
#10113 = B_SPLINE_CURVE_WITH_KNOTS('',1,(#10114,#10115),.UNSPECIFIED.,
  .F.,.F.,(2,2),(-5.999999999062E-07,20.0000006),
  .PIECEWISE_BEZIER_KNOTS.);
#10114 = CARTESIAN_POINT('',(0.708786715848,-5.999999999062E-07));
#10115 = CARTESIAN_POINT('',(0.708786715848,20.0000006));
#10116 = ( GEOMETRIC_REPRESENTATION_CONTEXT(2) 
PARAMETRIC_REPRESENTATION_CONTEXT() REPRESENTATION_CONTEXT('2D SPACE',''
  ) );
#10117 = ADVANCED_FACE('',(#10118),#5999,.F.);
#10118 = FACE_BOUND('',#10119,.F.);
#10119 = EDGE_LOOP('',(#10120,#10121,#10122,#10123));
#10120 = ORIENTED_EDGE('',*,*,#8219,.T.);
#10121 = ORIENTED_EDGE('',*,*,#10074,.T.);
#10122 = ORIENTED_EDGE('',*,*,#5982,.F.);
#10123 = ORIENTED_EDGE('',*,*,#10124,.F.);
#10124 = EDGE_CURVE('',#8220,#5983,#10125,.T.);
#10125 = SURFACE_CURVE('',#10126,(#10130,#10136),.PCURVE_S1.);
#10126 = LINE('',#10127,#10128);
#10127 = CARTESIAN_POINT('',(-5.327668626694,-7.500111351162,-10.));
#10128 = VECTOR('',#10129,1.);
#10129 = DIRECTION('',(0.,0.,1.));
#10130 = PCURVE('',#5999,#10131);
#10131 = DEFINITIONAL_REPRESENTATION('',(#10132),#10135);
#10132 = B_SPLINE_CURVE_WITH_KNOTS('',1,(#10133,#10134),.UNSPECIFIED.,
  .F.,.F.,(2,2),(-5.999999999062E-07,20.0000006),
  .PIECEWISE_BEZIER_KNOTS.);
#10133 = CARTESIAN_POINT('',(3.763618576751,-5.999999999062E-07));
#10134 = CARTESIAN_POINT('',(3.763618576751,20.0000006));
#10135 = ( GEOMETRIC_REPRESENTATION_CONTEXT(2) 
PARAMETRIC_REPRESENTATION_CONTEXT() REPRESENTATION_CONTEXT('2D SPACE',''
  ) );
#10136 = PCURVE('',#6028,#10137);
#10137 = DEFINITIONAL_REPRESENTATION('',(#10138),#10141);
#10138 = B_SPLINE_CURVE_WITH_KNOTS('',1,(#10139,#10140),.UNSPECIFIED.,
  .F.,.F.,(2,2),(-5.999999999062E-07,20.0000006),
  .PIECEWISE_BEZIER_KNOTS.);
#10139 = CARTESIAN_POINT('',(4.157976632369,-5.999999999062E-07));
#10140 = CARTESIAN_POINT('',(4.157976632369,20.0000006));
#10141 = ( GEOMETRIC_REPRESENTATION_CONTEXT(2) 
PARAMETRIC_REPRESENTATION_CONTEXT() REPRESENTATION_CONTEXT('2D SPACE',''
  ) );
#10142 = ADVANCED_FACE('',(#10143),#6985,.F.);
#10143 = FACE_BOUND('',#10144,.F.);
#10144 = EDGE_LOOP('',(#10145,#10146,#10147,#10148));
#10145 = ORIENTED_EDGE('',*,*,#6968,.F.);
#10146 = ORIENTED_EDGE('',*,*,#10099,.F.);
#10147 = ORIENTED_EDGE('',*,*,#9035,.T.);
#10148 = ORIENTED_EDGE('',*,*,#10149,.T.);
#10149 = EDGE_CURVE('',#9012,#6940,#10150,.T.);
#10150 = SURFACE_CURVE('',#10151,(#10155,#10161),.PCURVE_S1.);
#10151 = LINE('',#10152,#10153);
#10152 = CARTESIAN_POINT('',(-3.185039157545,-5.20748291114,-10.));
#10153 = VECTOR('',#10154,1.);
#10154 = DIRECTION('',(0.,0.,1.));
#10155 = PCURVE('',#6985,#10156);
#10156 = DEFINITIONAL_REPRESENTATION('',(#10157),#10160);
#10157 = B_SPLINE_CURVE_WITH_KNOTS('',1,(#10158,#10159),.UNSPECIFIED.,
  .F.,.F.,(2,2),(-5.999999999062E-07,20.0000006),
  .PIECEWISE_BEZIER_KNOTS.);
#10158 = CARTESIAN_POINT('',(1.016383978779,-5.999999999062E-07));
#10159 = CARTESIAN_POINT('',(1.016383978779,20.0000006));
#10160 = ( GEOMETRIC_REPRESENTATION_CONTEXT(2) 
PARAMETRIC_REPRESENTATION_CONTEXT() REPRESENTATION_CONTEXT('2D SPACE',''
  ) );
#10161 = PCURVE('',#6956,#10162);
#10162 = DEFINITIONAL_REPRESENTATION('',(#10163),#10166);
#10163 = B_SPLINE_CURVE_WITH_KNOTS('',1,(#10164,#10165),.UNSPECIFIED.,
  .F.,.F.,(2,2),(-5.999999999062E-07,20.0000006),
  .PIECEWISE_BEZIER_KNOTS.);
#10164 = CARTESIAN_POINT('',(0.622025923161,-5.999999999062E-07));
#10165 = CARTESIAN_POINT('',(0.622025923161,20.0000006));
#10166 = ( GEOMETRIC_REPRESENTATION_CONTEXT(2) 
PARAMETRIC_REPRESENTATION_CONTEXT() REPRESENTATION_CONTEXT('2D SPACE',''
  ) );
#10167 = ADVANCED_FACE('',(#10168),#6028,.F.);
#10168 = FACE_BOUND('',#10169,.F.);
#10169 = EDGE_LOOP('',(#10170,#10171,#10172,#10173));
#10170 = ORIENTED_EDGE('',*,*,#8243,.T.);
#10171 = ORIENTED_EDGE('',*,*,#10124,.T.);
#10172 = ORIENTED_EDGE('',*,*,#6011,.F.);
#10173 = ORIENTED_EDGE('',*,*,#10174,.F.);
#10174 = EDGE_CURVE('',#8244,#6012,#10175,.T.);
#10175 = SURFACE_CURVE('',#10176,(#10180,#10186),.PCURVE_S1.);
#10176 = LINE('',#10177,#10178);
#10177 = CARTESIAN_POINT('',(-5.853879233003,-6.968721318015,-10.));
#10178 = VECTOR('',#10179,1.);
#10179 = DIRECTION('',(0.,0.,1.));
#10180 = PCURVE('',#6028,#10181);
#10181 = DEFINITIONAL_REPRESENTATION('',(#10182),#10185);
#10182 = B_SPLINE_CURVE_WITH_KNOTS('',1,(#10183,#10184),.UNSPECIFIED.,
  .F.,.F.,(2,2),(-5.999999999062E-07,20.0000006),
  .PIECEWISE_BEZIER_KNOTS.);
#10183 = CARTESIAN_POINT('',(3.686210405729,-5.999999999062E-07));
#10184 = CARTESIAN_POINT('',(3.686210405729,20.0000006));
#10185 = ( GEOMETRIC_REPRESENTATION_CONTEXT(2) 
PARAMETRIC_REPRESENTATION_CONTEXT() REPRESENTATION_CONTEXT('2D SPACE',''
  ) );
#10186 = PCURVE('',#6057,#10187);
#10187 = DEFINITIONAL_REPRESENTATION('',(#10188),#10191);
#10188 = B_SPLINE_CURVE_WITH_KNOTS('',1,(#10189,#10190),.UNSPECIFIED.,
  .F.,.F.,(2,2),(-5.999999999062E-07,20.0000006),
  .PIECEWISE_BEZIER_KNOTS.);
#10189 = CARTESIAN_POINT('',(4.080593475102,-5.999999999062E-07));
#10190 = CARTESIAN_POINT('',(4.080593475102,20.0000006));
#10191 = ( GEOMETRIC_REPRESENTATION_CONTEXT(2) 
PARAMETRIC_REPRESENTATION_CONTEXT() REPRESENTATION_CONTEXT('2D SPACE',''
  ) );
#10192 = ADVANCED_FACE('',(#10193),#6956,.F.);
#10193 = FACE_BOUND('',#10194,.F.);
#10194 = EDGE_LOOP('',(#10195,#10196,#10197,#10198));
#10195 = ORIENTED_EDGE('',*,*,#6939,.F.);
#10196 = ORIENTED_EDGE('',*,*,#10149,.F.);
#10197 = ORIENTED_EDGE('',*,*,#9011,.T.);
#10198 = ORIENTED_EDGE('',*,*,#10199,.T.);
#10199 = EDGE_CURVE('',#8988,#6911,#10200,.T.);
#10200 = SURFACE_CURVE('',#10201,(#10205,#10211),.PCURVE_S1.);
#10201 = LINE('',#10202,#10203);
#10202 = CARTESIAN_POINT('',(-3.540407204719,-4.848625996509,-10.));
#10203 = VECTOR('',#10204,1.);
#10204 = DIRECTION('',(0.,0.,1.));
#10205 = PCURVE('',#6956,#10206);
#10206 = DEFINITIONAL_REPRESENTATION('',(#10207),#10210);
#10207 = B_SPLINE_CURVE_WITH_KNOTS('',1,(#10208,#10209),.UNSPECIFIED.,
  .F.,.F.,(2,2),(-5.999999999062E-07,20.0000006),
  .PIECEWISE_BEZIER_KNOTS.);
#10208 = CARTESIAN_POINT('',(0.939000821512,-5.999999999062E-07));
#10209 = CARTESIAN_POINT('',(0.939000821512,20.0000006));
#10210 = ( GEOMETRIC_REPRESENTATION_CONTEXT(2) 
PARAMETRIC_REPRESENTATION_CONTEXT() REPRESENTATION_CONTEXT('2D SPACE',''
  ) );
#10211 = PCURVE('',#6927,#10212);
#10212 = DEFINITIONAL_REPRESENTATION('',(#10213),#10216);
#10213 = B_SPLINE_CURVE_WITH_KNOTS('',1,(#10214,#10215),.UNSPECIFIED.,
  .F.,.F.,(2,2),(-5.999999999062E-07,20.0000006),
  .PIECEWISE_BEZIER_KNOTS.);
#10214 = CARTESIAN_POINT('',(0.544617752139,-5.999999999062E-07));
#10215 = CARTESIAN_POINT('',(0.544617752139,20.0000006));
#10216 = ( GEOMETRIC_REPRESENTATION_CONTEXT(2) 
PARAMETRIC_REPRESENTATION_CONTEXT() REPRESENTATION_CONTEXT('2D SPACE',''
  ) );
#10217 = ADVANCED_FACE('',(#10218),#6057,.F.);
#10218 = FACE_BOUND('',#10219,.F.);
#10219 = EDGE_LOOP('',(#10220,#10221,#10222,#10223));
#10220 = ORIENTED_EDGE('',*,*,#8267,.T.);
#10221 = ORIENTED_EDGE('',*,*,#10174,.T.);
#10222 = ORIENTED_EDGE('',*,*,#6040,.F.);
#10223 = ORIENTED_EDGE('',*,*,#10224,.F.);
#10224 = EDGE_CURVE('',#8268,#6041,#10225,.T.);
#10225 = SURFACE_CURVE('',#10226,(#10230,#10236),.PCURVE_S1.);
#10226 = LINE('',#10227,#10228);
#10227 = CARTESIAN_POINT('',(-6.344338596142,-6.384392897887,-10.));
#10228 = VECTOR('',#10229,1.);
#10229 = DIRECTION('',(0.,0.,1.));
#10230 = PCURVE('',#6057,#10231);
#10231 = DEFINITIONAL_REPRESENTATION('',(#10232),#10235);
#10232 = B_SPLINE_CURVE_WITH_KNOTS('',1,(#10233,#10234),.UNSPECIFIED.,
  .F.,.F.,(2,2),(-5.999999999062E-07,20.0000006),
  .PIECEWISE_BEZIER_KNOTS.);
#10233 = CARTESIAN_POINT('',(3.599155676336,-5.999999999062E-07));
#10234 = CARTESIAN_POINT('',(3.599155676336,20.0000006));
#10235 = ( GEOMETRIC_REPRESENTATION_CONTEXT(2) 
PARAMETRIC_REPRESENTATION_CONTEXT() REPRESENTATION_CONTEXT('2D SPACE',''
  ) );
#10236 = PCURVE('',#6086,#10237);
#10237 = DEFINITIONAL_REPRESENTATION('',(#10238),#10241);
#10238 = B_SPLINE_CURVE_WITH_KNOTS('',1,(#10239,#10240),.UNSPECIFIED.,
  .F.,.F.,(2,2),(-5.999999999062E-07,20.0000006),
  .PIECEWISE_BEZIER_KNOTS.);
#10239 = CARTESIAN_POINT('',(3.993494813621,-5.999999999062E-07));
#10240 = CARTESIAN_POINT('',(3.993494813621,20.0000006));
#10241 = ( GEOMETRIC_REPRESENTATION_CONTEXT(2) 
PARAMETRIC_REPRESENTATION_CONTEXT() REPRESENTATION_CONTEXT('2D SPACE',''
  ) );
#10242 = ADVANCED_FACE('',(#10243),#6927,.F.);
#10243 = FACE_BOUND('',#10244,.F.);
#10244 = EDGE_LOOP('',(#10245,#10246,#10247,#10248));
#10245 = ORIENTED_EDGE('',*,*,#6910,.F.);
#10246 = ORIENTED_EDGE('',*,*,#10199,.F.);
#10247 = ORIENTED_EDGE('',*,*,#8987,.T.);
#10248 = ORIENTED_EDGE('',*,*,#10249,.T.);
#10249 = EDGE_CURVE('',#8964,#6882,#10250,.T.);
#10250 = SURFACE_CURVE('',#10251,(#10255,#10261),.PCURVE_S1.);
#10251 = LINE('',#10252,#10253);
#10252 = CARTESIAN_POINT('',(-3.8552431972,-4.473516785728,-10.));
#10253 = VECTOR('',#10254,1.);
#10254 = DIRECTION('',(0.,0.,1.));
#10255 = PCURVE('',#6927,#10256);
#10256 = DEFINITIONAL_REPRESENTATION('',(#10257),#10260);
#10257 = B_SPLINE_CURVE_WITH_KNOTS('',1,(#10258,#10259),.UNSPECIFIED.,
  .F.,.F.,(2,2),(-5.999999999062E-07,20.0000006),
  .PIECEWISE_BEZIER_KNOTS.);
#10258 = CARTESIAN_POINT('',(0.851902160031,-5.999999999062E-07));
#10259 = CARTESIAN_POINT('',(0.851902160031,20.0000006));
#10260 = ( GEOMETRIC_REPRESENTATION_CONTEXT(2) 
PARAMETRIC_REPRESENTATION_CONTEXT() REPRESENTATION_CONTEXT('2D SPACE',''
  ) );
#10261 = PCURVE('',#6898,#10262);
#10262 = DEFINITIONAL_REPRESENTATION('',(#10263),#10266);
#10263 = B_SPLINE_CURVE_WITH_KNOTS('',1,(#10264,#10265),.UNSPECIFIED.,
  .F.,.F.,(2,2),(-5.999999999062E-07,20.0000006),
  .PIECEWISE_BEZIER_KNOTS.);
#10264 = CARTESIAN_POINT('',(0.457563022746,-5.999999999062E-07));
#10265 = CARTESIAN_POINT('',(0.457563022746,20.0000006));
#10266 = ( GEOMETRIC_REPRESENTATION_CONTEXT(2) 
PARAMETRIC_REPRESENTATION_CONTEXT() REPRESENTATION_CONTEXT('2D SPACE',''
  ) );
#10267 = ADVANCED_FACE('',(#10268),#6086,.F.);
#10268 = FACE_BOUND('',#10269,.F.);
#10269 = EDGE_LOOP('',(#10270,#10271,#10272,#10273));
#10270 = ORIENTED_EDGE('',*,*,#8291,.T.);
#10271 = ORIENTED_EDGE('',*,*,#10224,.T.);
#10272 = ORIENTED_EDGE('',*,*,#6069,.F.);
#10273 = ORIENTED_EDGE('',*,*,#10274,.F.);
#10274 = EDGE_CURVE('',#8292,#6070,#10275,.T.);
#10275 = SURFACE_CURVE('',#10276,(#10280,#10286),.PCURVE_S1.);
#10276 = LINE('',#10277,#10278);
#10277 = CARTESIAN_POINT('',(-6.778066409882,-5.769917481471,-10.));
#10278 = VECTOR('',#10279,1.);
#10279 = DIRECTION('',(0.,0.,1.));
#10280 = PCURVE('',#6086,#10281);
#10281 = DEFINITIONAL_REPRESENTATION('',(#10282),#10285);
#10282 = B_SPLINE_CURVE_WITH_KNOTS('',1,(#10283,#10284),.UNSPECIFIED.,
  .F.,.F.,(2,2),(-5.999999999062E-07,20.0000006),
  .PIECEWISE_BEZIER_KNOTS.);
#10283 = CARTESIAN_POINT('',(3.518973950618,-5.999999999062E-07));
#10284 = CARTESIAN_POINT('',(3.518973950618,20.0000006));
#10285 = ( GEOMETRIC_REPRESENTATION_CONTEXT(2) 
PARAMETRIC_REPRESENTATION_CONTEXT() REPRESENTATION_CONTEXT('2D SPACE',''
  ) );
#10286 = PCURVE('',#6115,#10287);
#10287 = DEFINITIONAL_REPRESENTATION('',(#10288),#10291);
#10288 = B_SPLINE_CURVE_WITH_KNOTS('',1,(#10289,#10290),.UNSPECIFIED.,
  .F.,.F.,(2,2),(-5.999999999062E-07,20.0000006),
  .PIECEWISE_BEZIER_KNOTS.);
#10289 = CARTESIAN_POINT('',(3.913355098692,-5.999999999062E-07));
#10290 = CARTESIAN_POINT('',(3.913355098692,20.0000006));
#10291 = ( GEOMETRIC_REPRESENTATION_CONTEXT(2) 
PARAMETRIC_REPRESENTATION_CONTEXT() REPRESENTATION_CONTEXT('2D SPACE',''
  ) );
#10292 = ADVANCED_FACE('',(#10293),#6898,.F.);
#10293 = FACE_BOUND('',#10294,.F.);
#10294 = EDGE_LOOP('',(#10295,#10296,#10297,#10298));
#10295 = ORIENTED_EDGE('',*,*,#6881,.F.);
#10296 = ORIENTED_EDGE('',*,*,#10249,.F.);
#10297 = ORIENTED_EDGE('',*,*,#8963,.T.);
#10298 = ORIENTED_EDGE('',*,*,#10299,.T.);
#10299 = EDGE_CURVE('',#8940,#6853,#10300,.T.);
#10300 = SURFACE_CURVE('',#10301,(#10305,#10311),.PCURVE_S1.);
#10301 = LINE('',#10302,#10303);
#10302 = CARTESIAN_POINT('',(-4.143961712427,-4.064498699898,-10.));
#10303 = VECTOR('',#10304,1.);
#10304 = DIRECTION('',(0.,0.,1.));
#10305 = PCURVE('',#6898,#10306);
#10306 = DEFINITIONAL_REPRESENTATION('',(#10307),#10310);
#10307 = B_SPLINE_CURVE_WITH_KNOTS('',1,(#10308,#10309),.UNSPECIFIED.,
  .F.,.F.,(2,2),(-5.999999999062E-07,20.0000006),
  .PIECEWISE_BEZIER_KNOTS.);
#10308 = CARTESIAN_POINT('',(0.771762445102,-5.999999999062E-07));
#10309 = CARTESIAN_POINT('',(0.771762445102,20.0000006));
#10310 = ( GEOMETRIC_REPRESENTATION_CONTEXT(2) 
PARAMETRIC_REPRESENTATION_CONTEXT() REPRESENTATION_CONTEXT('2D SPACE',''
  ) );
#10311 = PCURVE('',#6869,#10312);
#10312 = DEFINITIONAL_REPRESENTATION('',(#10313),#10316);
#10313 = B_SPLINE_CURVE_WITH_KNOTS('',1,(#10314,#10315),.UNSPECIFIED.,
  .F.,.F.,(2,2),(-5.999999999062E-07,20.0000006),
  .PIECEWISE_BEZIER_KNOTS.);
#10314 = CARTESIAN_POINT('',(0.377381297028,-5.999999999062E-07));
#10315 = CARTESIAN_POINT('',(0.377381297028,20.0000006));
#10316 = ( GEOMETRIC_REPRESENTATION_CONTEXT(2) 
PARAMETRIC_REPRESENTATION_CONTEXT() REPRESENTATION_CONTEXT('2D SPACE',''
  ) );
#10317 = ADVANCED_FACE('',(#10318),#6115,.F.);
#10318 = FACE_BOUND('',#10319,.F.);
#10319 = EDGE_LOOP('',(#10320,#10321,#10322,#10323));
#10320 = ORIENTED_EDGE('',*,*,#8315,.T.);
#10321 = ORIENTED_EDGE('',*,*,#10274,.T.);
#10322 = ORIENTED_EDGE('',*,*,#6098,.F.);
#10323 = ORIENTED_EDGE('',*,*,#10324,.F.);
#10324 = EDGE_CURVE('',#8316,#6099,#10325,.T.);
#10325 = SURFACE_CURVE('',#10326,(#10330,#10336),.PCURVE_S1.);
#10326 = LINE('',#10327,#10328);
#10327 = CARTESIAN_POINT('',(-7.165547522754,-5.108294301438,-10.));
#10328 = VECTOR('',#10329,1.);
#10329 = DIRECTION('',(0.,0.,1.));
#10330 = PCURVE('',#6115,#10331);
#10331 = DEFINITIONAL_REPRESENTATION('',(#10332),#10335);
#10332 = B_SPLINE_CURVE_WITH_KNOTS('',1,(#10333,#10334),.UNSPECIFIED.,
  .F.,.F.,(2,2),(-5.999999999062E-07,20.0000006),
  .PIECEWISE_BEZIER_KNOTS.);
#10333 = CARTESIAN_POINT('',(3.429435985206,-5.999999999062E-07));
#10334 = CARTESIAN_POINT('',(3.429435985206,20.0000006));
#10335 = ( GEOMETRIC_REPRESENTATION_CONTEXT(2) 
PARAMETRIC_REPRESENTATION_CONTEXT() REPRESENTATION_CONTEXT('2D SPACE',''
  ) );
#10336 = PCURVE('',#6144,#10337);
#10337 = DEFINITIONAL_REPRESENTATION('',(#10338),#10341);
#10338 = B_SPLINE_CURVE_WITH_KNOTS('',1,(#10339,#10340),.UNSPECIFIED.,
  .F.,.F.,(2,2),(-5.999999999062E-07,20.0000006),
  .PIECEWISE_BEZIER_KNOTS.);
#10339 = CARTESIAN_POINT('',(3.823771155918,-5.999999999062E-07));
#10340 = CARTESIAN_POINT('',(3.823771155918,20.0000006));
#10341 = ( GEOMETRIC_REPRESENTATION_CONTEXT(2) 
PARAMETRIC_REPRESENTATION_CONTEXT() REPRESENTATION_CONTEXT('2D SPACE',''
  ) );
#10342 = ADVANCED_FACE('',(#10343),#6869,.F.);
#10343 = FACE_BOUND('',#10344,.F.);
#10344 = EDGE_LOOP('',(#10345,#10346,#10347,#10348));
#10345 = ORIENTED_EDGE('',*,*,#6852,.F.);
#10346 = ORIENTED_EDGE('',*,*,#10299,.F.);
#10347 = ORIENTED_EDGE('',*,*,#8939,.T.);
#10348 = ORIENTED_EDGE('',*,*,#10349,.T.);
#10349 = EDGE_CURVE('',#8916,#6824,#10350,.T.);
#10350 = SURFACE_CURVE('',#10351,(#10355,#10361),.PCURVE_S1.);
#10351 = LINE('',#10352,#10353);
#10352 = CARTESIAN_POINT('',(-4.38945248548,-3.645301626246,-10.));
#10353 = VECTOR('',#10354,1.);
#10354 = DIRECTION('',(0.,0.,1.));
#10355 = PCURVE('',#6869,#10356);
#10356 = DEFINITIONAL_REPRESENTATION('',(#10357),#10360);
#10357 = B_SPLINE_CURVE_WITH_KNOTS('',1,(#10358,#10359),.UNSPECIFIED.,
  .F.,.F.,(2,2),(-5.999999999062E-07,20.0000006),
  .PIECEWISE_BEZIER_KNOTS.);
#10358 = CARTESIAN_POINT('',(0.682178502328,-5.999999999062E-07));
#10359 = CARTESIAN_POINT('',(0.682178502328,20.0000006));
#10360 = ( GEOMETRIC_REPRESENTATION_CONTEXT(2) 
PARAMETRIC_REPRESENTATION_CONTEXT() REPRESENTATION_CONTEXT('2D SPACE',''
  ) );
#10361 = PCURVE('',#6840,#10362);
#10362 = DEFINITIONAL_REPRESENTATION('',(#10363),#10366);
#10363 = B_SPLINE_CURVE_WITH_KNOTS('',1,(#10364,#10365),.UNSPECIFIED.,
  .F.,.F.,(2,2),(-5.999999999062E-07,20.0000006),
  .PIECEWISE_BEZIER_KNOTS.);
#10364 = CARTESIAN_POINT('',(0.287843331616,-5.999999999062E-07));
#10365 = CARTESIAN_POINT('',(0.287843331616,20.0000006));
#10366 = ( GEOMETRIC_REPRESENTATION_CONTEXT(2) 
PARAMETRIC_REPRESENTATION_CONTEXT() REPRESENTATION_CONTEXT('2D SPACE',''
  ) );
#10367 = ADVANCED_FACE('',(#10368),#6144,.F.);
#10368 = FACE_BOUND('',#10369,.F.);
#10369 = EDGE_LOOP('',(#10370,#10371,#10372,#10373));
#10370 = ORIENTED_EDGE('',*,*,#8339,.T.);
#10371 = ORIENTED_EDGE('',*,*,#10324,.T.);
#10372 = ORIENTED_EDGE('',*,*,#6127,.F.);
#10373 = ORIENTED_EDGE('',*,*,#10374,.F.);
#10374 = EDGE_CURVE('',#8340,#6128,#10375,.T.);
#10375 = SURFACE_CURVE('',#10376,(#10380,#10386),.PCURVE_S1.);
#10376 = LINE('',#10377,#10378);
#10377 = CARTESIAN_POINT('',(-7.489452775034,-4.428433990452,-10.));
#10378 = VECTOR('',#10379,1.);
#10379 = DIRECTION('',(0.,0.,1.));
#10380 = PCURVE('',#6144,#10381);
#10381 = DEFINITIONAL_REPRESENTATION('',(#10382),#10385);
#10382 = B_SPLINE_CURVE_WITH_KNOTS('',1,(#10383,#10384),.UNSPECIFIED.,
  .F.,.F.,(2,2),(-5.999999999062E-07,20.0000006),
  .PIECEWISE_BEZIER_KNOTS.);
#10383 = CARTESIAN_POINT('',(3.348641605641,-5.999999999062E-07));
#10384 = CARTESIAN_POINT('',(3.348641605641,20.0000006));
#10385 = ( GEOMETRIC_REPRESENTATION_CONTEXT(2) 
PARAMETRIC_REPRESENTATION_CONTEXT() REPRESENTATION_CONTEXT('2D SPACE',''
  ) );
#10386 = PCURVE('',#6173,#10387);
#10387 = DEFINITIONAL_REPRESENTATION('',(#10388),#10391);
#10388 = B_SPLINE_CURVE_WITH_KNOTS('',1,(#10389,#10390),.UNSPECIFIED.,
  .F.,.F.,(2,2),(-5.999999999062E-07,20.0000006),
  .PIECEWISE_BEZIER_KNOTS.);
#10389 = CARTESIAN_POINT('',(3.743025026984,-5.999999999062E-07));
#10390 = CARTESIAN_POINT('',(3.743025026984,20.0000006));
#10391 = ( GEOMETRIC_REPRESENTATION_CONTEXT(2) 
PARAMETRIC_REPRESENTATION_CONTEXT() REPRESENTATION_CONTEXT('2D SPACE',''
  ) );
#10392 = ADVANCED_FACE('',(#10393),#6840,.F.);
#10393 = FACE_BOUND('',#10394,.F.);
#10394 = EDGE_LOOP('',(#10395,#10396,#10397,#10398));
#10395 = ORIENTED_EDGE('',*,*,#6823,.F.);
#10396 = ORIENTED_EDGE('',*,*,#10349,.F.);
#10397 = ORIENTED_EDGE('',*,*,#8915,.T.);
#10398 = ORIENTED_EDGE('',*,*,#10399,.T.);
#10399 = EDGE_CURVE('',#8892,#6795,#10400,.T.);
#10400 = SURFACE_CURVE('',#10401,(#10405,#10411),.PCURVE_S1.);
#10401 = LINE('',#10402,#10403);
#10402 = CARTESIAN_POINT('',(-4.604384263073,-3.194199010076,-10.));
#10403 = VECTOR('',#10404,1.);
#10404 = DIRECTION('',(0.,0.,1.));
#10405 = PCURVE('',#6840,#10406);
#10406 = DEFINITIONAL_REPRESENTATION('',(#10407),#10410);
#10407 = B_SPLINE_CURVE_WITH_KNOTS('',1,(#10408,#10409),.UNSPECIFIED.,
  .F.,.F.,(2,2),(-5.999999999062E-07,20.0000006),
  .PIECEWISE_BEZIER_KNOTS.);
#10408 = CARTESIAN_POINT('',(0.601432373394,-5.999999999062E-07));
#10409 = CARTESIAN_POINT('',(0.601432373394,20.0000006));
#10410 = ( GEOMETRIC_REPRESENTATION_CONTEXT(2) 
PARAMETRIC_REPRESENTATION_CONTEXT() REPRESENTATION_CONTEXT('2D SPACE',''
  ) );
#10411 = PCURVE('',#6811,#10412);
#10412 = DEFINITIONAL_REPRESENTATION('',(#10413),#10416);
#10413 = B_SPLINE_CURVE_WITH_KNOTS('',1,(#10414,#10415),.UNSPECIFIED.,
  .F.,.F.,(2,2),(-5.999999999062E-07,20.0000006),
  .PIECEWISE_BEZIER_KNOTS.);
#10414 = CARTESIAN_POINT('',(0.207048952051,-5.999999999062E-07));
#10415 = CARTESIAN_POINT('',(0.207048952051,20.0000006));
#10416 = ( GEOMETRIC_REPRESENTATION_CONTEXT(2) 
PARAMETRIC_REPRESENTATION_CONTEXT() REPRESENTATION_CONTEXT('2D SPACE',''
  ) );
#10417 = ADVANCED_FACE('',(#10418),#6173,.F.);
#10418 = FACE_BOUND('',#10419,.F.);
#10419 = EDGE_LOOP('',(#10420,#10421,#10422,#10423));
#10420 = ORIENTED_EDGE('',*,*,#8363,.T.);
#10421 = ORIENTED_EDGE('',*,*,#10374,.T.);
#10422 = ORIENTED_EDGE('',*,*,#6156,.F.);
#10423 = ORIENTED_EDGE('',*,*,#10424,.F.);
#10424 = EDGE_CURVE('',#8364,#6157,#10425,.T.);
#10425 = SURFACE_CURVE('',#10426,(#10430,#10436),.PCURVE_S1.);
#10426 = LINE('',#10427,#10428);
#10427 = CARTESIAN_POINT('',(-7.760035141816,-3.703281513018,-10.));
#10428 = VECTOR('',#10429,1.);
#10429 = DIRECTION('',(0.,0.,1.));
#10430 = PCURVE('',#6173,#10431);
#10431 = DEFINITIONAL_REPRESENTATION('',(#10432),#10435);
#10432 = B_SPLINE_CURVE_WITH_KNOTS('',1,(#10433,#10434),.UNSPECIFIED.,
  .F.,.F.,(2,2),(-5.999999999062E-07,20.0000006),
  .PIECEWISE_BEZIER_KNOTS.);
#10433 = CARTESIAN_POINT('',(3.254435767883,-5.999999999062E-07));
#10434 = CARTESIAN_POINT('',(3.254435767883,20.0000006));
#10435 = ( GEOMETRIC_REPRESENTATION_CONTEXT(2) 
PARAMETRIC_REPRESENTATION_CONTEXT() REPRESENTATION_CONTEXT('2D SPACE',''
  ) );
#10436 = PCURVE('',#6202,#10437);
#10437 = DEFINITIONAL_REPRESENTATION('',(#10438),#10441);
#10438 = B_SPLINE_CURVE_WITH_KNOTS('',1,(#10439,#10440),.UNSPECIFIED.,
  .F.,.F.,(2,2),(-5.999999999062E-07,20.0000006),
  .PIECEWISE_BEZIER_KNOTS.);
#10439 = CARTESIAN_POINT('',(3.648791617126,-5.999999999062E-07));
#10440 = CARTESIAN_POINT('',(3.648791617126,20.0000006));
#10441 = ( GEOMETRIC_REPRESENTATION_CONTEXT(2) 
PARAMETRIC_REPRESENTATION_CONTEXT() REPRESENTATION_CONTEXT('2D SPACE',''
  ) );
#10442 = ADVANCED_FACE('',(#10443),#6811,.F.);
#10443 = FACE_BOUND('',#10444,.F.);
#10444 = EDGE_LOOP('',(#10445,#10446,#10447,#10448));
#10445 = ORIENTED_EDGE('',*,*,#6794,.F.);
#10446 = ORIENTED_EDGE('',*,*,#10399,.F.);
#10447 = ORIENTED_EDGE('',*,*,#8891,.T.);
#10448 = ORIENTED_EDGE('',*,*,#10449,.T.);
#10449 = EDGE_CURVE('',#8868,#6766,#10450,.T.);
#10450 = SURFACE_CURVE('',#10451,(#10455,#10461),.PCURVE_S1.);
#10451 = LINE('',#10452,#10453);
#10452 = CARTESIAN_POINT('',(-4.771637616474,-2.745946265093,-10.));
#10453 = VECTOR('',#10454,1.);
#10454 = DIRECTION('',(0.,0.,1.));
#10455 = PCURVE('',#6811,#10456);
#10456 = DEFINITIONAL_REPRESENTATION('',(#10457),#10460);
#10457 = B_SPLINE_CURVE_WITH_KNOTS('',1,(#10458,#10459),.UNSPECIFIED.,
  .F.,.F.,(2,2),(-5.999999999062E-07,20.0000006),
  .PIECEWISE_BEZIER_KNOTS.);
#10458 = CARTESIAN_POINT('',(0.507198963536,-5.999999999062E-07));
#10459 = CARTESIAN_POINT('',(0.507198963536,20.0000006));
#10460 = ( GEOMETRIC_REPRESENTATION_CONTEXT(2) 
PARAMETRIC_REPRESENTATION_CONTEXT() REPRESENTATION_CONTEXT('2D SPACE',''
  ) );
#10461 = PCURVE('',#6782,#10462);
#10462 = DEFINITIONAL_REPRESENTATION('',(#10463),#10466);
#10463 = B_SPLINE_CURVE_WITH_KNOTS('',1,(#10464,#10465),.UNSPECIFIED.,
  .F.,.F.,(2,2),(-5.999999999062E-07,20.0000006),
  .PIECEWISE_BEZIER_KNOTS.);
#10464 = CARTESIAN_POINT('',(0.112843114293,-5.999999999062E-07));
#10465 = CARTESIAN_POINT('',(0.112843114293,20.0000006));
#10466 = ( GEOMETRIC_REPRESENTATION_CONTEXT(2) 
PARAMETRIC_REPRESENTATION_CONTEXT() REPRESENTATION_CONTEXT('2D SPACE',''
  ) );
#10467 = ADVANCED_FACE('',(#10468),#6202,.F.);
#10468 = FACE_BOUND('',#10469,.F.);
#10469 = EDGE_LOOP('',(#10470,#10471,#10472,#10473));
#10470 = ORIENTED_EDGE('',*,*,#8387,.T.);
#10471 = ORIENTED_EDGE('',*,*,#10424,.T.);
#10472 = ORIENTED_EDGE('',*,*,#6185,.F.);
#10473 = ORIENTED_EDGE('',*,*,#10474,.F.);
#10474 = EDGE_CURVE('',#8388,#6186,#10475,.T.);
#10475 = SURFACE_CURVE('',#10476,(#10480,#10486),.PCURVE_S1.);
#10476 = LINE('',#10477,#10478);
#10477 = CARTESIAN_POINT('',(-7.960692170665,-2.975725577943,-10.));
#10478 = VECTOR('',#10479,1.);
#10479 = DIRECTION('',(0.,0.,1.));
#10480 = PCURVE('',#6202,#10481);
#10481 = DEFINITIONAL_REPRESENTATION('',(#10482),#10485);
#10482 = B_SPLINE_CURVE_WITH_KNOTS('',1,(#10483,#10484),.UNSPECIFIED.,
  .F.,.F.,(2,2),(-5.999999999062E-07,20.0000006),
  .PIECEWISE_BEZIER_KNOTS.);
#10483 = CARTESIAN_POINT('',(3.172605911288,-5.999999999062E-07));
#10484 = CARTESIAN_POINT('',(3.172605911288,20.0000006));
#10485 = ( GEOMETRIC_REPRESENTATION_CONTEXT(2) 
PARAMETRIC_REPRESENTATION_CONTEXT() REPRESENTATION_CONTEXT('2D SPACE',''
  ) );
#10486 = PCURVE('',#6231,#10487);
#10487 = DEFINITIONAL_REPRESENTATION('',(#10488),#10491);
#10488 = B_SPLINE_CURVE_WITH_KNOTS('',1,(#10489,#10490),.UNSPECIFIED.,
  .F.,.F.,(2,2),(-5.999999999062E-07,20.0000006),
  .PIECEWISE_BEZIER_KNOTS.);
#10489 = CARTESIAN_POINT('',(3.566954023046,-5.999999999062E-07));
#10490 = CARTESIAN_POINT('',(3.566954023046,20.0000006));
#10491 = ( GEOMETRIC_REPRESENTATION_CONTEXT(2) 
PARAMETRIC_REPRESENTATION_CONTEXT() REPRESENTATION_CONTEXT('2D SPACE',''
  ) );
#10492 = ADVANCED_FACE('',(#10493),#6782,.F.);
#10493 = FACE_BOUND('',#10494,.F.);
#10494 = EDGE_LOOP('',(#10495,#10496,#10497,#10498));
#10495 = ORIENTED_EDGE('',*,*,#6765,.F.);
#10496 = ORIENTED_EDGE('',*,*,#10449,.F.);
#10497 = ORIENTED_EDGE('',*,*,#8867,.T.);
#10498 = ORIENTED_EDGE('',*,*,#10499,.T.);
#10499 = EDGE_CURVE('',#8844,#6737,#10500,.T.);
#10500 = SURFACE_CURVE('',#10501,(#10505,#10511),.PCURVE_S1.);
#10501 = LINE('',#10502,#10503);
#10502 = CARTESIAN_POINT('',(-4.90403808938,-2.26587235749,-10.));
#10503 = VECTOR('',#10504,1.);
#10504 = DIRECTION('',(0.,0.,1.));
#10505 = PCURVE('',#6782,#10506);
#10506 = DEFINITIONAL_REPRESENTATION('',(#10507),#10510);
#10507 = B_SPLINE_CURVE_WITH_KNOTS('',1,(#10508,#10509),.UNSPECIFIED.,
  .F.,.F.,(2,2),(-5.999999999062E-07,20.0000006),
  .PIECEWISE_BEZIER_KNOTS.);
#10508 = CARTESIAN_POINT('',(0.425361369456,-5.999999999062E-07));
#10509 = CARTESIAN_POINT('',(0.425361369456,20.0000006));
#10510 = ( GEOMETRIC_REPRESENTATION_CONTEXT(2) 
PARAMETRIC_REPRESENTATION_CONTEXT() REPRESENTATION_CONTEXT('2D SPACE',''
  ) );
#10511 = PCURVE('',#6753,#10512);
#10512 = DEFINITIONAL_REPRESENTATION('',(#10513),#10516);
#10513 = B_SPLINE_CURVE_WITH_KNOTS('',1,(#10514,#10515),.UNSPECIFIED.,
  .F.,.F.,(2,2),(-5.999999999062E-07,20.0000006),
  .PIECEWISE_BEZIER_KNOTS.);
#10514 = CARTESIAN_POINT('',(3.101325769807E-02,-5.999999999062E-07));
#10515 = CARTESIAN_POINT('',(3.101325769807E-02,20.0000006));
#10516 = ( GEOMETRIC_REPRESENTATION_CONTEXT(2) 
PARAMETRIC_REPRESENTATION_CONTEXT() REPRESENTATION_CONTEXT('2D SPACE',''
  ) );
#10517 = ADVANCED_FACE('',(#10518),#6231,.F.);
#10518 = FACE_BOUND('',#10519,.F.);
#10519 = EDGE_LOOP('',(#10520,#10521,#10522,#10523));
#10520 = ORIENTED_EDGE('',*,*,#8411,.T.);
#10521 = ORIENTED_EDGE('',*,*,#10474,.T.);
#10522 = ORIENTED_EDGE('',*,*,#6214,.F.);
#10523 = ORIENTED_EDGE('',*,*,#10524,.F.);
#10524 = EDGE_CURVE('',#8412,#6215,#10525,.T.);
#10525 = SURFACE_CURVE('',#10526,(#10530,#10536),.PCURVE_S1.);
#10526 = LINE('',#10527,#10528);
#10527 = CARTESIAN_POINT('',(-8.099907105771,-2.211823762021,-10.));
#10528 = VECTOR('',#10529,1.);
#10529 = DIRECTION('',(0.,0.,1.));
#10530 = PCURVE('',#6231,#10531);
#10531 = DEFINITIONAL_REPRESENTATION('',(#10532),#10535);
#10532 = B_SPLINE_CURVE_WITH_KNOTS('',1,(#10533,#10534),.UNSPECIFIED.,
  .F.,.F.,(2,2),(-5.999999999062E-07,20.0000006),
  .PIECEWISE_BEZIER_KNOTS.);
#10533 = CARTESIAN_POINT('',(3.076758583369,-5.999999999062E-07));
#10534 = CARTESIAN_POINT('',(3.076758583369,20.0000006));
#10535 = ( GEOMETRIC_REPRESENTATION_CONTEXT(2) 
PARAMETRIC_REPRESENTATION_CONTEXT() REPRESENTATION_CONTEXT('2D SPACE',''
  ) );
#10536 = PCURVE('',#6260,#10537);
#10537 = DEFINITIONAL_REPRESENTATION('',(#10538),#10541);
#10538 = B_SPLINE_CURVE_WITH_KNOTS('',1,(#10539,#10540),.UNSPECIFIED.,
  .F.,.F.,(2,2),(-5.999999999062E-07,20.0000006),
  .PIECEWISE_BEZIER_KNOTS.);
#10539 = CARTESIAN_POINT('',(3.471136253412,-5.999999999062E-07));
#10540 = CARTESIAN_POINT('',(3.471136253412,20.0000006));
#10541 = ( GEOMETRIC_REPRESENTATION_CONTEXT(2) 
PARAMETRIC_REPRESENTATION_CONTEXT() REPRESENTATION_CONTEXT('2D SPACE',''
  ) );
#10542 = ADVANCED_FACE('',(#10543),#6753,.F.);
#10543 = FACE_BOUND('',#10544,.F.);
#10544 = EDGE_LOOP('',(#10545,#10546,#10547,#10548));
#10545 = ORIENTED_EDGE('',*,*,#6736,.F.);
#10546 = ORIENTED_EDGE('',*,*,#10499,.F.);
#10547 = ORIENTED_EDGE('',*,*,#8843,.T.);
#10548 = ORIENTED_EDGE('',*,*,#10549,.T.);
#10549 = EDGE_CURVE('',#8820,#6708,#10550,.T.);
#10550 = SURFACE_CURVE('',#10551,(#10555,#10561),.PCURVE_S1.);
#10551 = LINE('',#10552,#10553);
#10552 = CARTESIAN_POINT('',(-4.989364472067,-1.7977076625,-10.));
#10553 = VECTOR('',#10554,1.);
#10554 = DIRECTION('',(0.,0.,1.));
#10555 = PCURVE('',#6753,#10556);
#10556 = DEFINITIONAL_REPRESENTATION('',(#10557),#10560);
#10557 = B_SPLINE_CURVE_WITH_KNOTS('',1,(#10558,#10559),.UNSPECIFIED.,
  .F.,.F.,(2,2),(-5.999999999062E-07,20.0000006),
  .PIECEWISE_BEZIER_KNOTS.);
#10558 = CARTESIAN_POINT('',(0.329543599822,-5.999999999062E-07));
#10559 = CARTESIAN_POINT('',(0.329543599822,20.0000006));
#10560 = ( GEOMETRIC_REPRESENTATION_CONTEXT(2) 
PARAMETRIC_REPRESENTATION_CONTEXT() REPRESENTATION_CONTEXT('2D SPACE',''
  ) );
#10561 = PCURVE('',#6724,#10562);
#10562 = DEFINITIONAL_REPRESENTATION('',(#10563),#10566);
#10563 = B_SPLINE_CURVE_WITH_KNOTS('',1,(#10564,#10565),.UNSPECIFIED.,
  .F.,.F.,(2,2),(0.,20.),.PIECEWISE_BEZIER_KNOTS.);
#10564 = CARTESIAN_POINT('',(6.218351236958,0.));
#10565 = CARTESIAN_POINT('',(6.218351236958,20.));
#10566 = ( GEOMETRIC_REPRESENTATION_CONTEXT(2) 
PARAMETRIC_REPRESENTATION_CONTEXT() REPRESENTATION_CONTEXT('2D SPACE',''
  ) );
#10567 = ADVANCED_FACE('',(#10568),#6260,.F.);
#10568 = FACE_BOUND('',#10569,.F.);
#10569 = EDGE_LOOP('',(#10570,#10571,#10590,#10591));
#10570 = ORIENTED_EDGE('',*,*,#6243,.F.);
#10571 = ORIENTED_EDGE('',*,*,#10572,.F.);
#10572 = EDGE_CURVE('',#8436,#6244,#10573,.T.);
#10573 = SURFACE_CURVE('',#10574,(#10578,#10584),.PCURVE_S1.);
#10574 = LINE('',#10575,#10576);
#10575 = CARTESIAN_POINT('',(-8.167427203831,-1.450946811964,-10.));
#10576 = VECTOR('',#10577,1.);
#10577 = DIRECTION('',(0.,0.,1.));
#10578 = PCURVE('',#6260,#10579);
#10579 = DEFINITIONAL_REPRESENTATION('',(#10580),#10583);
#10580 = B_SPLINE_CURVE_WITH_KNOTS('',1,(#10581,#10582),.UNSPECIFIED.,
  .F.,.F.,(2,2),(-5.999999999062E-07,20.0000006),
  .PIECEWISE_BEZIER_KNOTS.);
#10581 = CARTESIAN_POINT('',(2.989065050765,-5.999999999062E-07));
#10582 = CARTESIAN_POINT('',(2.989065050765,20.0000006));
#10583 = ( GEOMETRIC_REPRESENTATION_CONTEXT(2) 
PARAMETRIC_REPRESENTATION_CONTEXT() REPRESENTATION_CONTEXT('2D SPACE',''
  ) );
#10584 = PCURVE('',#6289,#10585);
#10585 = DEFINITIONAL_REPRESENTATION('',(#10586),#10589);
#10586 = B_SPLINE_CURVE_WITH_KNOTS('',1,(#10587,#10588),.UNSPECIFIED.,
  .F.,.F.,(2,2),(-5.999999999062E-07,20.0000006),
  .PIECEWISE_BEZIER_KNOTS.);
#10587 = CARTESIAN_POINT('',(3.383355340643,-5.999999999062E-07));
#10588 = CARTESIAN_POINT('',(3.383355340643,20.0000006));
#10589 = ( GEOMETRIC_REPRESENTATION_CONTEXT(2) 
PARAMETRIC_REPRESENTATION_CONTEXT() REPRESENTATION_CONTEXT('2D SPACE',''
  ) );
#10590 = ORIENTED_EDGE('',*,*,#8435,.T.);
#10591 = ORIENTED_EDGE('',*,*,#10524,.T.);
#10592 = ADVANCED_FACE('',(#10593),#6724,.F.);
#10593 = FACE_BOUND('',#10594,.F.);
#10594 = EDGE_LOOP('',(#10595,#10596,#10615,#10616));
#10595 = ORIENTED_EDGE('',*,*,#8819,.T.);
#10596 = ORIENTED_EDGE('',*,*,#10597,.T.);
#10597 = EDGE_CURVE('',#8796,#6679,#10598,.T.);
#10598 = SURFACE_CURVE('',#10599,(#10603,#10609),.PCURVE_S1.);
#10599 = LINE('',#10600,#10601);
#10600 = CARTESIAN_POINT('',(-5.032534931355,-1.31098273498,-10.));
#10601 = VECTOR('',#10602,1.);
#10602 = DIRECTION('',(0.,0.,1.));
#10603 = PCURVE('',#6724,#10604);
#10604 = DEFINITIONAL_REPRESENTATION('',(#10605),#10608);
#10605 = B_SPLINE_CURVE_WITH_KNOTS('',1,(#10606,#10607),.UNSPECIFIED.,
  .F.,.F.,(2,2),(0.,20.),.PIECEWISE_BEZIER_KNOTS.);
#10606 = CARTESIAN_POINT('',(6.524947994233,0.));
#10607 = CARTESIAN_POINT('',(6.524947994233,20.));
#10608 = ( GEOMETRIC_REPRESENTATION_CONTEXT(2) 
PARAMETRIC_REPRESENTATION_CONTEXT() REPRESENTATION_CONTEXT('2D SPACE',''
  ) );
#10609 = PCURVE('',#6695,#10610);
#10610 = DEFINITIONAL_REPRESENTATION('',(#10611),#10614);
#10611 = B_SPLINE_CURVE_WITH_KNOTS('',1,(#10612,#10613),.UNSPECIFIED.,
  .F.,.F.,(2,2),(0.,20.),.PIECEWISE_BEZIER_KNOTS.);
#10612 = CARTESIAN_POINT('',(6.130657704355,0.));
#10613 = CARTESIAN_POINT('',(6.130657704355,20.));
#10614 = ( GEOMETRIC_REPRESENTATION_CONTEXT(2) 
PARAMETRIC_REPRESENTATION_CONTEXT() REPRESENTATION_CONTEXT('2D SPACE',''
  ) );
#10615 = ORIENTED_EDGE('',*,*,#6707,.F.);
#10616 = ORIENTED_EDGE('',*,*,#10549,.F.);
#10617 = ADVANCED_FACE('',(#10618),#6289,.F.);
#10618 = FACE_BOUND('',#10619,.F.);
#10619 = EDGE_LOOP('',(#10620,#10621,#10640,#10641));
#10620 = ORIENTED_EDGE('',*,*,#6272,.F.);
#10621 = ORIENTED_EDGE('',*,*,#10622,.F.);
#10622 = EDGE_CURVE('',#8460,#6273,#10623,.T.);
#10623 = SURFACE_CURVE('',#10624,(#10628,#10634),.PCURVE_S1.);
#10624 = LINE('',#10625,#10626);
#10625 = CARTESIAN_POINT('',(-8.166794156195,-0.682262478103,-10.));
#10626 = VECTOR('',#10627,1.);
#10627 = DIRECTION('',(0.,0.,1.));
#10628 = PCURVE('',#6289,#10629);
#10629 = DEFINITIONAL_REPRESENTATION('',(#10630),#10633);
#10630 = B_SPLINE_CURVE_WITH_KNOTS('',1,(#10631,#10632),.UNSPECIFIED.,
  .F.,.F.,(2,2),(-5.999999999062E-07,20.0000006),
  .PIECEWISE_BEZIER_KNOTS.);
#10631 = CARTESIAN_POINT('',(2.898182873017,-5.999999999062E-07));
#10632 = CARTESIAN_POINT('',(2.898182873017,20.0000006));
#10633 = ( GEOMETRIC_REPRESENTATION_CONTEXT(2) 
PARAMETRIC_REPRESENTATION_CONTEXT() REPRESENTATION_CONTEXT('2D SPACE',''
  ) );
#10634 = PCURVE('',#6318,#10635);
#10635 = DEFINITIONAL_REPRESENTATION('',(#10636),#10639);
#10636 = B_SPLINE_CURVE_WITH_KNOTS('',1,(#10637,#10638),.UNSPECIFIED.,
  .F.,.F.,(2,2),(-5.999999999062E-07,20.0000006),
  .PIECEWISE_BEZIER_KNOTS.);
#10637 = CARTESIAN_POINT('',(3.292555670851,-5.999999999062E-07));
#10638 = CARTESIAN_POINT('',(3.292555670851,20.0000006));
#10639 = ( GEOMETRIC_REPRESENTATION_CONTEXT(2) 
PARAMETRIC_REPRESENTATION_CONTEXT() REPRESENTATION_CONTEXT('2D SPACE',''
  ) );
#10640 = ORIENTED_EDGE('',*,*,#8459,.T.);
#10641 = ORIENTED_EDGE('',*,*,#10572,.T.);
#10642 = ADVANCED_FACE('',(#10643),#6695,.F.);
#10643 = FACE_BOUND('',#10644,.F.);
#10644 = EDGE_LOOP('',(#10645,#10646,#10665,#10666));
#10645 = ORIENTED_EDGE('',*,*,#8795,.T.);
#10646 = ORIENTED_EDGE('',*,*,#10647,.T.);
#10647 = EDGE_CURVE('',#8772,#6650,#10648,.T.);
#10648 = SURFACE_CURVE('',#10649,(#10653,#10659),.PCURVE_S1.);
#10649 = LINE('',#10650,#10651);
#10650 = CARTESIAN_POINT('',(-5.032156517935,-0.827259311514,-10.));
#10651 = VECTOR('',#10652,1.);
#10652 = DIRECTION('',(0.,0.,1.));
#10653 = PCURVE('',#6695,#10654);
#10654 = DEFINITIONAL_REPRESENTATION('',(#10655),#10658);
#10655 = B_SPLINE_CURVE_WITH_KNOTS('',1,(#10656,#10657),.UNSPECIFIED.,
  .F.,.F.,(2,2),(0.,20.),.PIECEWISE_BEZIER_KNOTS.);
#10656 = CARTESIAN_POINT('',(6.434148324441,0.));
#10657 = CARTESIAN_POINT('',(6.434148324441,20.));
#10658 = ( GEOMETRIC_REPRESENTATION_CONTEXT(2) 
PARAMETRIC_REPRESENTATION_CONTEXT() REPRESENTATION_CONTEXT('2D SPACE',''
  ) );
#10659 = PCURVE('',#6666,#10660);
#10660 = DEFINITIONAL_REPRESENTATION('',(#10661),#10664);
#10661 = B_SPLINE_CURVE_WITH_KNOTS('',1,(#10662,#10663),.UNSPECIFIED.,
  .F.,.F.,(2,2),(0.,20.),.PIECEWISE_BEZIER_KNOTS.);
#10662 = CARTESIAN_POINT('',(6.039775526607,0.));
#10663 = CARTESIAN_POINT('',(6.039775526607,20.));
#10664 = ( GEOMETRIC_REPRESENTATION_CONTEXT(2) 
PARAMETRIC_REPRESENTATION_CONTEXT() REPRESENTATION_CONTEXT('2D SPACE',''
  ) );
#10665 = ORIENTED_EDGE('',*,*,#6678,.F.);
#10666 = ORIENTED_EDGE('',*,*,#10597,.F.);
#10667 = ADVANCED_FACE('',(#10668),#6318,.F.);
#10668 = FACE_BOUND('',#10669,.F.);
#10669 = EDGE_LOOP('',(#10670,#10671,#10690,#10691));
#10670 = ORIENTED_EDGE('',*,*,#6301,.F.);
#10671 = ORIENTED_EDGE('',*,*,#10672,.F.);
#10672 = EDGE_CURVE('',#8484,#6302,#10673,.T.);
#10673 = SURFACE_CURVE('',#10674,(#10678,#10684),.PCURVE_S1.);
#10674 = LINE('',#10675,#10676);
#10675 = CARTESIAN_POINT('',(-8.09265514411,9.403918849999E-02,-10.));
#10676 = VECTOR('',#10677,1.);
#10677 = DIRECTION('',(0.,0.,1.));
#10678 = PCURVE('',#6318,#10679);
#10679 = DEFINITIONAL_REPRESENTATION('',(#10680),#10683);
#10680 = B_SPLINE_CURVE_WITH_KNOTS('',1,(#10681,#10682),.UNSPECIFIED.,
  .F.,.F.,(2,2),(-5.999999999062E-07,20.0000006),
  .PIECEWISE_BEZIER_KNOTS.);
#10681 = CARTESIAN_POINT('',(2.800201511223,-5.999999999062E-07));
#10682 = CARTESIAN_POINT('',(2.800201511223,20.0000006));
#10683 = ( GEOMETRIC_REPRESENTATION_CONTEXT(2) 
PARAMETRIC_REPRESENTATION_CONTEXT() REPRESENTATION_CONTEXT('2D SPACE',''
  ) );
#10684 = PCURVE('',#6347,#10685);
#10685 = DEFINITIONAL_REPRESENTATION('',(#10686),#10689);
#10686 = B_SPLINE_CURVE_WITH_KNOTS('',1,(#10687,#10688),.UNSPECIFIED.,
  .F.,.F.,(2,2),(-5.999999999062E-07,20.0000006),
  .PIECEWISE_BEZIER_KNOTS.);
#10687 = CARTESIAN_POINT('',(3.194524657919,-5.999999999062E-07));
#10688 = CARTESIAN_POINT('',(3.194524657919,20.0000006));
#10689 = ( GEOMETRIC_REPRESENTATION_CONTEXT(2) 
PARAMETRIC_REPRESENTATION_CONTEXT() REPRESENTATION_CONTEXT('2D SPACE',''
  ) );
#10690 = ORIENTED_EDGE('',*,*,#8483,.T.);
#10691 = ORIENTED_EDGE('',*,*,#10622,.T.);
#10692 = ADVANCED_FACE('',(#10693),#6666,.F.);
#10693 = FACE_BOUND('',#10694,.F.);
#10694 = EDGE_LOOP('',(#10695,#10696,#10715,#10716));
#10695 = ORIENTED_EDGE('',*,*,#8771,.T.);
#10696 = ORIENTED_EDGE('',*,*,#10697,.T.);
#10697 = EDGE_CURVE('',#8748,#6621,#10698,.T.);
#10698 = SURFACE_CURVE('',#10699,(#10703,#10709),.PCURVE_S1.);
#10699 = LINE('',#10700,#10701);
#10700 = CARTESIAN_POINT('',(-4.987232337831,-0.35698638693,-10.));
#10701 = VECTOR('',#10702,1.);
#10702 = DIRECTION('',(0.,0.,1.));
#10703 = PCURVE('',#6666,#10704);
#10704 = DEFINITIONAL_REPRESENTATION('',(#10705),#10708);
#10705 = B_SPLINE_CURVE_WITH_KNOTS('',1,(#10706,#10707),.UNSPECIFIED.,
  .F.,.F.,(2,2),(0.,20.),.PIECEWISE_BEZIER_KNOTS.);
#10706 = CARTESIAN_POINT('',(6.336117311509,0.));
#10707 = CARTESIAN_POINT('',(6.336117311509,20.));
#10708 = ( GEOMETRIC_REPRESENTATION_CONTEXT(2) 
PARAMETRIC_REPRESENTATION_CONTEXT() REPRESENTATION_CONTEXT('2D SPACE',''
  ) );
#10709 = PCURVE('',#6637,#10710);
#10710 = DEFINITIONAL_REPRESENTATION('',(#10711),#10714);
#10711 = B_SPLINE_CURVE_WITH_KNOTS('',1,(#10712,#10713),.UNSPECIFIED.,
  .F.,.F.,(2,2),(-5.999999999062E-07,20.0000006),
  .PIECEWISE_BEZIER_KNOTS.);
#10712 = CARTESIAN_POINT('',(5.941794164813,-5.999999999062E-07));
#10713 = CARTESIAN_POINT('',(5.941794164813,20.0000006));
#10714 = ( GEOMETRIC_REPRESENTATION_CONTEXT(2) 
PARAMETRIC_REPRESENTATION_CONTEXT() REPRESENTATION_CONTEXT('2D SPACE',''
  ) );
#10715 = ORIENTED_EDGE('',*,*,#6649,.F.);
#10716 = ORIENTED_EDGE('',*,*,#10647,.F.);
#10717 = ADVANCED_FACE('',(#10718),#6347,.F.);
#10718 = FACE_BOUND('',#10719,.F.);
#10719 = EDGE_LOOP('',(#10720,#10721,#10740,#10741));
#10720 = ORIENTED_EDGE('',*,*,#6330,.F.);
#10721 = ORIENTED_EDGE('',*,*,#10722,.F.);
#10722 = EDGE_CURVE('',#8508,#6331,#10723,.T.);
#10723 = SURFACE_CURVE('',#10724,(#10728,#10734),.PCURVE_S1.);
#10724 = LINE('',#10725,#10726);
#10725 = CARTESIAN_POINT('',(-7.948025709905,0.84832822966,-10.));
#10726 = VECTOR('',#10727,1.);
#10727 = DIRECTION('',(0.,0.,1.));
#10728 = PCURVE('',#6347,#10729);
#10729 = DEFINITIONAL_REPRESENTATION('',(#10730),#10733);
#10730 = B_SPLINE_CURVE_WITH_KNOTS('',1,(#10731,#10732),.UNSPECIFIED.,
  .F.,.F.,(2,2),(-5.999999999062E-07,20.0000006),
  .PIECEWISE_BEZIER_KNOTS.);
#10731 = CARTESIAN_POINT('',(2.709773829942,-5.999999999062E-07));
#10732 = CARTESIAN_POINT('',(2.709773829942,20.0000006));
#10733 = ( GEOMETRIC_REPRESENTATION_CONTEXT(2) 
PARAMETRIC_REPRESENTATION_CONTEXT() REPRESENTATION_CONTEXT('2D SPACE',''
  ) );
#10734 = PCURVE('',#6376,#10735);
#10735 = DEFINITIONAL_REPRESENTATION('',(#10736),#10739);
#10736 = B_SPLINE_CURVE_WITH_KNOTS('',1,(#10737,#10738),.UNSPECIFIED.,
  .F.,.F.,(2,2),(-5.999999999062E-07,20.0000006),
  .PIECEWISE_BEZIER_KNOTS.);
#10737 = CARTESIAN_POINT('',(3.104063079088,-5.999999999062E-07));
#10738 = CARTESIAN_POINT('',(3.104063079088,20.0000006));
#10739 = ( GEOMETRIC_REPRESENTATION_CONTEXT(2) 
PARAMETRIC_REPRESENTATION_CONTEXT() REPRESENTATION_CONTEXT('2D SPACE',''
  ) );
#10740 = ORIENTED_EDGE('',*,*,#8507,.T.);
#10741 = ORIENTED_EDGE('',*,*,#10672,.T.);
#10742 = ADVANCED_FACE('',(#10743),#6637,.F.);
#10743 = FACE_BOUND('',#10744,.F.);
#10744 = EDGE_LOOP('',(#10745,#10746,#10765,#10766));
#10745 = ORIENTED_EDGE('',*,*,#8747,.T.);
#10746 = ORIENTED_EDGE('',*,*,#10747,.T.);
#10747 = EDGE_CURVE('',#8724,#6592,#10748,.T.);
#10748 = SURFACE_CURVE('',#10749,(#10753,#10759),.PCURVE_S1.);
#10749 = LINE('',#10750,#10751);
#10750 = CARTESIAN_POINT('',(-4.896022701411,0.118657628639,-10.));
#10751 = VECTOR('',#10752,1.);
#10752 = DIRECTION('',(0.,0.,1.));
#10753 = PCURVE('',#6637,#10754);
#10754 = DEFINITIONAL_REPRESENTATION('',(#10755),#10758);
#10755 = B_SPLINE_CURVE_WITH_KNOTS('',1,(#10756,#10757),.UNSPECIFIED.,
  .F.,.F.,(2,2),(-5.999999999062E-07,20.0000006),
  .PIECEWISE_BEZIER_KNOTS.);
#10756 = CARTESIAN_POINT('',(6.245655732678,-5.999999999062E-07));
#10757 = CARTESIAN_POINT('',(6.245655732678,20.0000006));
#10758 = ( GEOMETRIC_REPRESENTATION_CONTEXT(2) 
PARAMETRIC_REPRESENTATION_CONTEXT() REPRESENTATION_CONTEXT('2D SPACE',''
  ) );
#10759 = PCURVE('',#6608,#10760);
#10760 = DEFINITIONAL_REPRESENTATION('',(#10761),#10764);
#10761 = B_SPLINE_CURVE_WITH_KNOTS('',1,(#10762,#10763),.UNSPECIFIED.,
  .F.,.F.,(2,2),(-5.999999999062E-07,20.0000006),
  .PIECEWISE_BEZIER_KNOTS.);
#10762 = CARTESIAN_POINT('',(5.851366483532,-5.999999999062E-07));
#10763 = CARTESIAN_POINT('',(5.851366483532,20.0000006));
#10764 = ( GEOMETRIC_REPRESENTATION_CONTEXT(2) 
PARAMETRIC_REPRESENTATION_CONTEXT() REPRESENTATION_CONTEXT('2D SPACE',''
  ) );
#10765 = ORIENTED_EDGE('',*,*,#6620,.F.);
#10766 = ORIENTED_EDGE('',*,*,#10697,.F.);
#10767 = ADVANCED_FACE('',(#10768),#6376,.F.);
#10768 = FACE_BOUND('',#10769,.F.);
#10769 = EDGE_LOOP('',(#10770,#10771,#10790,#10791));
#10770 = ORIENTED_EDGE('',*,*,#6359,.F.);
#10771 = ORIENTED_EDGE('',*,*,#10772,.F.);
#10772 = EDGE_CURVE('',#8532,#6360,#10773,.T.);
#10773 = SURFACE_CURVE('',#10774,(#10778,#10784),.PCURVE_S1.);
#10774 = LINE('',#10775,#10776);
#10775 = CARTESIAN_POINT('',(-7.730610697197,1.595495626405,-10.));
#10776 = VECTOR('',#10777,1.);
#10777 = DIRECTION('',(0.,0.,1.));
#10778 = PCURVE('',#6376,#10779);
#10779 = DEFINITIONAL_REPRESENTATION('',(#10780),#10783);
#10780 = B_SPLINE_CURVE_WITH_KNOTS('',1,(#10781,#10782),.UNSPECIFIED.,
  .F.,.F.,(2,2),(-5.999999999062E-07,20.0000006),
  .PIECEWISE_BEZIER_KNOTS.);
#10781 = CARTESIAN_POINT('',(2.612789434699,-5.999999999062E-07));
#10782 = CARTESIAN_POINT('',(2.612789434699,20.0000006));
#10783 = ( GEOMETRIC_REPRESENTATION_CONTEXT(2) 
PARAMETRIC_REPRESENTATION_CONTEXT() REPRESENTATION_CONTEXT('2D SPACE',''
  ) );
#10784 = PCURVE('',#6405,#10785);
#10785 = DEFINITIONAL_REPRESENTATION('',(#10786),#10789);
#10786 = B_SPLINE_CURVE_WITH_KNOTS('',1,(#10787,#10788),.UNSPECIFIED.,
  .F.,.F.,(2,2),(-5.999999999062E-07,20.0000006),
  .PIECEWISE_BEZIER_KNOTS.);
#10787 = CARTESIAN_POINT('',(3.007157407333,-5.999999999062E-07));
#10788 = CARTESIAN_POINT('',(3.007157407333,20.0000006));
#10789 = ( GEOMETRIC_REPRESENTATION_CONTEXT(2) 
PARAMETRIC_REPRESENTATION_CONTEXT() REPRESENTATION_CONTEXT('2D SPACE',''
  ) );
#10790 = ORIENTED_EDGE('',*,*,#8531,.T.);
#10791 = ORIENTED_EDGE('',*,*,#10722,.T.);
#10792 = ADVANCED_FACE('',(#10793),#6608,.F.);
#10793 = FACE_BOUND('',#10794,.F.);
#10794 = EDGE_LOOP('',(#10795,#10796,#10815,#10816));
#10795 = ORIENTED_EDGE('',*,*,#8723,.T.);
#10796 = ORIENTED_EDGE('',*,*,#10797,.T.);
#10797 = EDGE_CURVE('',#8700,#6563,#10798,.T.);
#10798 = SURFACE_CURVE('',#10799,(#10803,#10809),.PCURVE_S1.);
#10799 = LINE('',#10800,#10801);
#10800 = CARTESIAN_POINT('',(-4.763588859132,0.573845926322,-10.));
#10801 = VECTOR('',#10802,1.);
#10802 = DIRECTION('',(0.,0.,1.));
#10803 = PCURVE('',#6608,#10804);
#10804 = DEFINITIONAL_REPRESENTATION('',(#10805),#10808);
#10805 = B_SPLINE_CURVE_WITH_KNOTS('',1,(#10806,#10807),.UNSPECIFIED.,
  .F.,.F.,(2,2),(-5.999999999062E-07,20.0000006),
  .PIECEWISE_BEZIER_KNOTS.);
#10806 = CARTESIAN_POINT('',(6.148750060923,-5.999999999062E-07));
#10807 = CARTESIAN_POINT('',(6.148750060923,20.0000006));
#10808 = ( GEOMETRIC_REPRESENTATION_CONTEXT(2) 
PARAMETRIC_REPRESENTATION_CONTEXT() REPRESENTATION_CONTEXT('2D SPACE',''
  ) );
#10809 = PCURVE('',#6579,#10810);
#10810 = DEFINITIONAL_REPRESENTATION('',(#10811),#10814);
#10811 = B_SPLINE_CURVE_WITH_KNOTS('',1,(#10812,#10813),.UNSPECIFIED.,
  .F.,.F.,(2,2),(-5.999999999062E-07,20.0000006),
  .PIECEWISE_BEZIER_KNOTS.);
#10812 = CARTESIAN_POINT('',(5.754382088289,-5.999999999062E-07));
#10813 = CARTESIAN_POINT('',(5.754382088289,20.0000006));
#10814 = ( GEOMETRIC_REPRESENTATION_CONTEXT(2) 
PARAMETRIC_REPRESENTATION_CONTEXT() REPRESENTATION_CONTEXT('2D SPACE',''
  ) );
#10815 = ORIENTED_EDGE('',*,*,#6591,.F.);
#10816 = ORIENTED_EDGE('',*,*,#10747,.F.);
#10817 = ADVANCED_FACE('',(#10818),#6405,.F.);
#10818 = FACE_BOUND('',#10819,.F.);
#10819 = EDGE_LOOP('',(#10820,#10821,#10840,#10841));
#10820 = ORIENTED_EDGE('',*,*,#6388,.F.);
#10821 = ORIENTED_EDGE('',*,*,#10822,.F.);
#10822 = EDGE_CURVE('',#8556,#6389,#10823,.T.);
#10823 = SURFACE_CURVE('',#10824,(#10828,#10834),.PCURVE_S1.);
#10824 = LINE('',#10825,#10826);
#10825 = CARTESIAN_POINT('',(-7.438657067344,2.3226268787,-10.));
#10826 = VECTOR('',#10827,1.);
#10827 = DIRECTION('',(0.,0.,1.));
#10828 = PCURVE('',#6405,#10829);
#10829 = DEFINITIONAL_REPRESENTATION('',(#10830),#10833);
#10830 = B_SPLINE_CURVE_WITH_KNOTS('',1,(#10831,#10832),.UNSPECIFIED.,
  .F.,.F.,(2,2),(-5.999999999062E-07,20.0000006),
  .PIECEWISE_BEZIER_KNOTS.);
#10831 = CARTESIAN_POINT('',(2.512405566918,-5.999999999062E-07));
#10832 = CARTESIAN_POINT('',(2.512405566918,20.0000006));
#10833 = ( GEOMETRIC_REPRESENTATION_CONTEXT(2) 
PARAMETRIC_REPRESENTATION_CONTEXT() REPRESENTATION_CONTEXT('2D SPACE',''
  ) );
#10834 = PCURVE('',#6434,#10835);
#10835 = DEFINITIONAL_REPRESENTATION('',(#10836),#10839);
#10836 = B_SPLINE_CURVE_WITH_KNOTS('',1,(#10837,#10838),.UNSPECIFIED.,
  .F.,.F.,(2,2),(-5.999999999062E-07,20.0000006),
  .PIECEWISE_BEZIER_KNOTS.);
#10837 = CARTESIAN_POINT('',(2.90670890616,-5.999999999062E-07));
#10838 = CARTESIAN_POINT('',(2.90670890616,20.0000006));
#10839 = ( GEOMETRIC_REPRESENTATION_CONTEXT(2) 
PARAMETRIC_REPRESENTATION_CONTEXT() REPRESENTATION_CONTEXT('2D SPACE',''
  ) );
#10840 = ORIENTED_EDGE('',*,*,#8555,.T.);
#10841 = ORIENTED_EDGE('',*,*,#10772,.T.);
#10842 = ADVANCED_FACE('',(#10843),#6579,.F.);
#10843 = FACE_BOUND('',#10844,.F.);
#10844 = EDGE_LOOP('',(#10845,#10846,#10865,#10866));
#10845 = ORIENTED_EDGE('',*,*,#8699,.T.);
#10846 = ORIENTED_EDGE('',*,*,#10847,.T.);
#10847 = EDGE_CURVE('',#8676,#6534,#10848,.T.);
#10848 = SURFACE_CURVE('',#10849,(#10853,#10859),.PCURVE_S1.);
#10849 = LINE('',#10850,#10851);
#10850 = CARTESIAN_POINT('',(-4.588980958131,1.00867866483,-10.));
#10851 = VECTOR('',#10852,1.);
#10852 = DIRECTION('',(0.,0.,1.));
#10853 = PCURVE('',#6579,#10854);
#10854 = DEFINITIONAL_REPRESENTATION('',(#10855),#10858);
#10855 = B_SPLINE_CURVE_WITH_KNOTS('',1,(#10856,#10857),.UNSPECIFIED.,
  .F.,.F.,(2,2),(-5.999999999062E-07,20.0000006),
  .PIECEWISE_BEZIER_KNOTS.);
#10856 = CARTESIAN_POINT('',(6.04830155975,-5.999999999062E-07));
#10857 = CARTESIAN_POINT('',(6.04830155975,20.0000006));
#10858 = ( GEOMETRIC_REPRESENTATION_CONTEXT(2) 
PARAMETRIC_REPRESENTATION_CONTEXT() REPRESENTATION_CONTEXT('2D SPACE',''
  ) );
#10859 = PCURVE('',#6550,#10860);
#10860 = DEFINITIONAL_REPRESENTATION('',(#10861),#10864);
#10861 = B_SPLINE_CURVE_WITH_KNOTS('',1,(#10862,#10863),.UNSPECIFIED.,
  .F.,.F.,(2,2),(-5.999999999062E-07,20.0000006),
  .PIECEWISE_BEZIER_KNOTS.);
#10862 = CARTESIAN_POINT('',(5.653998220508,-5.999999999062E-07));
#10863 = CARTESIAN_POINT('',(5.653998220508,20.0000006));
#10864 = ( GEOMETRIC_REPRESENTATION_CONTEXT(2) 
PARAMETRIC_REPRESENTATION_CONTEXT() REPRESENTATION_CONTEXT('2D SPACE',''
  ) );
#10865 = ORIENTED_EDGE('',*,*,#6562,.F.);
#10866 = ORIENTED_EDGE('',*,*,#10797,.F.);
#10867 = ADVANCED_FACE('',(#10868),#6434,.F.);
#10868 = FACE_BOUND('',#10869,.F.);
#10869 = EDGE_LOOP('',(#10870,#10871,#10890,#10891));
#10870 = ORIENTED_EDGE('',*,*,#6417,.F.);
#10871 = ORIENTED_EDGE('',*,*,#10872,.F.);
#10872 = EDGE_CURVE('',#8580,#6418,#10873,.T.);
#10873 = SURFACE_CURVE('',#10874,(#10878,#10884),.PCURVE_S1.);
#10874 = LINE('',#10875,#10876);
#10875 = CARTESIAN_POINT('',(-7.080352007642,3.011092697503,-10.));
#10876 = VECTOR('',#10877,1.);
#10877 = DIRECTION('',(0.,0.,1.));
#10878 = PCURVE('',#6434,#10879);
#10879 = DEFINITIONAL_REPRESENTATION('',(#10880),#10883);
#10880 = B_SPLINE_CURVE_WITH_KNOTS('',1,(#10881,#10882),.UNSPECIFIED.,
  .F.,.F.,(2,2),(-5.999999999062E-07,20.0000006),
  .PIECEWISE_BEZIER_KNOTS.);
#10881 = CARTESIAN_POINT('',(2.416745454675,-5.999999999062E-07));
#10882 = CARTESIAN_POINT('',(2.416745454675,20.0000006));
#10883 = ( GEOMETRIC_REPRESENTATION_CONTEXT(2) 
PARAMETRIC_REPRESENTATION_CONTEXT() REPRESENTATION_CONTEXT('2D SPACE',''
  ) );
#10884 = PCURVE('',#6463,#10885);
#10885 = DEFINITIONAL_REPRESENTATION('',(#10886),#10889);
#10886 = B_SPLINE_CURVE_WITH_KNOTS('',1,(#10887,#10888),.UNSPECIFIED.,
  .F.,.F.,(2,2),(-5.999999999062E-07,20.0000006),
  .PIECEWISE_BEZIER_KNOTS.);
#10887 = CARTESIAN_POINT('',(2.811005517812,-5.999999999062E-07));
#10888 = CARTESIAN_POINT('',(2.811005517812,20.0000006));
#10889 = ( GEOMETRIC_REPRESENTATION_CONTEXT(2) 
PARAMETRIC_REPRESENTATION_CONTEXT() REPRESENTATION_CONTEXT('2D SPACE',''
  ) );
#10890 = ORIENTED_EDGE('',*,*,#8579,.T.);
#10891 = ORIENTED_EDGE('',*,*,#10822,.T.);
#10892 = ADVANCED_FACE('',(#10893),#6550,.F.);
#10893 = FACE_BOUND('',#10894,.F.);
#10894 = EDGE_LOOP('',(#10895,#10896,#10915,#10916));
#10895 = ORIENTED_EDGE('',*,*,#8675,.T.);
#10896 = ORIENTED_EDGE('',*,*,#10897,.T.);
#10897 = EDGE_CURVE('',#8652,#6505,#10898,.T.);
#10898 = SURFACE_CURVE('',#10899,(#10903,#10909),.PCURVE_S1.);
#10899 = LINE('',#10900,#10901);
#10900 = CARTESIAN_POINT('',(-4.369227744822,1.430901511558,-10.));
#10901 = VECTOR('',#10902,1.);
#10902 = DIRECTION('',(0.,0.,1.));
#10903 = PCURVE('',#6550,#10904);
#10904 = DEFINITIONAL_REPRESENTATION('',(#10905),#10908);
#10905 = B_SPLINE_CURVE_WITH_KNOTS('',1,(#10906,#10907),.UNSPECIFIED.,
  .F.,.F.,(2,2),(-5.999999999062E-07,20.0000006),
  .PIECEWISE_BEZIER_KNOTS.);
#10906 = CARTESIAN_POINT('',(5.952598171401,-5.999999999062E-07));
#10907 = CARTESIAN_POINT('',(5.952598171401,20.0000006));
#10908 = ( GEOMETRIC_REPRESENTATION_CONTEXT(2) 
PARAMETRIC_REPRESENTATION_CONTEXT() REPRESENTATION_CONTEXT('2D SPACE',''
  ) );
#10909 = PCURVE('',#6521,#10910);
#10910 = DEFINITIONAL_REPRESENTATION('',(#10911),#10914);
#10911 = B_SPLINE_CURVE_WITH_KNOTS('',1,(#10912,#10913),.UNSPECIFIED.,
  .F.,.F.,(2,2),(-5.999999999062E-07,20.0000006),
  .PIECEWISE_BEZIER_KNOTS.);
#10912 = CARTESIAN_POINT('',(5.558338108265,-5.999999999062E-07));
#10913 = CARTESIAN_POINT('',(5.558338108265,20.0000006));
#10914 = ( GEOMETRIC_REPRESENTATION_CONTEXT(2) 
PARAMETRIC_REPRESENTATION_CONTEXT() REPRESENTATION_CONTEXT('2D SPACE',''
  ) );
#10915 = ORIENTED_EDGE('',*,*,#6533,.F.);
#10916 = ORIENTED_EDGE('',*,*,#10847,.F.);
#10917 = ADVANCED_FACE('',(#10918),#6463,.F.);
#10918 = FACE_BOUND('',#10919,.F.);
#10919 = EDGE_LOOP('',(#10920,#10921,#10940,#10941));
#10920 = ORIENTED_EDGE('',*,*,#6446,.F.);
#10921 = ORIENTED_EDGE('',*,*,#10922,.F.);
#10922 = EDGE_CURVE('',#8604,#6447,#10923,.T.);
#10923 = SURFACE_CURVE('',#10924,(#10928,#10934),.PCURVE_S1.);
#10924 = LINE('',#10925,#10926);
#10925 = CARTESIAN_POINT('',(-6.655554752187,3.664349579201,-10.));
#10926 = VECTOR('',#10927,1.);
#10927 = DIRECTION('',(0.,0.,1.));
#10928 = PCURVE('',#6463,#10929);
#10929 = DEFINITIONAL_REPRESENTATION('',(#10930),#10933);
#10930 = B_SPLINE_CURVE_WITH_KNOTS('',1,(#10931,#10932),.UNSPECIFIED.,
  .F.,.F.,(2,2),(-5.999999999062E-07,20.0000006),
  .PIECEWISE_BEZIER_KNOTS.);
#10931 = CARTESIAN_POINT('',(2.319041383523,-5.999999999062E-07));
#10932 = CARTESIAN_POINT('',(2.319041383523,20.0000006));
#10933 = ( GEOMETRIC_REPRESENTATION_CONTEXT(2) 
PARAMETRIC_REPRESENTATION_CONTEXT() REPRESENTATION_CONTEXT('2D SPACE',''
  ) );
#10934 = PCURVE('',#6492,#10935);
#10935 = DEFINITIONAL_REPRESENTATION('',(#10936),#10939);
#10936 = B_SPLINE_CURVE_WITH_KNOTS('',1,(#10937,#10938),.UNSPECIFIED.,
  .F.,.F.,(2,2),(0.,20.),.PIECEWISE_BEZIER_KNOTS.);
#10937 = CARTESIAN_POINT('',(8.996595001906,0.));
#10938 = CARTESIAN_POINT('',(8.996595001906,20.));
#10939 = ( GEOMETRIC_REPRESENTATION_CONTEXT(2) 
PARAMETRIC_REPRESENTATION_CONTEXT() REPRESENTATION_CONTEXT('2D SPACE',''
  ) );
#10940 = ORIENTED_EDGE('',*,*,#8603,.T.);
#10941 = ORIENTED_EDGE('',*,*,#10872,.T.);
#10942 = ADVANCED_FACE('',(#10943),#6521,.F.);
#10943 = FACE_BOUND('',#10944,.F.);
#10944 = EDGE_LOOP('',(#10945,#10946,#10965,#10966));
#10945 = ORIENTED_EDGE('',*,*,#8651,.T.);
#10946 = ORIENTED_EDGE('',*,*,#10947,.T.);
#10947 = EDGE_CURVE('',#8628,#6476,#10948,.T.);
#10948 = SURFACE_CURVE('',#10949,(#10953,#10959),.PCURVE_S1.);
#10949 = LINE('',#10950,#10951);
#10950 = CARTESIAN_POINT('',(-4.111434178303,1.827385633794,-10.));
#10951 = VECTOR('',#10952,1.);
#10952 = DIRECTION('',(0.,0.,1.));
#10953 = PCURVE('',#6521,#10954);
#10954 = DEFINITIONAL_REPRESENTATION('',(#10955),#10958);
#10955 = B_SPLINE_CURVE_WITH_KNOTS('',1,(#10956,#10957),.UNSPECIFIED.,
  .F.,.F.,(2,2),(-5.999999999062E-07,20.0000006),
  .PIECEWISE_BEZIER_KNOTS.);
#10956 = CARTESIAN_POINT('',(5.855002348316,-5.999999999062E-07));
#10957 = CARTESIAN_POINT('',(5.855002348316,20.0000006));
#10958 = ( GEOMETRIC_REPRESENTATION_CONTEXT(2) 
PARAMETRIC_REPRESENTATION_CONTEXT() REPRESENTATION_CONTEXT('2D SPACE',''
  ) );
#10959 = PCURVE('',#6492,#10960);
#10960 = DEFINITIONAL_REPRESENTATION('',(#10961),#10964);
#10961 = B_SPLINE_CURVE_WITH_KNOTS('',1,(#10962,#10963),.UNSPECIFIED.,
  .F.,.F.,(2,2),(0.,20.),.PIECEWISE_BEZIER_KNOTS.);
#10962 = CARTESIAN_POINT('',(5.460634037113,0.));
#10963 = CARTESIAN_POINT('',(5.460634037113,20.));
#10964 = ( GEOMETRIC_REPRESENTATION_CONTEXT(2) 
PARAMETRIC_REPRESENTATION_CONTEXT() REPRESENTATION_CONTEXT('2D SPACE',''
  ) );
#10965 = ORIENTED_EDGE('',*,*,#6504,.F.);
#10966 = ORIENTED_EDGE('',*,*,#10897,.F.);
#10967 = ADVANCED_FACE('',(#10968),#6492,.F.);
#10968 = FACE_BOUND('',#10969,.F.);
#10969 = EDGE_LOOP('',(#10970,#10971,#10972,#10973));
#10970 = ORIENTED_EDGE('',*,*,#6475,.F.);
#10971 = ORIENTED_EDGE('',*,*,#10947,.F.);
#10972 = ORIENTED_EDGE('',*,*,#8627,.T.);
#10973 = ORIENTED_EDGE('',*,*,#10922,.T.);
#10974 = ADVANCED_FACE('',(#10975),#7047,.F.);
#10975 = FACE_BOUND('',#10976,.F.);
#10976 = EDGE_LOOP('',(#10977,#10998,#10999,#11000));
#10977 = ORIENTED_EDGE('',*,*,#10978,.T.);
#10978 = EDGE_CURVE('',#7027,#9084,#10979,.T.);
#10979 = SEAM_CURVE('',#10980,(#10984,#10991),.PCURVE_S1.);
#10980 = LINE('',#10981,#10982);
#10981 = CARTESIAN_POINT('',(-2.325,-5.694607616035E-16,1.));
#10982 = VECTOR('',#10983,1.);
#10983 = DIRECTION('',(0.,0.,-1.));
#10984 = PCURVE('',#7047,#10985);
#10985 = DEFINITIONAL_REPRESENTATION('',(#10986),#10990);
#10986 = LINE('',#10987,#10988);
#10987 = CARTESIAN_POINT('',(6.28318530718,-0.));
#10988 = VECTOR('',#10989,1.);
#10989 = DIRECTION('',(0.,1.));
#10990 = ( GEOMETRIC_REPRESENTATION_CONTEXT(2) 
PARAMETRIC_REPRESENTATION_CONTEXT() REPRESENTATION_CONTEXT('2D SPACE',''
  ) );
#10991 = PCURVE('',#7047,#10992);
#10992 = DEFINITIONAL_REPRESENTATION('',(#10993),#10997);
#10993 = LINE('',#10994,#10995);
#10994 = CARTESIAN_POINT('',(0.,-0.));
#10995 = VECTOR('',#10996,1.);
#10996 = DIRECTION('',(0.,1.));
#10997 = ( GEOMETRIC_REPRESENTATION_CONTEXT(2) 
PARAMETRIC_REPRESENTATION_CONTEXT() REPRESENTATION_CONTEXT('2D SPACE',''
  ) );
#10998 = ORIENTED_EDGE('',*,*,#9083,.F.);
#10999 = ORIENTED_EDGE('',*,*,#10978,.F.);
#11000 = ORIENTED_EDGE('',*,*,#7026,.T.);
#11001 = ADVANCED_FACE('',(#11002),#7080,.F.);
#11002 = FACE_BOUND('',#11003,.F.);
#11003 = EDGE_LOOP('',(#11004,#11005,#11024,#11025));
#11004 = ORIENTED_EDGE('',*,*,#7061,.F.);
#11005 = ORIENTED_EDGE('',*,*,#11006,.F.);
#11006 = EDGE_CURVE('',#9114,#7062,#11007,.T.);
#11007 = SURFACE_CURVE('',#11008,(#11012,#11018),.PCURVE_S1.);
#11008 = LINE('',#11009,#11010);
#11009 = CARTESIAN_POINT('',(0.805926565275,8.805137314119,-10.));
#11010 = VECTOR('',#11011,1.);
#11011 = DIRECTION('',(0.,0.,1.));
#11012 = PCURVE('',#7080,#11013);
#11013 = DEFINITIONAL_REPRESENTATION('',(#11014),#11017);
#11014 = B_SPLINE_CURVE_WITH_KNOTS('',1,(#11015,#11016),.UNSPECIFIED.,
  .F.,.F.,(2,2),(-5.999999999062E-07,20.0000006),
  .PIECEWISE_BEZIER_KNOTS.);
#11015 = CARTESIAN_POINT('',(1.162717816546,-5.999999999062E-07));
#11016 = CARTESIAN_POINT('',(1.162717816546,20.0000006));
#11017 = ( GEOMETRIC_REPRESENTATION_CONTEXT(2) 
PARAMETRIC_REPRESENTATION_CONTEXT() REPRESENTATION_CONTEXT('2D SPACE',''
  ) );
#11018 = PCURVE('',#7109,#11019);
#11019 = DEFINITIONAL_REPRESENTATION('',(#11020),#11023);
#11020 = B_SPLINE_CURVE_WITH_KNOTS('',1,(#11021,#11022),.UNSPECIFIED.,
  .F.,.F.,(2,2),(-5.999999999062E-07,20.0000006),
  .PIECEWISE_BEZIER_KNOTS.);
#11021 = CARTESIAN_POINT('',(1.498481292295,-5.999999999062E-07));
#11022 = CARTESIAN_POINT('',(1.498481292295,20.0000006));
#11023 = ( GEOMETRIC_REPRESENTATION_CONTEXT(2) 
PARAMETRIC_REPRESENTATION_CONTEXT() REPRESENTATION_CONTEXT('2D SPACE',''
  ) );
#11024 = ORIENTED_EDGE('',*,*,#9113,.T.);
#11025 = ORIENTED_EDGE('',*,*,#11026,.T.);
#11026 = EDGE_CURVE('',#9116,#7064,#11027,.T.);
#11027 = SURFACE_CURVE('',#11028,(#11032,#11038),.PCURVE_S1.);
#11028 = LINE('',#11029,#11030);
#11029 = CARTESIAN_POINT('',(0.175435768893,8.936515003743,-10.));
#11030 = VECTOR('',#11031,1.);
#11031 = DIRECTION('',(0.,0.,1.));
#11032 = PCURVE('',#7080,#11033);
#11033 = DEFINITIONAL_REPRESENTATION('',(#11034),#11037);
#11034 = B_SPLINE_CURVE_WITH_KNOTS('',1,(#11035,#11036),.UNSPECIFIED.,
  .F.,.F.,(2,2),(-5.999999999062E-07,20.0000006),
  .PIECEWISE_BEZIER_KNOTS.);
#11035 = CARTESIAN_POINT('',(1.568006715965,-5.999999999062E-07));
#11036 = CARTESIAN_POINT('',(1.568006715965,20.0000006));
#11037 = ( GEOMETRIC_REPRESENTATION_CONTEXT(2) 
PARAMETRIC_REPRESENTATION_CONTEXT() REPRESENTATION_CONTEXT('2D SPACE',''
  ) );
#11038 = PCURVE('',#8151,#11039);
#11039 = DEFINITIONAL_REPRESENTATION('',(#11040),#11043);
#11040 = B_SPLINE_CURVE_WITH_KNOTS('',1,(#11041,#11042),.UNSPECIFIED.,
  .F.,.F.,(2,2),(-5.999999999062E-07,20.0000006),
  .PIECEWISE_BEZIER_KNOTS.);
#11041 = CARTESIAN_POINT('',(1.232256643674,-5.999999999062E-07));
#11042 = CARTESIAN_POINT('',(1.232256643674,20.0000006));
#11043 = ( GEOMETRIC_REPRESENTATION_CONTEXT(2) 
PARAMETRIC_REPRESENTATION_CONTEXT() REPRESENTATION_CONTEXT('2D SPACE',''
  ) );
#11044 = ADVANCED_FACE('',(#11045),#8151,.F.);
#11045 = FACE_BOUND('',#11046,.F.);
#11046 = EDGE_LOOP('',(#11047,#11048,#11049,#11050));
#11047 = ORIENTED_EDGE('',*,*,#8136,.F.);
#11048 = ORIENTED_EDGE('',*,*,#11026,.F.);
#11049 = ORIENTED_EDGE('',*,*,#10003,.T.);
#11050 = ORIENTED_EDGE('',*,*,#11051,.T.);
#11051 = EDGE_CURVE('',#9980,#8108,#11052,.T.);
#11052 = SURFACE_CURVE('',#11053,(#11057,#11063),.PCURVE_S1.);
#11053 = LINE('',#11054,#11055);
#11054 = CARTESIAN_POINT('',(-0.476512244333,9.022780483331,-10.));
#11055 = VECTOR('',#11056,1.);
#11056 = DIRECTION('',(0.,0.,1.));
#11057 = PCURVE('',#8151,#11058);
#11058 = DEFINITIONAL_REPRESENTATION('',(#11059),#11062);
#11059 = B_SPLINE_CURVE_WITH_KNOTS('',1,(#11060,#11061),.UNSPECIFIED.,
  .F.,.F.,(2,2),(-5.999999999062E-07,20.0000006),
  .PIECEWISE_BEZIER_KNOTS.);
#11060 = CARTESIAN_POINT('',(1.646225324192,-5.999999999062E-07));
#11061 = CARTESIAN_POINT('',(1.646225324192,20.0000006));
#11062 = ( GEOMETRIC_REPRESENTATION_CONTEXT(2) 
PARAMETRIC_REPRESENTATION_CONTEXT() REPRESENTATION_CONTEXT('2D SPACE',''
  ) );
#11063 = PCURVE('',#8124,#11064);
#11064 = DEFINITIONAL_REPRESENTATION('',(#11065),#11068);
#11065 = B_SPLINE_CURVE_WITH_KNOTS('',1,(#11066,#11067),.UNSPECIFIED.,
  .F.,.F.,(2,2),(-5.999999999062E-07,20.0000006),
  .PIECEWISE_BEZIER_KNOTS.);
#11066 = CARTESIAN_POINT('',(1.310457226667,-5.999999999062E-07));
#11067 = CARTESIAN_POINT('',(1.310457226667,20.0000006));
#11068 = ( GEOMETRIC_REPRESENTATION_CONTEXT(2) 
PARAMETRIC_REPRESENTATION_CONTEXT() REPRESENTATION_CONTEXT('2D SPACE',''
  ) );
#11069 = ADVANCED_FACE('',(#11070),#8124,.F.);
#11070 = FACE_BOUND('',#11071,.F.);
#11071 = EDGE_LOOP('',(#11072,#11073,#11074,#11075));
#11072 = ORIENTED_EDGE('',*,*,#8107,.F.);
#11073 = ORIENTED_EDGE('',*,*,#11051,.F.);
#11074 = ORIENTED_EDGE('',*,*,#9979,.T.);
#11075 = ORIENTED_EDGE('',*,*,#11076,.T.);
#11076 = EDGE_CURVE('',#9956,#8079,#11077,.T.);
#11077 = SURFACE_CURVE('',#11078,(#11082,#11088),.PCURVE_S1.);
#11078 = LINE('',#11079,#11080);
#11079 = CARTESIAN_POINT('',(-1.113361651351,9.060797316614,-10.));
#11080 = VECTOR('',#11081,1.);
#11081 = DIRECTION('',(0.,0.,1.));
#11082 = PCURVE('',#8124,#11083);
#11083 = DEFINITIONAL_REPRESENTATION('',(#11084),#11087);
#11084 = B_SPLINE_CURVE_WITH_KNOTS('',1,(#11085,#11086),.UNSPECIFIED.,
  .F.,.F.,(2,2),(-5.999999999062E-07,20.0000006),
  .PIECEWISE_BEZIER_KNOTS.);
#11085 = CARTESIAN_POINT('',(1.711886601873,-5.999999999062E-07));
#11086 = CARTESIAN_POINT('',(1.711886601873,20.0000006));
#11087 = ( GEOMETRIC_REPRESENTATION_CONTEXT(2) 
PARAMETRIC_REPRESENTATION_CONTEXT() REPRESENTATION_CONTEXT('2D SPACE',''
  ) );
#11088 = PCURVE('',#8095,#11089);
#11089 = DEFINITIONAL_REPRESENTATION('',(#11090),#11093);
#11090 = B_SPLINE_CURVE_WITH_KNOTS('',1,(#11091,#11092),.UNSPECIFIED.,
  .F.,.F.,(2,2),(-5.999999999062E-07,20.0000006),
  .PIECEWISE_BEZIER_KNOTS.);
#11091 = CARTESIAN_POINT('',(1.376116410973,-5.999999999062E-07));
#11092 = CARTESIAN_POINT('',(1.376116410973,20.0000006));
#11093 = ( GEOMETRIC_REPRESENTATION_CONTEXT(2) 
PARAMETRIC_REPRESENTATION_CONTEXT() REPRESENTATION_CONTEXT('2D SPACE',''
  ) );
#11094 = ADVANCED_FACE('',(#11095),#8095,.F.);
#11095 = FACE_BOUND('',#11096,.F.);
#11096 = EDGE_LOOP('',(#11097,#11098,#11099,#11100));
#11097 = ORIENTED_EDGE('',*,*,#8078,.F.);
#11098 = ORIENTED_EDGE('',*,*,#11076,.F.);
#11099 = ORIENTED_EDGE('',*,*,#9955,.T.);
#11100 = ORIENTED_EDGE('',*,*,#11101,.T.);
#11101 = EDGE_CURVE('',#9932,#8050,#11102,.T.);
#11102 = SURFACE_CURVE('',#11103,(#11107,#11113),.PCURVE_S1.);
#11103 = LINE('',#11104,#11105);
#11104 = CARTESIAN_POINT('',(-1.768425240646,9.053264638068,-10.));
#11105 = VECTOR('',#11106,1.);
#11106 = DIRECTION('',(0.,0.,1.));
#11107 = PCURVE('',#8095,#11108);
#11108 = DEFINITIONAL_REPRESENTATION('',(#11109),#11112);
#11109 = B_SPLINE_CURVE_WITH_KNOTS('',1,(#11110,#11111),.UNSPECIFIED.,
  .F.,.F.,(2,2),(-5.999999999062E-07,20.0000006),
  .PIECEWISE_BEZIER_KNOTS.);
#11110 = CARTESIAN_POINT('',(1.788473541439,-5.999999999062E-07));
#11111 = CARTESIAN_POINT('',(1.788473541439,20.0000006));
#11112 = ( GEOMETRIC_REPRESENTATION_CONTEXT(2) 
PARAMETRIC_REPRESENTATION_CONTEXT() REPRESENTATION_CONTEXT('2D SPACE',''
  ) );
#11113 = PCURVE('',#8066,#11114);
#11114 = DEFINITIONAL_REPRESENTATION('',(#11115),#11118);
#11115 = B_SPLINE_CURVE_WITH_KNOTS('',1,(#11116,#11117),.UNSPECIFIED.,
  .F.,.F.,(2,2),(-5.999999999062E-07,20.0000006),
  .PIECEWISE_BEZIER_KNOTS.);
#11116 = CARTESIAN_POINT('',(1.4527156447,-5.999999999062E-07));
#11117 = CARTESIAN_POINT('',(1.4527156447,20.0000006));
#11118 = ( GEOMETRIC_REPRESENTATION_CONTEXT(2) 
PARAMETRIC_REPRESENTATION_CONTEXT() REPRESENTATION_CONTEXT('2D SPACE',''
  ) );
#11119 = ADVANCED_FACE('',(#11120),#8066,.F.);
#11120 = FACE_BOUND('',#11121,.F.);
#11121 = EDGE_LOOP('',(#11122,#11123,#11124,#11125));
#11122 = ORIENTED_EDGE('',*,*,#8049,.F.);
#11123 = ORIENTED_EDGE('',*,*,#11101,.F.);
#11124 = ORIENTED_EDGE('',*,*,#9931,.T.);
#11125 = ORIENTED_EDGE('',*,*,#11126,.T.);
#11126 = EDGE_CURVE('',#9908,#8021,#11127,.T.);
#11127 = SURFACE_CURVE('',#11128,(#11132,#11138),.PCURVE_S1.);
#11128 = LINE('',#11129,#11130);
#11129 = CARTESIAN_POINT('',(-2.407663432408,8.999602001079,-10.));
#11130 = VECTOR('',#11131,1.);
#11131 = DIRECTION('',(0.,0.,1.));
#11132 = PCURVE('',#8066,#11133);
#11133 = DEFINITIONAL_REPRESENTATION('',(#11134),#11137);
#11134 = B_SPLINE_CURVE_WITH_KNOTS('',1,(#11135,#11136),.UNSPECIFIED.,
  .F.,.F.,(2,2),(-5.999999999062E-07,20.0000006),
  .PIECEWISE_BEZIER_KNOTS.);
#11135 = CARTESIAN_POINT('',(1.856379859422,-5.999999999062E-07));
#11136 = CARTESIAN_POINT('',(1.856379859422,20.0000006));
#11137 = ( GEOMETRIC_REPRESENTATION_CONTEXT(2) 
PARAMETRIC_REPRESENTATION_CONTEXT() REPRESENTATION_CONTEXT('2D SPACE',''
  ) );
#11138 = PCURVE('',#8037,#11139);
#11139 = DEFINITIONAL_REPRESENTATION('',(#11140),#11143);
#11140 = B_SPLINE_CURVE_WITH_KNOTS('',1,(#11141,#11142),.UNSPECIFIED.,
  .F.,.F.,(2,2),(-5.999999999062E-07,20.0000006),
  .PIECEWISE_BEZIER_KNOTS.);
#11141 = CARTESIAN_POINT('',(1.520621959655,-5.999999999062E-07));
#11142 = CARTESIAN_POINT('',(1.520621959655,20.0000006));
#11143 = ( GEOMETRIC_REPRESENTATION_CONTEXT(2) 
PARAMETRIC_REPRESENTATION_CONTEXT() REPRESENTATION_CONTEXT('2D SPACE',''
  ) );
#11144 = ADVANCED_FACE('',(#11145),#8037,.F.);
#11145 = FACE_BOUND('',#11146,.F.);
#11146 = EDGE_LOOP('',(#11147,#11148,#11149,#11150));
#11147 = ORIENTED_EDGE('',*,*,#8020,.F.);
#11148 = ORIENTED_EDGE('',*,*,#11126,.F.);
#11149 = ORIENTED_EDGE('',*,*,#9907,.T.);
#11150 = ORIENTED_EDGE('',*,*,#11151,.T.);
#11151 = EDGE_CURVE('',#9884,#7992,#11152,.T.);
#11152 = SURFACE_CURVE('',#11153,(#11157,#11163),.PCURVE_S1.);
#11153 = LINE('',#11154,#11155);
#11154 = CARTESIAN_POINT('',(-3.036965393978,8.904458455462,-10.));
#11155 = VECTOR('',#11156,1.);
#11156 = DIRECTION('',(0.,0.,1.));
#11157 = PCURVE('',#8037,#11158);
#11158 = DEFINITIONAL_REPRESENTATION('',(#11159),#11162);
#11159 = B_SPLINE_CURVE_WITH_KNOTS('',1,(#11160,#11161),.UNSPECIFIED.,
  .F.,.F.,(2,2),(-5.999999999062E-07,20.0000006),
  .PIECEWISE_BEZIER_KNOTS.);
#11160 = CARTESIAN_POINT('',(1.921075890155,-5.999999999062E-07));
#11161 = CARTESIAN_POINT('',(1.921075890155,20.0000006));
#11162 = ( GEOMETRIC_REPRESENTATION_CONTEXT(2) 
PARAMETRIC_REPRESENTATION_CONTEXT() REPRESENTATION_CONTEXT('2D SPACE',''
  ) );
#11163 = PCURVE('',#8008,#11164);
#11164 = DEFINITIONAL_REPRESENTATION('',(#11165),#11168);
#11165 = B_SPLINE_CURVE_WITH_KNOTS('',1,(#11166,#11167),.UNSPECIFIED.,
  .F.,.F.,(2,2),(-5.999999999062E-07,20.0000006),
  .PIECEWISE_BEZIER_KNOTS.);
#11166 = CARTESIAN_POINT('',(1.58529124023,-5.999999999062E-07));
#11167 = CARTESIAN_POINT('',(1.58529124023,20.0000006));
#11168 = ( GEOMETRIC_REPRESENTATION_CONTEXT(2) 
PARAMETRIC_REPRESENTATION_CONTEXT() REPRESENTATION_CONTEXT('2D SPACE',''
  ) );
#11169 = ADVANCED_FACE('',(#11170),#8008,.F.);
#11170 = FACE_BOUND('',#11171,.F.);
#11171 = EDGE_LOOP('',(#11172,#11173,#11174,#11175));
#11172 = ORIENTED_EDGE('',*,*,#7991,.F.);
#11173 = ORIENTED_EDGE('',*,*,#11151,.F.);
#11174 = ORIENTED_EDGE('',*,*,#9883,.T.);
#11175 = ORIENTED_EDGE('',*,*,#11176,.T.);
#11176 = EDGE_CURVE('',#9860,#7963,#11177,.T.);
#11177 = SURFACE_CURVE('',#11178,(#11182,#11188),.PCURVE_S1.);
#11178 = LINE('',#11179,#11180);
#11179 = CARTESIAN_POINT('',(-2.464717691393,5.801783631369,-10.));
#11180 = VECTOR('',#11181,1.);
#11181 = DIRECTION('',(0.,0.,1.));
#11182 = PCURVE('',#8008,#11183);
#11183 = DEFINITIONAL_REPRESENTATION('',(#11184),#11187);
#11184 = B_SPLINE_CURVE_WITH_KNOTS('',1,(#11185,#11186),.UNSPECIFIED.,
  .F.,.F.,(2,2),(-5.999999999062E-07,20.0000006),
  .PIECEWISE_BEZIER_KNOTS.);
#11185 = CARTESIAN_POINT('',(5.062668543745,-5.999999999062E-07));
#11186 = CARTESIAN_POINT('',(5.062668543745,20.0000006));
#11187 = ( GEOMETRIC_REPRESENTATION_CONTEXT(2) 
PARAMETRIC_REPRESENTATION_CONTEXT() REPRESENTATION_CONTEXT('2D SPACE',''
  ) );
#11188 = PCURVE('',#7979,#11189);
#11189 = DEFINITIONAL_REPRESENTATION('',(#11190),#11193);
#11190 = B_SPLINE_CURVE_WITH_KNOTS('',1,(#11191,#11192),.UNSPECIFIED.,
  .F.,.F.,(2,2),(-5.999999999062E-07,20.0000006),
  .PIECEWISE_BEZIER_KNOTS.);
#11191 = CARTESIAN_POINT('',(4.72688389382,-5.999999999062E-07));
#11192 = CARTESIAN_POINT('',(4.72688389382,20.0000006));
#11193 = ( GEOMETRIC_REPRESENTATION_CONTEXT(2) 
PARAMETRIC_REPRESENTATION_CONTEXT() REPRESENTATION_CONTEXT('2D SPACE',''
  ) );
#11194 = ADVANCED_FACE('',(#11195),#7979,.F.);
#11195 = FACE_BOUND('',#11196,.F.);
#11196 = EDGE_LOOP('',(#11197,#11198,#11217,#11218));
#11197 = ORIENTED_EDGE('',*,*,#9859,.T.);
#11198 = ORIENTED_EDGE('',*,*,#11199,.T.);
#11199 = EDGE_CURVE('',#9836,#7934,#11200,.T.);
#11200 = SURFACE_CURVE('',#11201,(#11205,#11211),.PCURVE_S1.);
#11201 = LINE('',#11202,#11203);
#11202 = CARTESIAN_POINT('',(-2.037160905138,5.866419672726,-10.));
#11203 = VECTOR('',#11204,1.);
#11204 = DIRECTION('',(0.,0.,1.));
#11205 = PCURVE('',#7979,#11206);
#11206 = DEFINITIONAL_REPRESENTATION('',(#11207),#11210);
#11207 = B_SPLINE_CURVE_WITH_KNOTS('',1,(#11208,#11209),.UNSPECIFIED.,
  .F.,.F.,(2,2),(-5.999999999062E-07,20.0000006),
  .PIECEWISE_BEZIER_KNOTS.);
#11208 = CARTESIAN_POINT('',(4.997972513012,-5.999999999062E-07));
#11209 = CARTESIAN_POINT('',(4.997972513012,20.0000006));
#11210 = ( GEOMETRIC_REPRESENTATION_CONTEXT(2) 
PARAMETRIC_REPRESENTATION_CONTEXT() REPRESENTATION_CONTEXT('2D SPACE',''
  ) );
#11211 = PCURVE('',#7950,#11212);
#11212 = DEFINITIONAL_REPRESENTATION('',(#11213),#11216);
#11213 = B_SPLINE_CURVE_WITH_KNOTS('',1,(#11214,#11215),.UNSPECIFIED.,
  .F.,.F.,(2,2),(-5.999999999062E-07,20.0000006),
  .PIECEWISE_BEZIER_KNOTS.);
#11214 = CARTESIAN_POINT('',(4.662214613245,-5.999999999062E-07));
#11215 = CARTESIAN_POINT('',(4.662214613245,20.0000006));
#11216 = ( GEOMETRIC_REPRESENTATION_CONTEXT(2) 
PARAMETRIC_REPRESENTATION_CONTEXT() REPRESENTATION_CONTEXT('2D SPACE',''
  ) );
#11217 = ORIENTED_EDGE('',*,*,#7962,.F.);
#11218 = ORIENTED_EDGE('',*,*,#11176,.F.);
#11219 = ADVANCED_FACE('',(#11220),#7950,.F.);
#11220 = FACE_BOUND('',#11221,.F.);
#11221 = EDGE_LOOP('',(#11222,#11223,#11242,#11243));
#11222 = ORIENTED_EDGE('',*,*,#9835,.T.);
#11223 = ORIENTED_EDGE('',*,*,#11224,.T.);
#11224 = EDGE_CURVE('',#9812,#7905,#11225,.T.);
#11225 = SURFACE_CURVE('',#11226,(#11230,#11236),.PCURVE_S1.);
#11226 = LINE('',#11227,#11228);
#11227 = CARTESIAN_POINT('',(-1.611376018992,5.90216337462,-10.));
#11228 = VECTOR('',#11229,1.);
#11229 = DIRECTION('',(0.,0.,1.));
#11230 = PCURVE('',#7950,#11231);
#11231 = DEFINITIONAL_REPRESENTATION('',(#11232),#11235);
#11232 = B_SPLINE_CURVE_WITH_KNOTS('',1,(#11233,#11234),.UNSPECIFIED.,
  .F.,.F.,(2,2),(-5.999999999062E-07,20.0000006),
  .PIECEWISE_BEZIER_KNOTS.);
#11233 = CARTESIAN_POINT('',(4.930066195029,-5.999999999062E-07));
#11234 = CARTESIAN_POINT('',(4.930066195029,20.0000006));
#11235 = ( GEOMETRIC_REPRESENTATION_CONTEXT(2) 
PARAMETRIC_REPRESENTATION_CONTEXT() REPRESENTATION_CONTEXT('2D SPACE',''
  ) );
#11236 = PCURVE('',#7921,#11237);
#11237 = DEFINITIONAL_REPRESENTATION('',(#11238),#11241);
#11238 = B_SPLINE_CURVE_WITH_KNOTS('',1,(#11239,#11240),.UNSPECIFIED.,
  .F.,.F.,(2,2),(-5.999999999062E-07,20.0000006),
  .PIECEWISE_BEZIER_KNOTS.);
#11239 = CARTESIAN_POINT('',(4.59430829829,-5.999999999062E-07));
#11240 = CARTESIAN_POINT('',(4.59430829829,20.0000006));
#11241 = ( GEOMETRIC_REPRESENTATION_CONTEXT(2) 
PARAMETRIC_REPRESENTATION_CONTEXT() REPRESENTATION_CONTEXT('2D SPACE',''
  ) );
#11242 = ORIENTED_EDGE('',*,*,#7933,.F.);
#11243 = ORIENTED_EDGE('',*,*,#11199,.F.);
#11244 = ADVANCED_FACE('',(#11245),#7921,.F.);
#11245 = FACE_BOUND('',#11246,.F.);
#11246 = EDGE_LOOP('',(#11247,#11248,#11267,#11268));
#11247 = ORIENTED_EDGE('',*,*,#9811,.T.);
#11248 = ORIENTED_EDGE('',*,*,#11249,.T.);
#11249 = EDGE_CURVE('',#9788,#7876,#11250,.T.);
#11250 = SURFACE_CURVE('',#11251,(#11255,#11261),.PCURVE_S1.);
#11251 = LINE('',#11252,#11253);
#11252 = CARTESIAN_POINT('',(-1.197889439972,5.906920663458,-10.));
#11253 = VECTOR('',#11254,1.);
#11254 = DIRECTION('',(0.,0.,1.));
#11255 = PCURVE('',#7921,#11256);
#11256 = DEFINITIONAL_REPRESENTATION('',(#11257),#11260);
#11257 = B_SPLINE_CURVE_WITH_KNOTS('',1,(#11258,#11259),.UNSPECIFIED.,
  .F.,.F.,(2,2),(-5.999999999062E-07,20.0000006),
  .PIECEWISE_BEZIER_KNOTS.);
#11258 = CARTESIAN_POINT('',(4.853479255463,-5.999999999062E-07));
#11259 = CARTESIAN_POINT('',(4.853479255463,20.0000006));
#11260 = ( GEOMETRIC_REPRESENTATION_CONTEXT(2) 
PARAMETRIC_REPRESENTATION_CONTEXT() REPRESENTATION_CONTEXT('2D SPACE',''
  ) );
#11261 = PCURVE('',#7892,#11262);
#11262 = DEFINITIONAL_REPRESENTATION('',(#11263),#11266);
#11263 = B_SPLINE_CURVE_WITH_KNOTS('',1,(#11264,#11265),.UNSPECIFIED.,
  .F.,.F.,(2,2),(-5.999999999062E-07,20.0000006),
  .PIECEWISE_BEZIER_KNOTS.);
#11264 = CARTESIAN_POINT('',(4.517709064563,-5.999999999062E-07));
#11265 = CARTESIAN_POINT('',(4.517709064563,20.0000006));
#11266 = ( GEOMETRIC_REPRESENTATION_CONTEXT(2) 
PARAMETRIC_REPRESENTATION_CONTEXT() REPRESENTATION_CONTEXT('2D SPACE',''
  ) );
#11267 = ORIENTED_EDGE('',*,*,#7904,.F.);
#11268 = ORIENTED_EDGE('',*,*,#11224,.F.);
#11269 = ADVANCED_FACE('',(#11270),#7892,.F.);
#11270 = FACE_BOUND('',#11271,.F.);
#11271 = EDGE_LOOP('',(#11272,#11273,#11292,#11293));
#11272 = ORIENTED_EDGE('',*,*,#9787,.T.);
#11273 = ORIENTED_EDGE('',*,*,#11274,.T.);
#11274 = EDGE_CURVE('',#9764,#7847,#11275,.T.);
#11275 = SURFACE_CURVE('',#11276,(#11280,#11286),.PCURVE_S1.);
#11276 = LINE('',#11277,#11278);
#11277 = CARTESIAN_POINT('',(-0.76779344161,5.881245558164,-10.));
#11278 = VECTOR('',#11279,1.);
#11279 = DIRECTION('',(0.,0.,1.));
#11280 = PCURVE('',#7892,#11281);
#11281 = DEFINITIONAL_REPRESENTATION('',(#11282),#11285);
#11282 = B_SPLINE_CURVE_WITH_KNOTS('',1,(#11283,#11284),.UNSPECIFIED.,
  .F.,.F.,(2,2),(-5.999999999062E-07,20.0000006),
  .PIECEWISE_BEZIER_KNOTS.);
#11283 = CARTESIAN_POINT('',(4.787817977782,-5.999999999062E-07));
#11284 = CARTESIAN_POINT('',(4.787817977782,20.0000006));
#11285 = ( GEOMETRIC_REPRESENTATION_CONTEXT(2) 
PARAMETRIC_REPRESENTATION_CONTEXT() REPRESENTATION_CONTEXT('2D SPACE',''
  ) );
#11286 = PCURVE('',#7863,#11287);
#11287 = DEFINITIONAL_REPRESENTATION('',(#11288),#11291);
#11288 = B_SPLINE_CURVE_WITH_KNOTS('',1,(#11289,#11290),.UNSPECIFIED.,
  .F.,.F.,(2,2),(-5.999999999062E-07,20.0000006),
  .PIECEWISE_BEZIER_KNOTS.);
#11289 = CARTESIAN_POINT('',(4.452049880257,-5.999999999062E-07));
#11290 = CARTESIAN_POINT('',(4.452049880257,20.0000006));
#11291 = ( GEOMETRIC_REPRESENTATION_CONTEXT(2) 
PARAMETRIC_REPRESENTATION_CONTEXT() REPRESENTATION_CONTEXT('2D SPACE',''
  ) );
#11292 = ORIENTED_EDGE('',*,*,#7875,.F.);
#11293 = ORIENTED_EDGE('',*,*,#11249,.F.);
#11294 = ADVANCED_FACE('',(#11295),#7863,.F.);
#11295 = FACE_BOUND('',#11296,.F.);
#11296 = EDGE_LOOP('',(#11297,#11298,#11317,#11318));
#11297 = ORIENTED_EDGE('',*,*,#9763,.T.);
#11298 = ORIENTED_EDGE('',*,*,#11299,.T.);
#11299 = EDGE_CURVE('',#9740,#7818,#11300,.T.);
#11300 = SURFACE_CURVE('',#11301,(#11305,#11311),.PCURVE_S1.);
#11301 = LINE('',#11302,#11303);
#11302 = CARTESIAN_POINT('',(-0.360403629037,5.827336178145,-10.));
#11303 = VECTOR('',#11304,1.);
#11304 = DIRECTION('',(0.,0.,1.));
#11305 = PCURVE('',#7863,#11306);
#11306 = DEFINITIONAL_REPRESENTATION('',(#11307),#11310);
#11307 = B_SPLINE_CURVE_WITH_KNOTS('',1,(#11308,#11309),.UNSPECIFIED.,
  .F.,.F.,(2,2),(-5.999999999062E-07,20.0000006),
  .PIECEWISE_BEZIER_KNOTS.);
#11308 = CARTESIAN_POINT('',(4.709599369555,-5.999999999062E-07));
#11309 = CARTESIAN_POINT('',(4.709599369555,20.0000006));
#11310 = ( GEOMETRIC_REPRESENTATION_CONTEXT(2) 
PARAMETRIC_REPRESENTATION_CONTEXT() REPRESENTATION_CONTEXT('2D SPACE',''
  ) );
#11311 = PCURVE('',#7834,#11312);
#11312 = DEFINITIONAL_REPRESENTATION('',(#11313),#11316);
#11313 = B_SPLINE_CURVE_WITH_KNOTS('',1,(#11314,#11315),.UNSPECIFIED.,
  .F.,.F.,(2,2),(-5.999999999062E-07,20.0000006),
  .PIECEWISE_BEZIER_KNOTS.);
#11314 = CARTESIAN_POINT('',(4.373849297264,-5.999999999062E-07));
#11315 = CARTESIAN_POINT('',(4.373849297264,20.0000006));
#11316 = ( GEOMETRIC_REPRESENTATION_CONTEXT(2) 
PARAMETRIC_REPRESENTATION_CONTEXT() REPRESENTATION_CONTEXT('2D SPACE',''
  ) );
#11317 = ORIENTED_EDGE('',*,*,#7846,.F.);
#11318 = ORIENTED_EDGE('',*,*,#11274,.F.);
#11319 = ADVANCED_FACE('',(#11320),#7834,.F.);
#11320 = FACE_BOUND('',#11321,.F.);
#11321 = EDGE_LOOP('',(#11322,#11323,#11342,#11343));
#11322 = ORIENTED_EDGE('',*,*,#9739,.T.);
#11323 = ORIENTED_EDGE('',*,*,#11324,.T.);
#11324 = EDGE_CURVE('',#9716,#7789,#11325,.T.);
#11325 = SURFACE_CURVE('',#11326,(#11330,#11336),.PCURVE_S1.);
#11326 = LINE('',#11327,#11328);
#11327 = CARTESIAN_POINT('',(5.536916082516E-02,5.740702977819,-10.));
#11328 = VECTOR('',#11329,1.);
#11329 = DIRECTION('',(0.,0.,1.));
#11330 = PCURVE('',#7834,#11331);
#11331 = DEFINITIONAL_REPRESENTATION('',(#11332),#11335);
#11332 = B_SPLINE_CURVE_WITH_KNOTS('',1,(#11333,#11334),.UNSPECIFIED.,
  .F.,.F.,(2,2),(-5.999999999062E-07,20.0000006),
  .PIECEWISE_BEZIER_KNOTS.);
#11333 = CARTESIAN_POINT('',(4.640073945885,-5.999999999062E-07));
#11334 = CARTESIAN_POINT('',(4.640073945885,20.0000006));
#11335 = ( GEOMETRIC_REPRESENTATION_CONTEXT(2) 
PARAMETRIC_REPRESENTATION_CONTEXT() REPRESENTATION_CONTEXT('2D SPACE',''
  ) );
#11336 = PCURVE('',#7805,#11337);
#11337 = DEFINITIONAL_REPRESENTATION('',(#11338),#11341);
#11338 = B_SPLINE_CURVE_WITH_KNOTS('',1,(#11339,#11340),.UNSPECIFIED.,
  .F.,.F.,(2,2),(-5.999999999062E-07,20.0000006),
  .PIECEWISE_BEZIER_KNOTS.);
#11339 = CARTESIAN_POINT('',(4.304310470135,-5.999999999062E-07));
#11340 = CARTESIAN_POINT('',(4.304310470135,20.0000006));
#11341 = ( GEOMETRIC_REPRESENTATION_CONTEXT(2) 
PARAMETRIC_REPRESENTATION_CONTEXT() REPRESENTATION_CONTEXT('2D SPACE',''
  ) );
#11342 = ORIENTED_EDGE('',*,*,#7817,.F.);
#11343 = ORIENTED_EDGE('',*,*,#11299,.F.);
#11344 = ADVANCED_FACE('',(#11345),#7805,.F.);
#11345 = FACE_BOUND('',#11346,.F.);
#11346 = EDGE_LOOP('',(#11347,#11348,#11367,#11368));
#11347 = ORIENTED_EDGE('',*,*,#9715,.T.);
#11348 = ORIENTED_EDGE('',*,*,#11349,.T.);
#11349 = EDGE_CURVE('',#9692,#7760,#11350,.T.);
#11350 = SURFACE_CURVE('',#11351,(#11355,#11361),.PCURVE_S1.);
#11351 = LINE('',#11352,#11353);
#11352 = CARTESIAN_POINT('',(0.451672572078,5.627217354059,-10.));
#11353 = VECTOR('',#11354,1.);
#11354 = DIRECTION('',(0.,0.,1.));
#11355 = PCURVE('',#7805,#11356);
#11356 = DEFINITIONAL_REPRESENTATION('',(#11357),#11360);
#11357 = B_SPLINE_CURVE_WITH_KNOTS('',1,(#11358,#11359),.UNSPECIFIED.,
  .F.,.F.,(2,2),(-5.999999999062E-07,20.0000006),
  .PIECEWISE_BEZIER_KNOTS.);
#11358 = CARTESIAN_POINT('',(4.562673579635,-5.999999999062E-07));
#11359 = CARTESIAN_POINT('',(4.562673579635,20.0000006));
#11360 = ( GEOMETRIC_REPRESENTATION_CONTEXT(2) 
PARAMETRIC_REPRESENTATION_CONTEXT() REPRESENTATION_CONTEXT('2D SPACE',''
  ) );
#11361 = PCURVE('',#7776,#11362);
#11362 = DEFINITIONAL_REPRESENTATION('',(#11363),#11366);
#11363 = B_SPLINE_CURVE_WITH_KNOTS('',1,(#11364,#11365),.UNSPECIFIED.,
  .F.,.F.,(2,2),(-5.999999999062E-07,20.0000006),
  .PIECEWISE_BEZIER_KNOTS.);
#11364 = CARTESIAN_POINT('',(4.226940978746,-5.999999999062E-07));
#11365 = CARTESIAN_POINT('',(4.226940978746,20.0000006));
#11366 = ( GEOMETRIC_REPRESENTATION_CONTEXT(2) 
PARAMETRIC_REPRESENTATION_CONTEXT() REPRESENTATION_CONTEXT('2D SPACE',''
  ) );
#11367 = ORIENTED_EDGE('',*,*,#7788,.F.);
#11368 = ORIENTED_EDGE('',*,*,#11324,.F.);
#11369 = ADVANCED_FACE('',(#11370),#7776,.F.);
#11370 = FACE_BOUND('',#11371,.F.);
#11371 = EDGE_LOOP('',(#11372,#11373,#11392,#11393));
#11372 = ORIENTED_EDGE('',*,*,#9691,.T.);
#11373 = ORIENTED_EDGE('',*,*,#11374,.T.);
#11374 = EDGE_CURVE('',#9668,#7731,#11375,.T.);
#11375 = SURFACE_CURVE('',#11376,(#11380,#11386),.PCURVE_S1.);
#11376 = LINE('',#11377,#11378);
#11377 = CARTESIAN_POINT('',(0.845450246796,5.481741477824,-10.));
#11378 = VECTOR('',#11379,1.);
#11379 = DIRECTION('',(0.,0.,1.));
#11380 = PCURVE('',#7776,#11381);
#11381 = DEFINITIONAL_REPRESENTATION('',(#11382),#11385);
#11382 = B_SPLINE_CURVE_WITH_KNOTS('',1,(#11383,#11384),.UNSPECIFIED.,
  .F.,.F.,(2,2),(-5.999999999062E-07,20.0000006),
  .PIECEWISE_BEZIER_KNOTS.);
#11383 = CARTESIAN_POINT('',(4.490068482178,-5.999999999062E-07));
#11384 = CARTESIAN_POINT('',(4.490068482178,20.0000006));
#11385 = ( GEOMETRIC_REPRESENTATION_CONTEXT(2) 
PARAMETRIC_REPRESENTATION_CONTEXT() REPRESENTATION_CONTEXT('2D SPACE',''
  ) );
#11386 = PCURVE('',#7747,#11387);
#11387 = DEFINITIONAL_REPRESENTATION('',(#11388),#11391);
#11388 = B_SPLINE_CURVE_WITH_KNOTS('',1,(#11389,#11390),.UNSPECIFIED.,
  .F.,.F.,(2,2),(-5.999999999062E-07,20.0000006),
  .PIECEWISE_BEZIER_KNOTS.);
#11389 = CARTESIAN_POINT('',(4.154303200914,-5.999999999062E-07));
#11390 = CARTESIAN_POINT('',(4.154303200914,20.0000006));
#11391 = ( GEOMETRIC_REPRESENTATION_CONTEXT(2) 
PARAMETRIC_REPRESENTATION_CONTEXT() REPRESENTATION_CONTEXT('2D SPACE',''
  ) );
#11392 = ORIENTED_EDGE('',*,*,#7759,.F.);
#11393 = ORIENTED_EDGE('',*,*,#11349,.F.);
#11394 = ADVANCED_FACE('',(#11395),#7747,.F.);
#11395 = FACE_BOUND('',#11396,.F.);
#11396 = EDGE_LOOP('',(#11397,#11398,#11417,#11418));
#11397 = ORIENTED_EDGE('',*,*,#9667,.T.);
#11398 = ORIENTED_EDGE('',*,*,#11399,.T.);
#11399 = EDGE_CURVE('',#9644,#7702,#11400,.T.);
#11400 = SURFACE_CURVE('',#11401,(#11405,#11411),.PCURVE_S1.);
#11401 = LINE('',#11402,#11403);
#11402 = CARTESIAN_POINT('',(1.216373722169,5.311536978679,-10.));
#11403 = VECTOR('',#11404,1.);
#11404 = DIRECTION('',(0.,0.,1.));
#11405 = PCURVE('',#7747,#11406);
#11406 = DEFINITIONAL_REPRESENTATION('',(#11407),#11410);
#11407 = B_SPLINE_CURVE_WITH_KNOTS('',1,(#11408,#11409),.UNSPECIFIED.,
  .F.,.F.,(2,2),(-5.999999999062E-07,20.0000006),
  .PIECEWISE_BEZIER_KNOTS.);
#11408 = CARTESIAN_POINT('',(4.41006852948,-5.999999999062E-07));
#11409 = CARTESIAN_POINT('',(4.41006852948,20.0000006));
#11410 = ( GEOMETRIC_REPRESENTATION_CONTEXT(2) 
PARAMETRIC_REPRESENTATION_CONTEXT() REPRESENTATION_CONTEXT('2D SPACE',''
  ) );
#11411 = PCURVE('',#7718,#11412);
#11412 = DEFINITIONAL_REPRESENTATION('',(#11413),#11416);
#11413 = B_SPLINE_CURVE_WITH_KNOTS('',1,(#11414,#11415),.UNSPECIFIED.,
  .F.,.F.,(2,2),(-5.999999999062E-07,20.0000006),
  .PIECEWISE_BEZIER_KNOTS.);
#11414 = CARTESIAN_POINT('',(4.074335697634,-5.999999999062E-07));
#11415 = CARTESIAN_POINT('',(4.074335697634,20.0000006));
#11416 = ( GEOMETRIC_REPRESENTATION_CONTEXT(2) 
PARAMETRIC_REPRESENTATION_CONTEXT() REPRESENTATION_CONTEXT('2D SPACE',''
  ) );
#11417 = ORIENTED_EDGE('',*,*,#7730,.F.);
#11418 = ORIENTED_EDGE('',*,*,#11374,.F.);
#11419 = ADVANCED_FACE('',(#11420),#7718,.F.);
#11420 = FACE_BOUND('',#11421,.F.);
#11421 = EDGE_LOOP('',(#11422,#11423,#11442,#11443));
#11422 = ORIENTED_EDGE('',*,*,#9643,.T.);
#11423 = ORIENTED_EDGE('',*,*,#11424,.T.);
#11424 = EDGE_CURVE('',#9620,#7673,#11425,.T.);
#11425 = SURFACE_CURVE('',#11426,(#11430,#11436),.PCURVE_S1.);
#11426 = LINE('',#11427,#11428);
#11427 = CARTESIAN_POINT('',(1.584358727062,5.10753910618,-10.));
#11428 = VECTOR('',#11429,1.);
#11429 = DIRECTION('',(0.,0.,1.));
#11430 = PCURVE('',#7718,#11431);
#11431 = DEFINITIONAL_REPRESENTATION('',(#11432),#11435);
#11432 = B_SPLINE_CURVE_WITH_KNOTS('',1,(#11433,#11434),.UNSPECIFIED.,
  .F.,.F.,(2,2),(-5.999999999062E-07,20.0000006),
  .PIECEWISE_BEZIER_KNOTS.);
#11433 = CARTESIAN_POINT('',(4.338066262405,-5.999999999062E-07));
#11434 = CARTESIAN_POINT('',(4.338066262405,20.0000006));
#11435 = ( GEOMETRIC_REPRESENTATION_CONTEXT(2) 
PARAMETRIC_REPRESENTATION_CONTEXT() REPRESENTATION_CONTEXT('2D SPACE',''
  ) );
#11436 = PCURVE('',#7689,#11437);
#11437 = DEFINITIONAL_REPRESENTATION('',(#11438),#11441);
#11438 = B_SPLINE_CURVE_WITH_KNOTS('',1,(#11439,#11440),.UNSPECIFIED.,
  .F.,.F.,(2,2),(-5.999999999062E-07,20.0000006),
  .PIECEWISE_BEZIER_KNOTS.);
#11439 = CARTESIAN_POINT('',(4.002293702089,-5.999999999062E-07));
#11440 = CARTESIAN_POINT('',(4.002293702089,20.0000006));
#11441 = ( GEOMETRIC_REPRESENTATION_CONTEXT(2) 
PARAMETRIC_REPRESENTATION_CONTEXT() REPRESENTATION_CONTEXT('2D SPACE',''
  ) );
#11442 = ORIENTED_EDGE('',*,*,#7701,.F.);
#11443 = ORIENTED_EDGE('',*,*,#11399,.F.);
#11444 = ADVANCED_FACE('',(#11445),#7689,.F.);
#11445 = FACE_BOUND('',#11446,.F.);
#11446 = EDGE_LOOP('',(#11447,#11448,#11467,#11468));
#11447 = ORIENTED_EDGE('',*,*,#9619,.T.);
#11448 = ORIENTED_EDGE('',*,*,#11449,.T.);
#11449 = EDGE_CURVE('',#9596,#7644,#11450,.T.);
#11450 = SURFACE_CURVE('',#11451,(#11455,#11461),.PCURVE_S1.);
#11451 = LINE('',#11452,#11453);
#11452 = CARTESIAN_POINT('',(1.916846145185,4.887256271343,-10.));
#11453 = VECTOR('',#11454,1.);
#11454 = DIRECTION('',(0.,0.,1.));
#11455 = PCURVE('',#7689,#11456);
#11456 = DEFINITIONAL_REPRESENTATION('',(#11457),#11460);
#11457 = B_SPLINE_CURVE_WITH_KNOTS('',1,(#11458,#11459),.UNSPECIFIED.,
  .F.,.F.,(2,2),(-5.999999999062E-07,20.0000006),
  .PIECEWISE_BEZIER_KNOTS.);
#11458 = CARTESIAN_POINT('',(4.252217911508,-5.999999999062E-07));
#11459 = CARTESIAN_POINT('',(4.252217911508,20.0000006));
#11460 = ( GEOMETRIC_REPRESENTATION_CONTEXT(2) 
PARAMETRIC_REPRESENTATION_CONTEXT() REPRESENTATION_CONTEXT('2D SPACE',''
  ) );
#11461 = PCURVE('',#7660,#11462);
#11462 = DEFINITIONAL_REPRESENTATION('',(#11463),#11466);
#11463 = B_SPLINE_CURVE_WITH_KNOTS('',1,(#11464,#11465),.UNSPECIFIED.,
  .F.,.F.,(2,2),(-5.999999999062E-07,20.0000006),
  .PIECEWISE_BEZIER_KNOTS.);
#11464 = CARTESIAN_POINT('',(3.916446097108,-5.999999999062E-07));
#11465 = CARTESIAN_POINT('',(3.916446097108,20.0000006));
#11466 = ( GEOMETRIC_REPRESENTATION_CONTEXT(2) 
PARAMETRIC_REPRESENTATION_CONTEXT() REPRESENTATION_CONTEXT('2D SPACE',''
  ) );
#11467 = ORIENTED_EDGE('',*,*,#7672,.F.);
#11468 = ORIENTED_EDGE('',*,*,#11424,.F.);
#11469 = ADVANCED_FACE('',(#11470),#7660,.F.);
#11470 = FACE_BOUND('',#11471,.F.);
#11471 = EDGE_LOOP('',(#11472,#11473,#11492,#11493));
#11472 = ORIENTED_EDGE('',*,*,#9595,.T.);
#11473 = ORIENTED_EDGE('',*,*,#11474,.T.);
#11474 = EDGE_CURVE('',#9572,#7615,#11475,.T.);
#11475 = SURFACE_CURVE('',#11476,(#11480,#11486),.PCURVE_S1.);
#11476 = LINE('',#11477,#11478);
#11477 = CARTESIAN_POINT('',(2.243353257546,4.630788854545,-10.));
#11478 = VECTOR('',#11479,1.);
#11479 = DIRECTION('',(0.,0.,1.));
#11480 = PCURVE('',#7660,#11481);
#11481 = DEFINITIONAL_REPRESENTATION('',(#11482),#11485);
#11482 = B_SPLINE_CURVE_WITH_KNOTS('',1,(#11483,#11484),.UNSPECIFIED.,
  .F.,.F.,(2,2),(-5.999999999062E-07,20.0000006),
  .PIECEWISE_BEZIER_KNOTS.);
#11483 = CARTESIAN_POINT('',(4.176673250118,-5.999999999062E-07));
#11484 = CARTESIAN_POINT('',(4.176673250118,20.0000006));
#11485 = ( GEOMETRIC_REPRESENTATION_CONTEXT(2) 
PARAMETRIC_REPRESENTATION_CONTEXT() REPRESENTATION_CONTEXT('2D SPACE',''
  ) );
#11486 = PCURVE('',#7631,#11487);
#11487 = DEFINITIONAL_REPRESENTATION('',(#11488),#11491);
#11488 = B_SPLINE_CURVE_WITH_KNOTS('',1,(#11489,#11490),.UNSPECIFIED.,
  .F.,.F.,(2,2),(-5.999999999062E-07,20.0000006),
  .PIECEWISE_BEZIER_KNOTS.);
#11489 = CARTESIAN_POINT('',(3.840959957516,-5.999999999062E-07));
#11490 = CARTESIAN_POINT('',(3.840959957516,20.0000006));
#11491 = ( GEOMETRIC_REPRESENTATION_CONTEXT(2) 
PARAMETRIC_REPRESENTATION_CONTEXT() REPRESENTATION_CONTEXT('2D SPACE',''
  ) );
#11492 = ORIENTED_EDGE('',*,*,#7643,.F.);
#11493 = ORIENTED_EDGE('',*,*,#11449,.F.);
#11494 = ADVANCED_FACE('',(#11495),#7631,.F.);
#11495 = FACE_BOUND('',#11496,.F.);
#11496 = EDGE_LOOP('',(#11497,#11498,#11517,#11518));
#11497 = ORIENTED_EDGE('',*,*,#9571,.T.);
#11498 = ORIENTED_EDGE('',*,*,#11499,.T.);
#11499 = EDGE_CURVE('',#9548,#7586,#11500,.T.);
#11500 = SURFACE_CURVE('',#11501,(#11505,#11511),.PCURVE_S1.);
#11501 = LINE('',#11502,#11503);
#11502 = CARTESIAN_POINT('',(2.544432448882,4.354056988978,-10.));
#11503 = VECTOR('',#11504,1.);
#11504 = DIRECTION('',(0.,0.,1.));
#11505 = PCURVE('',#7631,#11506);
#11506 = DEFINITIONAL_REPRESENTATION('',(#11507),#11510);
#11507 = B_SPLINE_CURVE_WITH_KNOTS('',1,(#11508,#11509),.UNSPECIFIED.,
  .F.,.F.,(2,2),(-5.999999999062E-07,20.0000006),
  .PIECEWISE_BEZIER_KNOTS.);
#11508 = CARTESIAN_POINT('',(4.097246202501,-5.999999999062E-07));
#11509 = CARTESIAN_POINT('',(4.097246202501,20.0000006));
#11510 = ( GEOMETRIC_REPRESENTATION_CONTEXT(2) 
PARAMETRIC_REPRESENTATION_CONTEXT() REPRESENTATION_CONTEXT('2D SPACE',''
  ) );
#11511 = PCURVE('',#7602,#11512);
#11512 = DEFINITIONAL_REPRESENTATION('',(#11513),#11516);
#11513 = B_SPLINE_CURVE_WITH_KNOTS('',1,(#11514,#11515),.UNSPECIFIED.,
  .F.,.F.,(2,2),(-5.999999999062E-07,20.0000006),
  .PIECEWISE_BEZIER_KNOTS.);
#11514 = CARTESIAN_POINT('',(3.761474586873,-5.999999999062E-07));
#11515 = CARTESIAN_POINT('',(3.761474586873,20.0000006));
#11516 = ( GEOMETRIC_REPRESENTATION_CONTEXT(2) 
PARAMETRIC_REPRESENTATION_CONTEXT() REPRESENTATION_CONTEXT('2D SPACE',''
  ) );
#11517 = ORIENTED_EDGE('',*,*,#7614,.F.);
#11518 = ORIENTED_EDGE('',*,*,#11474,.F.);
#11519 = ADVANCED_FACE('',(#11520),#7602,.F.);
#11520 = FACE_BOUND('',#11521,.F.);
#11521 = EDGE_LOOP('',(#11522,#11523,#11542,#11543));
#11522 = ORIENTED_EDGE('',*,*,#9547,.T.);
#11523 = ORIENTED_EDGE('',*,*,#11524,.T.);
#11524 = EDGE_CURVE('',#9524,#7557,#11525,.T.);
#11525 = SURFACE_CURVE('',#11526,(#11530,#11536),.PCURVE_S1.);
#11526 = LINE('',#11527,#11528);
#11527 = CARTESIAN_POINT('',(2.814008250341,4.061491915057,-10.));
#11528 = VECTOR('',#11529,1.);
#11529 = DIRECTION('',(0.,0.,1.));
#11530 = PCURVE('',#7602,#11531);
#11531 = DEFINITIONAL_REPRESENTATION('',(#11532),#11535);
#11532 = B_SPLINE_CURVE_WITH_KNOTS('',1,(#11533,#11534),.UNSPECIFIED.,
  .F.,.F.,(2,2),(-5.999999999062E-07,20.0000006),
  .PIECEWISE_BEZIER_KNOTS.);
#11533 = CARTESIAN_POINT('',(4.010760744804,-5.999999999062E-07));
#11534 = CARTESIAN_POINT('',(4.010760744804,20.0000006));
#11535 = ( GEOMETRIC_REPRESENTATION_CONTEXT(2) 
PARAMETRIC_REPRESENTATION_CONTEXT() REPRESENTATION_CONTEXT('2D SPACE',''
  ) );
#11536 = PCURVE('',#7573,#11537);
#11537 = DEFINITIONAL_REPRESENTATION('',(#11538),#11541);
#11538 = B_SPLINE_CURVE_WITH_KNOTS('',1,(#11539,#11540),.UNSPECIFIED.,
  .F.,.F.,(2,2),(-5.999999999062E-07,20.0000006),
  .PIECEWISE_BEZIER_KNOTS.);
#11539 = CARTESIAN_POINT('',(3.675004037072,-5.999999999062E-07));
#11540 = CARTESIAN_POINT('',(3.675004037072,20.0000006));
#11541 = ( GEOMETRIC_REPRESENTATION_CONTEXT(2) 
PARAMETRIC_REPRESENTATION_CONTEXT() REPRESENTATION_CONTEXT('2D SPACE',''
  ) );
#11542 = ORIENTED_EDGE('',*,*,#7585,.F.);
#11543 = ORIENTED_EDGE('',*,*,#11499,.F.);
#11544 = ADVANCED_FACE('',(#11545),#7573,.F.);
#11545 = FACE_BOUND('',#11546,.F.);
#11546 = EDGE_LOOP('',(#11547,#11548,#11567,#11568));
#11547 = ORIENTED_EDGE('',*,*,#9523,.T.);
#11548 = ORIENTED_EDGE('',*,*,#11549,.T.);
#11549 = EDGE_CURVE('',#9500,#7528,#11550,.T.);
#11550 = SURFACE_CURVE('',#11551,(#11555,#11561),.PCURVE_S1.);
#11551 = LINE('',#11552,#11553);
#11552 = CARTESIAN_POINT('',(3.063350609107,3.740697725667,-10.));
#11553 = VECTOR('',#11554,1.);
#11554 = DIRECTION('',(0.,0.,1.));
#11555 = PCURVE('',#7573,#11556);
#11556 = DEFINITIONAL_REPRESENTATION('',(#11557),#11560);
#11557 = B_SPLINE_CURVE_WITH_KNOTS('',1,(#11558,#11559),.UNSPECIFIED.,
  .F.,.F.,(2,2),(-5.999999999062E-07,20.0000006),
  .PIECEWISE_BEZIER_KNOTS.);
#11558 = CARTESIAN_POINT('',(3.929629471737,-5.999999999062E-07));
#11559 = CARTESIAN_POINT('',(3.929629471737,20.0000006));
#11560 = ( GEOMETRIC_REPRESENTATION_CONTEXT(2) 
PARAMETRIC_REPRESENTATION_CONTEXT() REPRESENTATION_CONTEXT('2D SPACE',''
  ) );
#11561 = PCURVE('',#7544,#11562);
#11562 = DEFINITIONAL_REPRESENTATION('',(#11563),#11566);
#11563 = B_SPLINE_CURVE_WITH_KNOTS('',1,(#11564,#11565),.UNSPECIFIED.,
  .F.,.F.,(2,2),(-5.999999999062E-07,20.0000006),
  .PIECEWISE_BEZIER_KNOTS.);
#11564 = CARTESIAN_POINT('',(3.59392448678,-5.999999999062E-07));
#11565 = CARTESIAN_POINT('',(3.59392448678,20.0000006));
#11566 = ( GEOMETRIC_REPRESENTATION_CONTEXT(2) 
PARAMETRIC_REPRESENTATION_CONTEXT() REPRESENTATION_CONTEXT('2D SPACE',''
  ) );
#11567 = ORIENTED_EDGE('',*,*,#7556,.F.);
#11568 = ORIENTED_EDGE('',*,*,#11524,.F.);
#11569 = ADVANCED_FACE('',(#11570),#7544,.F.);
#11570 = FACE_BOUND('',#11571,.F.);
#11571 = EDGE_LOOP('',(#11572,#11573,#11592,#11593));
#11572 = ORIENTED_EDGE('',*,*,#9499,.T.);
#11573 = ORIENTED_EDGE('',*,*,#11574,.T.);
#11574 = EDGE_CURVE('',#9476,#7499,#11575,.T.);
#11575 = SURFACE_CURVE('',#11576,(#11580,#11586),.PCURVE_S1.);
#11576 = LINE('',#11577,#11578);
#11577 = CARTESIAN_POINT('',(3.283644792984,3.403399922914,-10.));
#11578 = VECTOR('',#11579,1.);
#11579 = DIRECTION('',(0.,0.,1.));
#11580 = PCURVE('',#7544,#11581);
#11581 = DEFINITIONAL_REPRESENTATION('',(#11582),#11585);
#11582 = B_SPLINE_CURVE_WITH_KNOTS('',1,(#11583,#11584),.UNSPECIFIED.,
  .F.,.F.,(2,2),(-5.999999999062E-07,20.0000006),
  .PIECEWISE_BEZIER_KNOTS.);
#11583 = CARTESIAN_POINT('',(3.846384349685,-5.999999999062E-07));
#11584 = CARTESIAN_POINT('',(3.846384349685,20.0000006));
#11585 = ( GEOMETRIC_REPRESENTATION_CONTEXT(2) 
PARAMETRIC_REPRESENTATION_CONTEXT() REPRESENTATION_CONTEXT('2D SPACE',''
  ) );
#11586 = PCURVE('',#7515,#11587);
#11587 = DEFINITIONAL_REPRESENTATION('',(#11588),#11591);
#11588 = B_SPLINE_CURVE_WITH_KNOTS('',1,(#11589,#11590),.UNSPECIFIED.,
  .F.,.F.,(2,2),(-5.999999999062E-07,20.0000006),
  .PIECEWISE_BEZIER_KNOTS.);
#11589 = CARTESIAN_POINT('',(3.510671139864,-5.999999999062E-07));
#11590 = CARTESIAN_POINT('',(3.510671139864,20.0000006));
#11591 = ( GEOMETRIC_REPRESENTATION_CONTEXT(2) 
PARAMETRIC_REPRESENTATION_CONTEXT() REPRESENTATION_CONTEXT('2D SPACE',''
  ) );
#11592 = ORIENTED_EDGE('',*,*,#7527,.F.);
#11593 = ORIENTED_EDGE('',*,*,#11549,.F.);
#11594 = ADVANCED_FACE('',(#11595),#7515,.F.);
#11595 = FACE_BOUND('',#11596,.F.);
#11596 = EDGE_LOOP('',(#11597,#11598,#11617,#11618));
#11597 = ORIENTED_EDGE('',*,*,#9475,.T.);
#11598 = ORIENTED_EDGE('',*,*,#11599,.T.);
#11599 = EDGE_CURVE('',#9452,#7470,#11600,.T.);
#11600 = SURFACE_CURVE('',#11601,(#11605,#11611),.PCURVE_S1.);
#11601 = LINE('',#11602,#11603);
#11602 = CARTESIAN_POINT('',(3.47330487355,3.051500954566,-10.));
#11603 = VECTOR('',#11604,1.);
#11604 = DIRECTION('',(0.,0.,1.));
#11605 = PCURVE('',#7515,#11606);
#11606 = DEFINITIONAL_REPRESENTATION('',(#11607),#11610);
#11607 = B_SPLINE_CURVE_WITH_KNOTS('',1,(#11608,#11609),.UNSPECIFIED.,
  .F.,.F.,(2,2),(-5.999999999062E-07,20.0000006),
  .PIECEWISE_BEZIER_KNOTS.);
#11608 = CARTESIAN_POINT('',(3.761172286287,-5.999999999062E-07));
#11609 = CARTESIAN_POINT('',(3.761172286287,20.0000006));
#11610 = ( GEOMETRIC_REPRESENTATION_CONTEXT(2) 
PARAMETRIC_REPRESENTATION_CONTEXT() REPRESENTATION_CONTEXT('2D SPACE',''
  ) );
#11611 = PCURVE('',#7486,#11612);
#11612 = DEFINITIONAL_REPRESENTATION('',(#11613),#11616);
#11613 = B_SPLINE_CURVE_WITH_KNOTS('',1,(#11614,#11615),.UNSPECIFIED.,
  .F.,.F.,(2,2),(-5.999999999062E-07,20.0000006),
  .PIECEWISE_BEZIER_KNOTS.);
#11614 = CARTESIAN_POINT('',(3.425426073211,-5.999999999062E-07));
#11615 = CARTESIAN_POINT('',(3.425426073211,20.0000006));
#11616 = ( GEOMETRIC_REPRESENTATION_CONTEXT(2) 
PARAMETRIC_REPRESENTATION_CONTEXT() REPRESENTATION_CONTEXT('2D SPACE',''
  ) );
#11617 = ORIENTED_EDGE('',*,*,#7498,.F.);
#11618 = ORIENTED_EDGE('',*,*,#11574,.F.);
#11619 = ADVANCED_FACE('',(#11620),#7486,.F.);
#11620 = FACE_BOUND('',#11621,.F.);
#11621 = EDGE_LOOP('',(#11622,#11623,#11642,#11643));
#11622 = ORIENTED_EDGE('',*,*,#9451,.T.);
#11623 = ORIENTED_EDGE('',*,*,#11624,.T.);
#11624 = EDGE_CURVE('',#9428,#7441,#11625,.T.);
#11625 = SURFACE_CURVE('',#11626,(#11630,#11636),.PCURVE_S1.);
#11626 = LINE('',#11627,#11628);
#11627 = CARTESIAN_POINT('',(3.630882636254,2.687157070096,-10.));
#11628 = VECTOR('',#11629,1.);
#11629 = DIRECTION('',(0.,0.,1.));
#11630 = PCURVE('',#7486,#11631);
#11631 = DEFINITIONAL_REPRESENTATION('',(#11632),#11635);
#11632 = B_SPLINE_CURVE_WITH_KNOTS('',1,(#11633,#11634),.UNSPECIFIED.,
  .F.,.F.,(2,2),(-5.999999999062E-07,20.0000006),
  .PIECEWISE_BEZIER_KNOTS.);
#11633 = CARTESIAN_POINT('',(3.674166811594,-5.999999999062E-07));
#11634 = CARTESIAN_POINT('',(3.674166811594,20.0000006));
#11635 = ( GEOMETRIC_REPRESENTATION_CONTEXT(2) 
PARAMETRIC_REPRESENTATION_CONTEXT() REPRESENTATION_CONTEXT('2D SPACE',''
  ) );
#11636 = PCURVE('',#7457,#11637);
#11637 = DEFINITIONAL_REPRESENTATION('',(#11638),#11641);
#11638 = B_SPLINE_CURVE_WITH_KNOTS('',1,(#11639,#11640),.UNSPECIFIED.,
  .F.,.F.,(2,2),(0.,20.),.PIECEWISE_BEZIER_KNOTS.);
#11639 = CARTESIAN_POINT('',(3.33838727505,0.));
#11640 = CARTESIAN_POINT('',(3.33838727505,20.));
#11641 = ( GEOMETRIC_REPRESENTATION_CONTEXT(2) 
PARAMETRIC_REPRESENTATION_CONTEXT() REPRESENTATION_CONTEXT('2D SPACE',''
  ) );
#11642 = ORIENTED_EDGE('',*,*,#7469,.F.);
#11643 = ORIENTED_EDGE('',*,*,#11599,.F.);
#11644 = ADVANCED_FACE('',(#11645),#7457,.F.);
#11645 = FACE_BOUND('',#11646,.F.);
#11646 = EDGE_LOOP('',(#11647,#11648,#11649,#11650));
#11647 = ORIENTED_EDGE('',*,*,#7440,.F.);
#11648 = ORIENTED_EDGE('',*,*,#11624,.F.);
#11649 = ORIENTED_EDGE('',*,*,#9427,.T.);
#11650 = ORIENTED_EDGE('',*,*,#11651,.T.);
#11651 = EDGE_CURVE('',#9404,#7412,#11652,.T.);
#11652 = SURFACE_CURVE('',#11653,(#11657,#11663),.PCURVE_S1.);
#11653 = LINE('',#11654,#11655);
#11654 = CARTESIAN_POINT('',(6.578404625044,3.812404264919,-10.));
#11655 = VECTOR('',#11656,1.);
#11656 = DIRECTION('',(0.,0.,1.));
#11657 = PCURVE('',#7457,#11658);
#11658 = DEFINITIONAL_REPRESENTATION('',(#11659),#11662);
#11659 = B_SPLINE_CURVE_WITH_KNOTS('',1,(#11660,#11661),.UNSPECIFIED.,
  .F.,.F.,(2,2),(0.,20.),.PIECEWISE_BEZIER_KNOTS.);
#11660 = CARTESIAN_POINT('',(6.815759465183,0.));
#11661 = CARTESIAN_POINT('',(6.815759465183,20.));
#11662 = ( GEOMETRIC_REPRESENTATION_CONTEXT(2) 
PARAMETRIC_REPRESENTATION_CONTEXT() REPRESENTATION_CONTEXT('2D SPACE',''
  ) );
#11663 = PCURVE('',#7428,#11664);
#11664 = DEFINITIONAL_REPRESENTATION('',(#11665),#11668);
#11665 = B_SPLINE_CURVE_WITH_KNOTS('',1,(#11666,#11667),.UNSPECIFIED.,
  .F.,.F.,(2,2),(-5.999999999062E-07,20.0000006),
  .PIECEWISE_BEZIER_KNOTS.);
#11666 = CARTESIAN_POINT('',(0.19679462146,-5.999999999062E-07));
#11667 = CARTESIAN_POINT('',(0.19679462146,20.0000006));
#11668 = ( GEOMETRIC_REPRESENTATION_CONTEXT(2) 
PARAMETRIC_REPRESENTATION_CONTEXT() REPRESENTATION_CONTEXT('2D SPACE',''
  ) );
#11669 = ADVANCED_FACE('',(#11670),#7428,.F.);
#11670 = FACE_BOUND('',#11671,.F.);
#11671 = EDGE_LOOP('',(#11672,#11673,#11674,#11675));
#11672 = ORIENTED_EDGE('',*,*,#7411,.F.);
#11673 = ORIENTED_EDGE('',*,*,#11651,.F.);
#11674 = ORIENTED_EDGE('',*,*,#9403,.T.);
#11675 = ORIENTED_EDGE('',*,*,#11676,.T.);
#11676 = EDGE_CURVE('',#9380,#7383,#11677,.T.);
#11677 = SURFACE_CURVE('',#11678,(#11682,#11688),.PCURVE_S1.);
#11678 = LINE('',#11679,#11680);
#11679 = CARTESIAN_POINT('',(6.311883473984,4.428670105124,-10.));
#11680 = VECTOR('',#11681,1.);
#11681 = DIRECTION('',(0.,0.,1.));
#11682 = PCURVE('',#7428,#11683);
#11683 = DEFINITIONAL_REPRESENTATION('',(#11684),#11687);
#11684 = B_SPLINE_CURVE_WITH_KNOTS('',1,(#11685,#11686),.UNSPECIFIED.,
  .F.,.F.,(2,2),(-5.999999999062E-07,20.0000006),
  .PIECEWISE_BEZIER_KNOTS.);
#11685 = CARTESIAN_POINT('',(0.619579632697,-5.999999999062E-07));
#11686 = CARTESIAN_POINT('',(0.619579632697,20.0000006));
#11687 = ( GEOMETRIC_REPRESENTATION_CONTEXT(2) 
PARAMETRIC_REPRESENTATION_CONTEXT() REPRESENTATION_CONTEXT('2D SPACE',''
  ) );
#11688 = PCURVE('',#7399,#11689);
#11689 = DEFINITIONAL_REPRESENTATION('',(#11690),#11693);
#11690 = B_SPLINE_CURVE_WITH_KNOTS('',1,(#11691,#11692),.UNSPECIFIED.,
  .F.,.F.,(2,2),(-5.999999999062E-07,20.0000006),
  .PIECEWISE_BEZIER_KNOTS.);
#11691 = CARTESIAN_POINT('',(0.283833419621,-5.999999999062E-07));
#11692 = CARTESIAN_POINT('',(0.283833419621,20.0000006));
#11693 = ( GEOMETRIC_REPRESENTATION_CONTEXT(2) 
PARAMETRIC_REPRESENTATION_CONTEXT() REPRESENTATION_CONTEXT('2D SPACE',''
  ) );
#11694 = ADVANCED_FACE('',(#11695),#7399,.F.);
#11695 = FACE_BOUND('',#11696,.F.);
#11696 = EDGE_LOOP('',(#11697,#11698,#11699,#11700));
#11697 = ORIENTED_EDGE('',*,*,#7382,.F.);
#11698 = ORIENTED_EDGE('',*,*,#11676,.F.);
#11699 = ORIENTED_EDGE('',*,*,#9379,.T.);
#11700 = ORIENTED_EDGE('',*,*,#11701,.T.);
#11701 = EDGE_CURVE('',#9356,#7354,#11702,.T.);
#11702 = SURFACE_CURVE('',#11703,(#11707,#11713),.PCURVE_S1.);
#11703 = LINE('',#11704,#11705);
#11704 = CARTESIAN_POINT('',(5.994695523379,5.017209994784,-10.));
#11705 = VECTOR('',#11706,1.);
#11706 = DIRECTION('',(0.,0.,1.));
#11707 = PCURVE('',#7399,#11708);
#11708 = DEFINITIONAL_REPRESENTATION('',(#11709),#11712);
#11709 = B_SPLINE_CURVE_WITH_KNOTS('',1,(#11710,#11711),.UNSPECIFIED.,
  .F.,.F.,(2,2),(-5.999999999062E-07,20.0000006),
  .PIECEWISE_BEZIER_KNOTS.);
#11710 = CARTESIAN_POINT('',(0.704791696096,-5.999999999062E-07));
#11711 = CARTESIAN_POINT('',(0.704791696096,20.0000006));
#11712 = ( GEOMETRIC_REPRESENTATION_CONTEXT(2) 
PARAMETRIC_REPRESENTATION_CONTEXT() REPRESENTATION_CONTEXT('2D SPACE',''
  ) );
#11713 = PCURVE('',#7370,#11714);
#11714 = DEFINITIONAL_REPRESENTATION('',(#11715),#11718);
#11715 = B_SPLINE_CURVE_WITH_KNOTS('',1,(#11716,#11717),.UNSPECIFIED.,
  .F.,.F.,(2,2),(-5.999999999062E-07,20.0000006),
  .PIECEWISE_BEZIER_KNOTS.);
#11716 = CARTESIAN_POINT('',(0.369078486274,-5.999999999062E-07));
#11717 = CARTESIAN_POINT('',(0.369078486274,20.0000006));
#11718 = ( GEOMETRIC_REPRESENTATION_CONTEXT(2) 
PARAMETRIC_REPRESENTATION_CONTEXT() REPRESENTATION_CONTEXT('2D SPACE',''
  ) );
#11719 = ADVANCED_FACE('',(#11720),#7370,.F.);
#11720 = FACE_BOUND('',#11721,.F.);
#11721 = EDGE_LOOP('',(#11722,#11723,#11724,#11725));
#11722 = ORIENTED_EDGE('',*,*,#7353,.F.);
#11723 = ORIENTED_EDGE('',*,*,#11701,.F.);
#11724 = ORIENTED_EDGE('',*,*,#9355,.T.);
#11725 = ORIENTED_EDGE('',*,*,#11726,.T.);
#11726 = EDGE_CURVE('',#9332,#7325,#11727,.T.);
#11727 = SURFACE_CURVE('',#11728,(#11732,#11738),.PCURVE_S1.);
#11728 = LINE('',#11729,#11730);
#11729 = CARTESIAN_POINT('',(5.630820847841,5.574352397943,-10.));
#11730 = VECTOR('',#11731,1.);
#11731 = DIRECTION('',(0.,0.,1.));
#11732 = PCURVE('',#7370,#11733);
#11733 = DEFINITIONAL_REPRESENTATION('',(#11734),#11737);
#11734 = B_SPLINE_CURVE_WITH_KNOTS('',1,(#11735,#11736),.UNSPECIFIED.,
  .F.,.F.,(2,2),(-5.999999999062E-07,20.0000006),
  .PIECEWISE_BEZIER_KNOTS.);
#11735 = CARTESIAN_POINT('',(0.788036818148,-5.999999999062E-07));
#11736 = CARTESIAN_POINT('',(0.788036818148,20.0000006));
#11737 = ( GEOMETRIC_REPRESENTATION_CONTEXT(2) 
PARAMETRIC_REPRESENTATION_CONTEXT() REPRESENTATION_CONTEXT('2D SPACE',''
  ) );
#11738 = PCURVE('',#7341,#11739);
#11739 = DEFINITIONAL_REPRESENTATION('',(#11740),#11743);
#11740 = B_SPLINE_CURVE_WITH_KNOTS('',1,(#11741,#11742),.UNSPECIFIED.,
  .F.,.F.,(2,2),(-5.999999999062E-07,20.0000006),
  .PIECEWISE_BEZIER_KNOTS.);
#11741 = CARTESIAN_POINT('',(0.45233183319,-5.999999999062E-07));
#11742 = CARTESIAN_POINT('',(0.45233183319,20.0000006));
#11743 = ( GEOMETRIC_REPRESENTATION_CONTEXT(2) 
PARAMETRIC_REPRESENTATION_CONTEXT() REPRESENTATION_CONTEXT('2D SPACE',''
  ) );
#11744 = ADVANCED_FACE('',(#11745),#7341,.F.);
#11745 = FACE_BOUND('',#11746,.F.);
#11746 = EDGE_LOOP('',(#11747,#11748,#11749,#11750));
#11747 = ORIENTED_EDGE('',*,*,#7324,.F.);
#11748 = ORIENTED_EDGE('',*,*,#11726,.F.);
#11749 = ORIENTED_EDGE('',*,*,#9331,.T.);
#11750 = ORIENTED_EDGE('',*,*,#11751,.T.);
#11751 = EDGE_CURVE('',#9308,#7296,#11752,.T.);
#11752 = SURFACE_CURVE('',#11753,(#11757,#11763),.PCURVE_S1.);
#11753 = LINE('',#11754,#11755);
#11754 = CARTESIAN_POINT('',(5.224471708407,6.097117507757,-10.));
#11755 = VECTOR('',#11756,1.);
#11756 = DIRECTION('',(0.,0.,1.));
#11757 = PCURVE('',#7341,#11758);
#11758 = DEFINITIONAL_REPRESENTATION('',(#11759),#11762);
#11759 = B_SPLINE_CURVE_WITH_KNOTS('',1,(#11760,#11761),.UNSPECIFIED.,
  .F.,.F.,(2,2),(-5.999999999062E-07,20.0000006),
  .PIECEWISE_BEZIER_KNOTS.);
#11760 = CARTESIAN_POINT('',(0.869168091214,-5.999999999062E-07));
#11761 = CARTESIAN_POINT('',(0.869168091214,20.0000006));
#11762 = ( GEOMETRIC_REPRESENTATION_CONTEXT(2) 
PARAMETRIC_REPRESENTATION_CONTEXT() REPRESENTATION_CONTEXT('2D SPACE',''
  ) );
#11763 = PCURVE('',#7312,#11764);
#11764 = DEFINITIONAL_REPRESENTATION('',(#11765),#11768);
#11765 = B_SPLINE_CURVE_WITH_KNOTS('',1,(#11766,#11767),.UNSPECIFIED.,
  .F.,.F.,(2,2),(-5.999999999062E-07,20.0000006),
  .PIECEWISE_BEZIER_KNOTS.);
#11766 = CARTESIAN_POINT('',(0.533411383482,-5.999999999062E-07));
#11767 = CARTESIAN_POINT('',(0.533411383482,20.0000006));
#11768 = ( GEOMETRIC_REPRESENTATION_CONTEXT(2) 
PARAMETRIC_REPRESENTATION_CONTEXT() REPRESENTATION_CONTEXT('2D SPACE',''
  ) );
#11769 = ADVANCED_FACE('',(#11770),#7312,.F.);
#11770 = FACE_BOUND('',#11771,.F.);
#11771 = EDGE_LOOP('',(#11772,#11773,#11774,#11775));
#11772 = ORIENTED_EDGE('',*,*,#7295,.F.);
#11773 = ORIENTED_EDGE('',*,*,#11751,.F.);
#11774 = ORIENTED_EDGE('',*,*,#9307,.T.);
#11775 = ORIENTED_EDGE('',*,*,#11776,.T.);
#11776 = EDGE_CURVE('',#9284,#7267,#11777,.T.);
#11777 = SURFACE_CURVE('',#11778,(#11782,#11788),.PCURVE_S1.);
#11778 = LINE('',#11779,#11780);
#11779 = CARTESIAN_POINT('',(4.770067945669,6.590265190882,-10.));
#11780 = VECTOR('',#11781,1.);
#11781 = DIRECTION('',(0.,0.,1.));
#11782 = PCURVE('',#7312,#11783);
#11783 = DEFINITIONAL_REPRESENTATION('',(#11784),#11787);
#11784 = B_SPLINE_CURVE_WITH_KNOTS('',1,(#11785,#11786),.UNSPECIFIED.,
  .F.,.F.,(2,2),(-5.999999999062E-07,20.0000006),
  .PIECEWISE_BEZIER_KNOTS.);
#11785 = CARTESIAN_POINT('',(0.955653548911,-5.999999999062E-07));
#11786 = CARTESIAN_POINT('',(0.955653548911,20.0000006));
#11787 = ( GEOMETRIC_REPRESENTATION_CONTEXT(2) 
PARAMETRIC_REPRESENTATION_CONTEXT() REPRESENTATION_CONTEXT('2D SPACE',''
  ) );
#11788 = PCURVE('',#7283,#11789);
#11789 = DEFINITIONAL_REPRESENTATION('',(#11790),#11793);
#11790 = B_SPLINE_CURVE_WITH_KNOTS('',1,(#11791,#11792),.UNSPECIFIED.,
  .F.,.F.,(2,2),(-5.999999999062E-07,20.0000006),
  .PIECEWISE_BEZIER_KNOTS.);
#11791 = CARTESIAN_POINT('',(0.619881933284,-5.999999999062E-07));
#11792 = CARTESIAN_POINT('',(0.619881933284,20.0000006));
#11793 = ( GEOMETRIC_REPRESENTATION_CONTEXT(2) 
PARAMETRIC_REPRESENTATION_CONTEXT() REPRESENTATION_CONTEXT('2D SPACE',''
  ) );
#11794 = ADVANCED_FACE('',(#11795),#7283,.F.);
#11795 = FACE_BOUND('',#11796,.F.);
#11796 = EDGE_LOOP('',(#11797,#11798,#11799,#11800));
#11797 = ORIENTED_EDGE('',*,*,#7266,.F.);
#11798 = ORIENTED_EDGE('',*,*,#11776,.F.);
#11799 = ORIENTED_EDGE('',*,*,#9283,.T.);
#11800 = ORIENTED_EDGE('',*,*,#11801,.T.);
#11801 = EDGE_CURVE('',#9260,#7238,#11802,.T.);
#11802 = SURFACE_CURVE('',#11803,(#11807,#11813),.PCURVE_S1.);
#11803 = LINE('',#11804,#11805);
#11804 = CARTESIAN_POINT('',(4.284483269158,7.036608288109,-10.));
#11805 = VECTOR('',#11806,1.);
#11806 = DIRECTION('',(0.,0.,1.));
#11807 = PCURVE('',#7283,#11808);
#11808 = DEFINITIONAL_REPRESENTATION('',(#11809),#11812);
#11809 = B_SPLINE_CURVE_WITH_KNOTS('',1,(#11810,#11811),.UNSPECIFIED.,
  .F.,.F.,(2,2),(-5.999999999062E-07,20.0000006),
  .PIECEWISE_BEZIER_KNOTS.);
#11810 = CARTESIAN_POINT('',(1.035080596528,-5.999999999062E-07));
#11811 = CARTESIAN_POINT('',(1.035080596528,20.0000006));
#11812 = ( GEOMETRIC_REPRESENTATION_CONTEXT(2) 
PARAMETRIC_REPRESENTATION_CONTEXT() REPRESENTATION_CONTEXT('2D SPACE',''
  ) );
#11813 = PCURVE('',#7254,#11814);
#11814 = DEFINITIONAL_REPRESENTATION('',(#11815),#11818);
#11815 = B_SPLINE_CURVE_WITH_KNOTS('',1,(#11816,#11817),.UNSPECIFIED.,
  .F.,.F.,(2,2),(-5.999999999062E-07,20.0000006),
  .PIECEWISE_BEZIER_KNOTS.);
#11816 = CARTESIAN_POINT('',(0.699367303926,-5.999999999062E-07));
#11817 = CARTESIAN_POINT('',(0.699367303926,20.0000006));
#11818 = ( GEOMETRIC_REPRESENTATION_CONTEXT(2) 
PARAMETRIC_REPRESENTATION_CONTEXT() REPRESENTATION_CONTEXT('2D SPACE',''
  ) );
#11819 = ADVANCED_FACE('',(#11820),#7254,.F.);
#11820 = FACE_BOUND('',#11821,.F.);
#11821 = EDGE_LOOP('',(#11822,#11823,#11824,#11825));
#11822 = ORIENTED_EDGE('',*,*,#7237,.F.);
#11823 = ORIENTED_EDGE('',*,*,#11801,.F.);
#11824 = ORIENTED_EDGE('',*,*,#9259,.T.);
#11825 = ORIENTED_EDGE('',*,*,#11826,.T.);
#11826 = EDGE_CURVE('',#9236,#7209,#11827,.T.);
#11827 = SURFACE_CURVE('',#11828,(#11832,#11838),.PCURVE_S1.);
#11828 = LINE('',#11829,#11830);
#11829 = CARTESIAN_POINT('',(3.77064608354,7.440196916959,-10.));
#11830 = VECTOR('',#11831,1.);
#11831 = DIRECTION('',(0.,0.,1.));
#11832 = PCURVE('',#7254,#11833);
#11833 = DEFINITIONAL_REPRESENTATION('',(#11834),#11837);
#11834 = B_SPLINE_CURVE_WITH_KNOTS('',1,(#11835,#11836),.UNSPECIFIED.,
  .F.,.F.,(2,2),(-5.999999999062E-07,20.0000006),
  .PIECEWISE_BEZIER_KNOTS.);
#11835 = CARTESIAN_POINT('',(1.110625257918,-5.999999999062E-07));
#11836 = CARTESIAN_POINT('',(1.110625257918,20.0000006));
#11837 = ( GEOMETRIC_REPRESENTATION_CONTEXT(2) 
PARAMETRIC_REPRESENTATION_CONTEXT() REPRESENTATION_CONTEXT('2D SPACE',''
  ) );
#11838 = PCURVE('',#7225,#11839);
#11839 = DEFINITIONAL_REPRESENTATION('',(#11840),#11843);
#11840 = B_SPLINE_CURVE_WITH_KNOTS('',1,(#11841,#11842),.UNSPECIFIED.,
  .F.,.F.,(2,2),(-5.999999999062E-07,20.0000006),
  .PIECEWISE_BEZIER_KNOTS.);
#11841 = CARTESIAN_POINT('',(0.774853443518,-5.999999999062E-07));
#11842 = CARTESIAN_POINT('',(0.774853443518,20.0000006));
#11843 = ( GEOMETRIC_REPRESENTATION_CONTEXT(2) 
PARAMETRIC_REPRESENTATION_CONTEXT() REPRESENTATION_CONTEXT('2D SPACE',''
  ) );
#11844 = ADVANCED_FACE('',(#11845),#7225,.F.);
#11845 = FACE_BOUND('',#11846,.F.);
#11846 = EDGE_LOOP('',(#11847,#11848,#11849,#11850));
#11847 = ORIENTED_EDGE('',*,*,#7208,.F.);
#11848 = ORIENTED_EDGE('',*,*,#11826,.F.);
#11849 = ORIENTED_EDGE('',*,*,#9235,.T.);
#11850 = ORIENTED_EDGE('',*,*,#11851,.T.);
#11851 = EDGE_CURVE('',#9212,#7180,#11852,.T.);
#11852 = SURFACE_CURVE('',#11853,(#11857,#11863),.PCURVE_S1.);
#11853 = LINE('',#11854,#11855);
#11854 = CARTESIAN_POINT('',(3.212435931118,7.81002749852,-10.));
#11855 = VECTOR('',#11856,1.);
#11856 = DIRECTION('',(0.,0.,1.));
#11857 = PCURVE('',#7225,#11858);
#11858 = DEFINITIONAL_REPRESENTATION('',(#11859),#11862);
#11859 = B_SPLINE_CURVE_WITH_KNOTS('',1,(#11860,#11861),.UNSPECIFIED.,
  .F.,.F.,(2,2),(-5.999999999062E-07,20.0000006),
  .PIECEWISE_BEZIER_KNOTS.);
#11860 = CARTESIAN_POINT('',(1.196473608815,-5.999999999062E-07));
#11861 = CARTESIAN_POINT('',(1.196473608815,20.0000006));
#11862 = ( GEOMETRIC_REPRESENTATION_CONTEXT(2) 
PARAMETRIC_REPRESENTATION_CONTEXT() REPRESENTATION_CONTEXT('2D SPACE',''
  ) );
#11863 = PCURVE('',#7196,#11864);
#11864 = DEFINITIONAL_REPRESENTATION('',(#11865),#11868);
#11865 = B_SPLINE_CURVE_WITH_KNOTS('',1,(#11866,#11867),.UNSPECIFIED.,
  .F.,.F.,(2,2),(-5.999999999062E-07,20.0000006),
  .PIECEWISE_BEZIER_KNOTS.);
#11866 = CARTESIAN_POINT('',(0.860701048499,-5.999999999062E-07));
#11867 = CARTESIAN_POINT('',(0.860701048499,20.0000006));
#11868 = ( GEOMETRIC_REPRESENTATION_CONTEXT(2) 
PARAMETRIC_REPRESENTATION_CONTEXT() REPRESENTATION_CONTEXT('2D SPACE',''
  ) );
#11869 = ADVANCED_FACE('',(#11870),#7196,.F.);
#11870 = FACE_BOUND('',#11871,.F.);
#11871 = EDGE_LOOP('',(#11872,#11873,#11874,#11875));
#11872 = ORIENTED_EDGE('',*,*,#7179,.F.);
#11873 = ORIENTED_EDGE('',*,*,#11851,.F.);
#11874 = ORIENTED_EDGE('',*,*,#9211,.T.);
#11875 = ORIENTED_EDGE('',*,*,#11876,.T.);
#11876 = EDGE_CURVE('',#9188,#7151,#11877,.T.);
#11877 = SURFACE_CURVE('',#11878,(#11882,#11888),.PCURVE_S1.);
#11878 = LINE('',#11879,#11880);
#11879 = CARTESIAN_POINT('',(2.645764246302,8.124184955596,-10.));
#11880 = VECTOR('',#11881,1.);
#11881 = DIRECTION('',(0.,0.,1.));
#11882 = PCURVE('',#7196,#11883);
#11883 = DEFINITIONAL_REPRESENTATION('',(#11884),#11887);
#11884 = B_SPLINE_CURVE_WITH_KNOTS('',1,(#11885,#11886),.UNSPECIFIED.,
  .F.,.F.,(2,2),(-5.999999999062E-07,20.0000006),
  .PIECEWISE_BEZIER_KNOTS.);
#11885 = CARTESIAN_POINT('',(1.26847587589,-5.999999999062E-07));
#11886 = CARTESIAN_POINT('',(1.26847587589,20.0000006));
#11887 = ( GEOMETRIC_REPRESENTATION_CONTEXT(2) 
PARAMETRIC_REPRESENTATION_CONTEXT() REPRESENTATION_CONTEXT('2D SPACE',''
  ) );
#11888 = PCURVE('',#7167,#11889);
#11889 = DEFINITIONAL_REPRESENTATION('',(#11890),#11893);
#11890 = B_SPLINE_CURVE_WITH_KNOTS('',1,(#11891,#11892),.UNSPECIFIED.,
  .F.,.F.,(2,2),(-5.999999999062E-07,20.0000006),
  .PIECEWISE_BEZIER_KNOTS.);
#11891 = CARTESIAN_POINT('',(0.932743044044,-5.999999999062E-07));
#11892 = CARTESIAN_POINT('',(0.932743044044,20.0000006));
#11893 = ( GEOMETRIC_REPRESENTATION_CONTEXT(2) 
PARAMETRIC_REPRESENTATION_CONTEXT() REPRESENTATION_CONTEXT('2D SPACE',''
  ) );
#11894 = ADVANCED_FACE('',(#11895),#7167,.F.);
#11895 = FACE_BOUND('',#11896,.F.);
#11896 = EDGE_LOOP('',(#11897,#11898,#11899,#11900));
#11897 = ORIENTED_EDGE('',*,*,#7150,.F.);
#11898 = ORIENTED_EDGE('',*,*,#11876,.F.);
#11899 = ORIENTED_EDGE('',*,*,#9187,.T.);
#11900 = ORIENTED_EDGE('',*,*,#11901,.T.);
#11901 = EDGE_CURVE('',#9164,#7122,#11902,.T.);
#11902 = SURFACE_CURVE('',#11903,(#11907,#11913),.PCURVE_S1.);
#11903 = LINE('',#11904,#11905);
#11904 = CARTESIAN_POINT('',(2.045541437782,8.399595536254,-10.));
#11905 = VECTOR('',#11906,1.);
#11906 = DIRECTION('',(0.,0.,1.));
#11907 = PCURVE('',#7167,#11908);
#11908 = DEFINITIONAL_REPRESENTATION('',(#11909),#11912);
#11909 = B_SPLINE_CURVE_WITH_KNOTS('',1,(#11910,#11911),.UNSPECIFIED.,
  .F.,.F.,(2,2),(-5.999999999062E-07,20.0000006),
  .PIECEWISE_BEZIER_KNOTS.);
#11910 = CARTESIAN_POINT('',(1.348475828588,-5.999999999062E-07));
#11911 = CARTESIAN_POINT('',(1.348475828588,20.0000006));
#11912 = ( GEOMETRIC_REPRESENTATION_CONTEXT(2) 
PARAMETRIC_REPRESENTATION_CONTEXT() REPRESENTATION_CONTEXT('2D SPACE',''
  ) );
#11913 = PCURVE('',#7138,#11914);
#11914 = DEFINITIONAL_REPRESENTATION('',(#11915),#11918);
#11915 = B_SPLINE_CURVE_WITH_KNOTS('',1,(#11916,#11917),.UNSPECIFIED.,
  .F.,.F.,(2,2),(-5.999999999062E-07,20.0000006),
  .PIECEWISE_BEZIER_KNOTS.);
#11916 = CARTESIAN_POINT('',(1.012710547324,-5.999999999062E-07));
#11917 = CARTESIAN_POINT('',(1.012710547324,20.0000006));
#11918 = ( GEOMETRIC_REPRESENTATION_CONTEXT(2) 
PARAMETRIC_REPRESENTATION_CONTEXT() REPRESENTATION_CONTEXT('2D SPACE',''
  ) );
#11919 = ADVANCED_FACE('',(#11920),#7138,.F.);
#11920 = FACE_BOUND('',#11921,.F.);
#11921 = EDGE_LOOP('',(#11922,#11923,#11924,#11925));
#11922 = ORIENTED_EDGE('',*,*,#7121,.F.);
#11923 = ORIENTED_EDGE('',*,*,#11901,.F.);
#11924 = ORIENTED_EDGE('',*,*,#9163,.T.);
#11925 = ORIENTED_EDGE('',*,*,#11926,.T.);
#11926 = EDGE_CURVE('',#9140,#7093,#11927,.T.);
#11927 = SURFACE_CURVE('',#11928,(#11932,#11938),.PCURVE_S1.);
#11928 = LINE('',#11929,#11930);
#11929 = CARTESIAN_POINT('',(1.436890766309,8.624464659818,-10.));
#11930 = VECTOR('',#11931,1.);
#11931 = DIRECTION('',(0.,0.,1.));
#11932 = PCURVE('',#7138,#11933);
#11933 = DEFINITIONAL_REPRESENTATION('',(#11934),#11937);
#11934 = B_SPLINE_CURVE_WITH_KNOTS('',1,(#11935,#11936),.UNSPECIFIED.,
  .F.,.F.,(2,2),(-5.999999999062E-07,20.0000006),
  .PIECEWISE_BEZIER_KNOTS.);
#11935 = CARTESIAN_POINT('',(1.421080926045,-5.999999999062E-07));
#11936 = CARTESIAN_POINT('',(1.421080926045,20.0000006));
#11937 = ( GEOMETRIC_REPRESENTATION_CONTEXT(2) 
PARAMETRIC_REPRESENTATION_CONTEXT() REPRESENTATION_CONTEXT('2D SPACE',''
  ) );
#11938 = PCURVE('',#7109,#11939);
#11939 = DEFINITIONAL_REPRESENTATION('',(#11940),#11943);
#11940 = B_SPLINE_CURVE_WITH_KNOTS('',1,(#11941,#11942),.UNSPECIFIED.,
  .F.,.F.,(2,2),(-5.999999999062E-07,20.0000006),
  .PIECEWISE_BEZIER_KNOTS.);
#11941 = CARTESIAN_POINT('',(1.085348325156,-5.999999999062E-07));
#11942 = CARTESIAN_POINT('',(1.085348325156,20.0000006));
#11943 = ( GEOMETRIC_REPRESENTATION_CONTEXT(2) 
PARAMETRIC_REPRESENTATION_CONTEXT() REPRESENTATION_CONTEXT('2D SPACE',''
  ) );
#11944 = ADVANCED_FACE('',(#11945),#7109,.F.);
#11945 = FACE_BOUND('',#11946,.F.);
#11946 = EDGE_LOOP('',(#11947,#11948,#11949,#11950));
#11947 = ORIENTED_EDGE('',*,*,#7092,.F.);
#11948 = ORIENTED_EDGE('',*,*,#11926,.F.);
#11949 = ORIENTED_EDGE('',*,*,#9139,.T.);
#11950 = ORIENTED_EDGE('',*,*,#11006,.T.);
#11951 = ( GEOMETRIC_REPRESENTATION_CONTEXT(3) 
GLOBAL_UNCERTAINTY_ASSIGNED_CONTEXT((#11955)) 
GLOBAL_UNIT_ASSIGNED_CONTEXT((#11952,#11953,#11954)) 
REPRESENTATION_CONTEXT('Context #1',
  '3D Context with UNIT and UNCERTAINTY') );
#11952 = ( LENGTH_UNIT() NAMED_UNIT(*) SI_UNIT(.MILLI.,.METRE.) );
#11953 = ( NAMED_UNIT(*) PLANE_ANGLE_UNIT() SI_UNIT($,.RADIAN.) );
#11954 = ( NAMED_UNIT(*) SI_UNIT($,.STERADIAN.) SOLID_ANGLE_UNIT() );
#11955 = UNCERTAINTY_MEASURE_WITH_UNIT(LENGTH_MEASURE(1.E-07),#11952,
  'distance_accuracy_value','confusion accuracy');
#11956 = CONTEXT_DEPENDENT_SHAPE_REPRESENTATION(#11957,#11959);
#11957 = ( REPRESENTATION_RELATIONSHIP('','',#5824,#5801) 
REPRESENTATION_RELATIONSHIP_WITH_TRANSFORMATION(#11958) 
SHAPE_REPRESENTATION_RELATIONSHIP() );
#11958 = ITEM_DEFINED_TRANSFORMATION('','',#11,#5802);
#11959 = PRODUCT_DEFINITION_SHAPE('Placement','Placement of an item',
  #11960);
#11960 = NEXT_ASSEMBLY_USAGE_OCCURRENCE('3','=>[0:1:1:5]','',#5796,#5819
  ,$);
#11961 = PRODUCT_RELATED_PRODUCT_CATEGORY('part',$,(#5821));
#11962 = SHAPE_DEFINITION_REPRESENTATION(#11963,#11969);
#11963 = PRODUCT_DEFINITION_SHAPE('','',#11964);
#11964 = PRODUCT_DEFINITION('design','',#11965,#11968);
#11965 = PRODUCT_DEFINITION_FORMATION('','',#11966);
#11966 = PRODUCT('Jaw Left','Jaw Left','',(#11967));
#11967 = PRODUCT_CONTEXT('',#2,'mechanical');
#11968 = PRODUCT_DEFINITION_CONTEXT('part definition',#2,'design');
#11969 = SHAPE_REPRESENTATION('',(#11,#11970),#11974);
#11970 = AXIS2_PLACEMENT_3D('',#11971,#11972,#11973);
#11971 = CARTESIAN_POINT('',(0.,0.,0.));
#11972 = DIRECTION('',(0.,0.,1.));
#11973 = DIRECTION('',(1.,0.,-0.));
#11974 = ( GEOMETRIC_REPRESENTATION_CONTEXT(3) 
GLOBAL_UNCERTAINTY_ASSIGNED_CONTEXT((#11978)) 
GLOBAL_UNIT_ASSIGNED_CONTEXT((#11975,#11976,#11977)) 
REPRESENTATION_CONTEXT('Context #1',
  '3D Context with UNIT and UNCERTAINTY') );
#11975 = ( LENGTH_UNIT() NAMED_UNIT(*) SI_UNIT(.MILLI.,.METRE.) );
#11976 = ( NAMED_UNIT(*) PLANE_ANGLE_UNIT() SI_UNIT($,.RADIAN.) );
#11977 = ( NAMED_UNIT(*) SI_UNIT($,.STERADIAN.) SOLID_ANGLE_UNIT() );
#11978 = UNCERTAINTY_MEASURE_WITH_UNIT(LENGTH_MEASURE(1.E-07),#11975,
  'distance_accuracy_value','confusion accuracy');
#11979 = CONTEXT_DEPENDENT_SHAPE_REPRESENTATION(#11980,#11982);
#11980 = ( REPRESENTATION_RELATIONSHIP('','',#11969,#10) 
REPRESENTATION_RELATIONSHIP_WITH_TRANSFORMATION(#11981) 
SHAPE_REPRESENTATION_RELATIONSHIP() );
#11981 = ITEM_DEFINED_TRANSFORMATION('','',#11,#23);
#11982 = PRODUCT_DEFINITION_SHAPE('Placement','Placement of an item',
  #11983);
#11983 = NEXT_ASSEMBLY_USAGE_OCCURRENCE('6','=>[0:1:1:6]','',#5,#11964,$
  );
#11984 = PRODUCT_RELATED_PRODUCT_CATEGORY('part',$,(#11966));
#11985 = SHAPE_DEFINITION_REPRESENTATION(#11986,#11992);
#11986 = PRODUCT_DEFINITION_SHAPE('','',#11987);
#11987 = PRODUCT_DEFINITION('design','',#11988,#11991);
#11988 = PRODUCT_DEFINITION_FORMATION('','',#11989);
#11989 = PRODUCT('SOLID','SOLID','',(#11990));
#11990 = PRODUCT_CONTEXT('',#2,'mechanical');
#11991 = PRODUCT_DEFINITION_CONTEXT('part definition',#2,'design');
#11992 = ADVANCED_BREP_SHAPE_REPRESENTATION('',(#11,#11993),#13577);
#11993 = MANIFOLD_SOLID_BREP('',#11994);
#11994 = CLOSED_SHELL('',(#11995,#12115,#12589,#12643,#12697,#13048,
    #13095,#13122,#13149,#13176,#13203,#13230,#13257,#13284,#13309,
    #13334,#13341,#13348,#13375,#13430,#13485,#13520,#13550));
#11995 = ADVANCED_FACE('',(#11996),#12010,.F.);
#11996 = FACE_BOUND('',#11997,.F.);
#11997 = EDGE_LOOP('',(#11998,#12033,#12061,#12089));
#11998 = ORIENTED_EDGE('',*,*,#11999,.F.);
#11999 = EDGE_CURVE('',#12000,#12002,#12004,.T.);
#12000 = VERTEX_POINT('',#12001);
#12001 = CARTESIAN_POINT('',(-1.348709419915,0.635803619064,0.));
#12002 = VERTEX_POINT('',#12003);
#12003 = CARTESIAN_POINT('',(-1.851076712958,6.161843842543,0.));
#12004 = SURFACE_CURVE('',#12005,(#12009,#12021),.PCURVE_S1.);
#12005 = LINE('',#12006,#12007);
#12006 = CARTESIAN_POINT('',(-1.2,-1.,0.));
#12007 = VECTOR('',#12008,1.);
#12008 = DIRECTION('',(-9.053574604252E-02,0.995893206468,0.));
#12009 = PCURVE('',#12010,#12015);
#12010 = PLANE('',#12011);
#12011 = AXIS2_PLACEMENT_3D('',#12012,#12013,#12014);
#12012 = CARTESIAN_POINT('',(-1.2,-1.,0.));
#12013 = DIRECTION('',(-0.995893206468,-9.053574604252E-02,0.));
#12014 = DIRECTION('',(-9.053574604252E-02,0.995893206468,0.));
#12015 = DEFINITIONAL_REPRESENTATION('',(#12016),#12020);
#12016 = LINE('',#12017,#12018);
#12017 = CARTESIAN_POINT('',(0.,0.));
#12018 = VECTOR('',#12019,1.);
#12019 = DIRECTION('',(1.,0.));
#12020 = ( GEOMETRIC_REPRESENTATION_CONTEXT(2) 
PARAMETRIC_REPRESENTATION_CONTEXT() REPRESENTATION_CONTEXT('2D SPACE',''
  ) );
#12021 = PCURVE('',#12022,#12027);
#12022 = PLANE('',#12023);
#12023 = AXIS2_PLACEMENT_3D('',#12024,#12025,#12026);
#12024 = CARTESIAN_POINT('',(-6.112698047566,15.468257753269,0.));
#12025 = DIRECTION('',(0.,0.,1.));
#12026 = DIRECTION('',(1.,0.,0.));
#12027 = DEFINITIONAL_REPRESENTATION('',(#12028),#12032);
#12028 = LINE('',#12029,#12030);
#12029 = CARTESIAN_POINT('',(4.912698047566,-16.46825775326));
#12030 = VECTOR('',#12031,1.);
#12031 = DIRECTION('',(-9.053574604252E-02,0.995893206468));
#12032 = ( GEOMETRIC_REPRESENTATION_CONTEXT(2) 
PARAMETRIC_REPRESENTATION_CONTEXT() REPRESENTATION_CONTEXT('2D SPACE',''
  ) );
#12033 = ORIENTED_EDGE('',*,*,#12034,.T.);
#12034 = EDGE_CURVE('',#12000,#12035,#12037,.T.);
#12035 = VERTEX_POINT('',#12036);
#12036 = CARTESIAN_POINT('',(-1.348709419915,0.635803619064,10.));
#12037 = SURFACE_CURVE('',#12038,(#12042,#12049),.PCURVE_S1.);
#12038 = LINE('',#12039,#12040);
#12039 = CARTESIAN_POINT('',(-1.348709419915,0.635803619064,0.));
#12040 = VECTOR('',#12041,1.);
#12041 = DIRECTION('',(0.,0.,1.));
#12042 = PCURVE('',#12010,#12043);
#12043 = DEFINITIONAL_REPRESENTATION('',(#12044),#12048);
#12044 = LINE('',#12045,#12046);
#12045 = CARTESIAN_POINT('',(1.642549229616,0.));
#12046 = VECTOR('',#12047,1.);
#12047 = DIRECTION('',(0.,-1.));
#12048 = ( GEOMETRIC_REPRESENTATION_CONTEXT(2) 
PARAMETRIC_REPRESENTATION_CONTEXT() REPRESENTATION_CONTEXT('2D SPACE',''
  ) );
#12049 = PCURVE('',#12050,#12055);
#12050 = CYLINDRICAL_SURFACE('',#12051,1.5);
#12051 = AXIS2_PLACEMENT_3D('',#12052,#12053,#12054);
#12052 = CARTESIAN_POINT('',(-2.842549229616,0.5,0.));
#12053 = DIRECTION('',(0.,0.,1.));
#12054 = DIRECTION('',(0.995893206468,9.053574604252E-02,0.));
#12055 = DEFINITIONAL_REPRESENTATION('',(#12056),#12060);
#12056 = LINE('',#12057,#12058);
#12057 = CARTESIAN_POINT('',(-0.,0.));
#12058 = VECTOR('',#12059,1.);
#12059 = DIRECTION('',(-0.,1.));
#12060 = ( GEOMETRIC_REPRESENTATION_CONTEXT(2) 
PARAMETRIC_REPRESENTATION_CONTEXT() REPRESENTATION_CONTEXT('2D SPACE',''
  ) );
#12061 = ORIENTED_EDGE('',*,*,#12062,.T.);
#12062 = EDGE_CURVE('',#12035,#12063,#12065,.T.);
#12063 = VERTEX_POINT('',#12064);
#12064 = CARTESIAN_POINT('',(-1.851076712958,6.161843842543,10.));
#12065 = SURFACE_CURVE('',#12066,(#12070,#12077),.PCURVE_S1.);
#12066 = LINE('',#12067,#12068);
#12067 = CARTESIAN_POINT('',(-1.2,-1.,10.));
#12068 = VECTOR('',#12069,1.);
#12069 = DIRECTION('',(-9.053574604252E-02,0.995893206468,0.));
#12070 = PCURVE('',#12010,#12071);
#12071 = DEFINITIONAL_REPRESENTATION('',(#12072),#12076);
#12072 = LINE('',#12073,#12074);
#12073 = CARTESIAN_POINT('',(0.,-10.));
#12074 = VECTOR('',#12075,1.);
#12075 = DIRECTION('',(1.,0.));
#12076 = ( GEOMETRIC_REPRESENTATION_CONTEXT(2) 
PARAMETRIC_REPRESENTATION_CONTEXT() REPRESENTATION_CONTEXT('2D SPACE',''
  ) );
#12077 = PCURVE('',#12078,#12083);
#12078 = PLANE('',#12079);
#12079 = AXIS2_PLACEMENT_3D('',#12080,#12081,#12082);
#12080 = CARTESIAN_POINT('',(-6.112698047566,15.468257753269,10.));
#12081 = DIRECTION('',(0.,0.,1.));
#12082 = DIRECTION('',(1.,0.,0.));
#12083 = DEFINITIONAL_REPRESENTATION('',(#12084),#12088);
#12084 = LINE('',#12085,#12086);
#12085 = CARTESIAN_POINT('',(4.912698047566,-16.46825775326));
#12086 = VECTOR('',#12087,1.);
#12087 = DIRECTION('',(-9.053574604252E-02,0.995893206468));
#12088 = ( GEOMETRIC_REPRESENTATION_CONTEXT(2) 
PARAMETRIC_REPRESENTATION_CONTEXT() REPRESENTATION_CONTEXT('2D SPACE',''
  ) );
#12089 = ORIENTED_EDGE('',*,*,#12090,.F.);
#12090 = EDGE_CURVE('',#12002,#12063,#12091,.T.);
#12091 = SURFACE_CURVE('',#12092,(#12096,#12103),.PCURVE_S1.);
#12092 = LINE('',#12093,#12094);
#12093 = CARTESIAN_POINT('',(-1.851076712958,6.161843842543,0.));
#12094 = VECTOR('',#12095,1.);
#12095 = DIRECTION('',(0.,0.,1.));
#12096 = PCURVE('',#12010,#12097);
#12097 = DEFINITIONAL_REPRESENTATION('',(#12098),#12102);
#12098 = LINE('',#12099,#12100);
#12099 = CARTESIAN_POINT('',(7.191377344509,0.));
#12100 = VECTOR('',#12101,1.);
#12101 = DIRECTION('',(0.,-1.));
#12102 = ( GEOMETRIC_REPRESENTATION_CONTEXT(2) 
PARAMETRIC_REPRESENTATION_CONTEXT() REPRESENTATION_CONTEXT('2D SPACE',''
  ) );
#12103 = PCURVE('',#12104,#12109);
#12104 = CYLINDRICAL_SURFACE('',#12105,1.5);
#12105 = AXIS2_PLACEMENT_3D('',#12106,#12107,#12108);
#12106 = CARTESIAN_POINT('',(-0.357236903257,6.297647461606,0.));
#12107 = DIRECTION('',(0.,0.,1.));
#12108 = DIRECTION('',(-0.995893206468,-9.053574604252E-02,0.));
#12109 = DEFINITIONAL_REPRESENTATION('',(#12110),#12114);
#12110 = LINE('',#12111,#12112);
#12111 = CARTESIAN_POINT('',(-1.7763568394E-15,0.));
#12112 = VECTOR('',#12113,1.);
#12113 = DIRECTION('',(-0.,1.));
#12114 = ( GEOMETRIC_REPRESENTATION_CONTEXT(2) 
PARAMETRIC_REPRESENTATION_CONTEXT() REPRESENTATION_CONTEXT('2D SPACE',''
  ) );
#12115 = ADVANCED_FACE('',(#12116,#12527,#12558),#12022,.F.);
#12116 = FACE_BOUND('',#12117,.F.);
#12117 = EDGE_LOOP('',(#12118,#12153,#12181,#12207,#12208,#12236,#12269,
    #12298,#12326,#12354,#12382,#12410,#12439,#12472,#12501));
#12118 = ORIENTED_EDGE('',*,*,#12119,.F.);
#12119 = EDGE_CURVE('',#12120,#12122,#12124,.T.);
#12120 = VERTEX_POINT('',#12121);
#12121 = CARTESIAN_POINT('',(-7.028835390393,-1.,0.));
#12122 = VERTEX_POINT('',#12123);
#12123 = CARTESIAN_POINT('',(-8.484049140611,0.136196562445,0.));
#12124 = SURFACE_CURVE('',#12125,(#12130,#12141),.PCURVE_S1.);
#12125 = CIRCLE('',#12126,1.5);
#12126 = AXIS2_PLACEMENT_3D('',#12127,#12128,#12129);
#12127 = CARTESIAN_POINT('',(-7.028835390393,0.5,0.));
#12128 = DIRECTION('',(-0.,-0.,-1.));
#12129 = DIRECTION('',(0.,-1.,0.));
#12130 = PCURVE('',#12022,#12131);
#12131 = DEFINITIONAL_REPRESENTATION('',(#12132),#12140);
#12132 = ( BOUNDED_CURVE() B_SPLINE_CURVE(2,(#12133,#12134,#12135,#12136
    ,#12137,#12138,#12139),.UNSPECIFIED.,.T.,.F.) 
B_SPLINE_CURVE_WITH_KNOTS((1,2,2,2,2,1),(-2.094395102393,0.,
    2.094395102393,4.188790204786,6.28318530718,8.377580409573),
.UNSPECIFIED.) CURVE() GEOMETRIC_REPRESENTATION_ITEM() 
RATIONAL_B_SPLINE_CURVE((1.,0.5,1.,0.5,1.,0.5,1.)) REPRESENTATION_ITEM(
  '') );
#12133 = CARTESIAN_POINT('',(-0.916137342827,-16.46825775326));
#12134 = CARTESIAN_POINT('',(-3.514213554181,-16.46825775326));
#12135 = CARTESIAN_POINT('',(-2.215175448504,-14.21825775326));
#12136 = CARTESIAN_POINT('',(-0.916137342827,-11.96825775326));
#12137 = CARTESIAN_POINT('',(0.382900762849,-14.21825775326));
#12138 = CARTESIAN_POINT('',(1.681938868526,-16.46825775326));
#12139 = CARTESIAN_POINT('',(-0.916137342827,-16.46825775326));
#12140 = ( GEOMETRIC_REPRESENTATION_CONTEXT(2) 
PARAMETRIC_REPRESENTATION_CONTEXT() REPRESENTATION_CONTEXT('2D SPACE',''
  ) );
#12141 = PCURVE('',#12142,#12147);
#12142 = CYLINDRICAL_SURFACE('',#12143,1.5);
#12143 = AXIS2_PLACEMENT_3D('',#12144,#12145,#12146);
#12144 = CARTESIAN_POINT('',(-7.028835390393,0.5,0.));
#12145 = DIRECTION('',(0.,0.,1.));
#12146 = DIRECTION('',(0.,-1.,0.));
#12147 = DEFINITIONAL_REPRESENTATION('',(#12148),#12152);
#12148 = LINE('',#12149,#12150);
#12149 = CARTESIAN_POINT('',(-0.,0.));
#12150 = VECTOR('',#12151,1.);
#12151 = DIRECTION('',(-1.,0.));
#12152 = ( GEOMETRIC_REPRESENTATION_CONTEXT(2) 
PARAMETRIC_REPRESENTATION_CONTEXT() REPRESENTATION_CONTEXT('2D SPACE',''
  ) );
#12153 = ORIENTED_EDGE('',*,*,#12154,.T.);
#12154 = EDGE_CURVE('',#12120,#12155,#12157,.T.);
#12155 = VERTEX_POINT('',#12156);
#12156 = CARTESIAN_POINT('',(-2.842549229616,-1.,0.));
#12157 = SURFACE_CURVE('',#12158,(#12162,#12169),.PCURVE_S1.);
#12158 = LINE('',#12159,#12160);
#12159 = CARTESIAN_POINT('',(-8.2,-1.,0.));
#12160 = VECTOR('',#12161,1.);
#12161 = DIRECTION('',(1.,0.,0.));
#12162 = PCURVE('',#12022,#12163);
#12163 = DEFINITIONAL_REPRESENTATION('',(#12164),#12168);
#12164 = LINE('',#12165,#12166);
#12165 = CARTESIAN_POINT('',(-2.087301952434,-16.46825775326));
#12166 = VECTOR('',#12167,1.);
#12167 = DIRECTION('',(1.,0.));
#12168 = ( GEOMETRIC_REPRESENTATION_CONTEXT(2) 
PARAMETRIC_REPRESENTATION_CONTEXT() REPRESENTATION_CONTEXT('2D SPACE',''
  ) );
#12169 = PCURVE('',#12170,#12175);
#12170 = PLANE('',#12171);
#12171 = AXIS2_PLACEMENT_3D('',#12172,#12173,#12174);
#12172 = CARTESIAN_POINT('',(-8.2,-1.,0.));
#12173 = DIRECTION('',(0.,1.,0.));
#12174 = DIRECTION('',(1.,0.,0.));
#12175 = DEFINITIONAL_REPRESENTATION('',(#12176),#12180);
#12176 = LINE('',#12177,#12178);
#12177 = CARTESIAN_POINT('',(0.,0.));
#12178 = VECTOR('',#12179,1.);
#12179 = DIRECTION('',(1.,0.));
#12180 = ( GEOMETRIC_REPRESENTATION_CONTEXT(2) 
PARAMETRIC_REPRESENTATION_CONTEXT() REPRESENTATION_CONTEXT('2D SPACE',''
  ) );
#12181 = ORIENTED_EDGE('',*,*,#12182,.F.);
#12182 = EDGE_CURVE('',#12000,#12155,#12183,.T.);
#12183 = SURFACE_CURVE('',#12184,(#12189,#12200),.PCURVE_S1.);
#12184 = CIRCLE('',#12185,1.5);
#12185 = AXIS2_PLACEMENT_3D('',#12186,#12187,#12188);
#12186 = CARTESIAN_POINT('',(-2.842549229616,0.5,0.));
#12187 = DIRECTION('',(-0.,-0.,-1.));
#12188 = DIRECTION('',(0.,-1.,0.));
#12189 = PCURVE('',#12022,#12190);
#12190 = DEFINITIONAL_REPRESENTATION('',(#12191),#12199);
#12191 = ( BOUNDED_CURVE() B_SPLINE_CURVE(2,(#12192,#12193,#12194,#12195
    ,#12196,#12197,#12198),.UNSPECIFIED.,.T.,.F.) 
B_SPLINE_CURVE_WITH_KNOTS((1,2,2,2,2,1),(-2.094395102393,0.,
    2.094395102393,4.188790204786,6.28318530718,8.377580409573),
.UNSPECIFIED.) CURVE() GEOMETRIC_REPRESENTATION_ITEM() 
RATIONAL_B_SPLINE_CURVE((1.,0.5,1.,0.5,1.,0.5,1.)) REPRESENTATION_ITEM(
  '') );
#12192 = CARTESIAN_POINT('',(3.27014881795,-16.46825775326));
#12193 = CARTESIAN_POINT('',(0.672072606596,-16.46825775326));
#12194 = CARTESIAN_POINT('',(1.971110712273,-14.21825775326));
#12195 = CARTESIAN_POINT('',(3.27014881795,-11.96825775326));
#12196 = CARTESIAN_POINT('',(4.569186923626,-14.21825775326));
#12197 = CARTESIAN_POINT('',(5.868225029303,-16.46825775326));
#12198 = CARTESIAN_POINT('',(3.27014881795,-16.46825775326));
#12199 = ( GEOMETRIC_REPRESENTATION_CONTEXT(2) 
PARAMETRIC_REPRESENTATION_CONTEXT() REPRESENTATION_CONTEXT('2D SPACE',''
  ) );
#12200 = PCURVE('',#12050,#12201);
#12201 = DEFINITIONAL_REPRESENTATION('',(#12202),#12206);
#12202 = LINE('',#12203,#12204);
#12203 = CARTESIAN_POINT('',(4.621729093184,-0.));
#12204 = VECTOR('',#12205,1.);
#12205 = DIRECTION('',(-1.,0.));
#12206 = ( GEOMETRIC_REPRESENTATION_CONTEXT(2) 
PARAMETRIC_REPRESENTATION_CONTEXT() REPRESENTATION_CONTEXT('2D SPACE',''
  ) );
#12207 = ORIENTED_EDGE('',*,*,#11999,.T.);
#12208 = ORIENTED_EDGE('',*,*,#12209,.T.);
#12209 = EDGE_CURVE('',#12002,#12210,#12212,.T.);
#12210 = VERTEX_POINT('',#12211);
#12211 = CARTESIAN_POINT('',(-1.525789522605,7.238117969285,0.));
#12212 = SURFACE_CURVE('',#12213,(#12218,#12229),.PCURVE_S1.);
#12213 = CIRCLE('',#12214,1.5);
#12214 = AXIS2_PLACEMENT_3D('',#12215,#12216,#12217);
#12215 = CARTESIAN_POINT('',(-0.357236903257,6.297647461606,0.));
#12216 = DIRECTION('',(-0.,-0.,-1.));
#12217 = DIRECTION('',(0.,-1.,0.));
#12218 = PCURVE('',#12022,#12219);
#12219 = DEFINITIONAL_REPRESENTATION('',(#12220),#12228);
#12220 = ( BOUNDED_CURVE() B_SPLINE_CURVE(2,(#12221,#12222,#12223,#12224
    ,#12225,#12226,#12227),.UNSPECIFIED.,.T.,.F.) 
B_SPLINE_CURVE_WITH_KNOTS((1,2,2,2,2,1),(-2.094395102393,0.,
    2.094395102393,4.188790204786,6.28318530718,8.377580409573),
.UNSPECIFIED.) CURVE() GEOMETRIC_REPRESENTATION_ITEM() 
RATIONAL_B_SPLINE_CURVE((1.,0.5,1.,0.5,1.,0.5,1.)) REPRESENTATION_ITEM(
  '') );
#12221 = CARTESIAN_POINT('',(5.755461144309,-10.67061029166));
#12222 = CARTESIAN_POINT('',(3.157384932956,-10.67061029166));
#12223 = CARTESIAN_POINT('',(4.456423038633,-8.420610291662));
#12224 = CARTESIAN_POINT('',(5.755461144309,-6.170610291662));
#12225 = CARTESIAN_POINT('',(7.054499249986,-8.420610291662));
#12226 = CARTESIAN_POINT('',(8.353537355663,-10.67061029166));
#12227 = CARTESIAN_POINT('',(5.755461144309,-10.67061029166));
#12228 = ( GEOMETRIC_REPRESENTATION_CONTEXT(2) 
PARAMETRIC_REPRESENTATION_CONTEXT() REPRESENTATION_CONTEXT('2D SPACE',''
  ) );
#12229 = PCURVE('',#12104,#12230);
#12230 = DEFINITIONAL_REPRESENTATION('',(#12231),#12235);
#12231 = LINE('',#12232,#12233);
#12232 = CARTESIAN_POINT('',(1.480136439594,-0.));
#12233 = VECTOR('',#12234,1.);
#12234 = DIRECTION('',(-1.,0.));
#12235 = ( GEOMETRIC_REPRESENTATION_CONTEXT(2) 
PARAMETRIC_REPRESENTATION_CONTEXT() REPRESENTATION_CONTEXT('2D SPACE',''
  ) );
#12236 = ORIENTED_EDGE('',*,*,#12237,.F.);
#12237 = EDGE_CURVE('',#12238,#12210,#12240,.T.);
#12238 = VERTEX_POINT('',#12239);
#12239 = CARTESIAN_POINT('',(-0.286250162366,12.013687751667,0.));
#12240 = SURFACE_CURVE('',#12241,(#12246,#12257),.PCURVE_S1.);
#12241 = CIRCLE('',#12242,6.);
#12242 = AXIS2_PLACEMENT_3D('',#12243,#12244,#12245);
#12243 = CARTESIAN_POINT('',(-6.2,11.,0.));
#12244 = DIRECTION('',(0.,0.,-1.));
#12245 = DIRECTION('',(0.716616289341,0.69746762925,0.));
#12246 = PCURVE('',#12022,#12247);
#12247 = DEFINITIONAL_REPRESENTATION('',(#12248),#12256);
#12248 = ( BOUNDED_CURVE() B_SPLINE_CURVE(2,(#12249,#12250,#12251,#12252
    ,#12253,#12254,#12255),.UNSPECIFIED.,.T.,.F.) 
B_SPLINE_CURVE_WITH_KNOTS((1,2,2,2,2,1),(-2.094395102393,0.,
    2.094395102393,4.188790204786,6.28318530718,8.377580409573),
.UNSPECIFIED.) CURVE() GEOMETRIC_REPRESENTATION_ITEM() 
RATIONAL_B_SPLINE_CURVE((1.,0.5,1.,0.5,1.,0.5,1.)) REPRESENTATION_ITEM(
  '') );
#12249 = CARTESIAN_POINT('',(4.21239578361,-0.283451977768));
#12250 = CARTESIAN_POINT('',(11.460692006584,-7.730746913785));
#12251 = CARTESIAN_POINT('',(1.386997291031,-10.28430810902));
#12252 = CARTESIAN_POINT('',(-8.686697424521,-12.83786930426));
#12253 = CARTESIAN_POINT('',(-5.861298931943,-2.837013173011));
#12254 = CARTESIAN_POINT('',(-3.035900439364,7.163842958248));
#12255 = CARTESIAN_POINT('',(4.21239578361,-0.283451977768));
#12256 = ( GEOMETRIC_REPRESENTATION_CONTEXT(2) 
PARAMETRIC_REPRESENTATION_CONTEXT() REPRESENTATION_CONTEXT('2D SPACE',''
  ) );
#12257 = PCURVE('',#12258,#12263);
#12258 = CYLINDRICAL_SURFACE('',#12259,6.);
#12259 = AXIS2_PLACEMENT_3D('',#12260,#12261,#12262);
#12260 = CARTESIAN_POINT('',(-6.2,11.,0.));
#12261 = DIRECTION('',(0.,0.,1.));
#12262 = DIRECTION('',(1.,0.,0.));
#12263 = DEFINITIONAL_REPRESENTATION('',(#12264),#12268);
#12264 = LINE('',#12265,#12266);
#12265 = CARTESIAN_POINT('',(7.05504290941,0.));
#12266 = VECTOR('',#12267,1.);
#12267 = DIRECTION('',(-1.,-0.));
#12268 = ( GEOMETRIC_REPRESENTATION_CONTEXT(2) 
PARAMETRIC_REPRESENTATION_CONTEXT() REPRESENTATION_CONTEXT('2D SPACE',''
  ) );
#12269 = ORIENTED_EDGE('',*,*,#12270,.F.);
#12270 = EDGE_CURVE('',#12271,#12238,#12273,.T.);
#12271 = VERTEX_POINT('',#12272);
#12272 = CARTESIAN_POINT('',(-2.172777295653,17.068583772414,0.));
#12273 = SURFACE_CURVE('',#12274,(#12279,#12286),.PCURVE_S1.);
#12274 = CIRCLE('',#12275,3.);
#12275 = AXIS2_PLACEMENT_3D('',#12276,#12277,#12278);
#12276 = CARTESIAN_POINT('',(0.,15.,0.));
#12277 = DIRECTION('',(0.,0.,1.));
#12278 = DIRECTION('',(1.,0.,-0.));
#12279 = PCURVE('',#12022,#12280);
#12280 = DEFINITIONAL_REPRESENTATION('',(#12281),#12285);
#12281 = CIRCLE('',#12282,3.);
#12282 = AXIS2_PLACEMENT_2D('',#12283,#12284);
#12283 = CARTESIAN_POINT('',(6.112698047566,-0.468257753269));
#12284 = DIRECTION('',(1.,0.));
#12285 = ( GEOMETRIC_REPRESENTATION_CONTEXT(2) 
PARAMETRIC_REPRESENTATION_CONTEXT() REPRESENTATION_CONTEXT('2D SPACE',''
  ) );
#12286 = PCURVE('',#12287,#12292);
#12287 = CYLINDRICAL_SURFACE('',#12288,3.);
#12288 = AXIS2_PLACEMENT_3D('',#12289,#12290,#12291);
#12289 = CARTESIAN_POINT('',(0.,15.,-90.));
#12290 = DIRECTION('',(0.,0.,1.));
#12291 = DIRECTION('',(1.,0.,0.));
#12292 = DEFINITIONAL_REPRESENTATION('',(#12293),#12297);
#12293 = LINE('',#12294,#12295);
#12294 = CARTESIAN_POINT('',(0.,90.));
#12295 = VECTOR('',#12296,1.);
#12296 = DIRECTION('',(1.,0.));
#12297 = ( GEOMETRIC_REPRESENTATION_CONTEXT(2) 
PARAMETRIC_REPRESENTATION_CONTEXT() REPRESENTATION_CONTEXT('2D SPACE',''
  ) );
#12298 = ORIENTED_EDGE('',*,*,#12299,.T.);
#12299 = EDGE_CURVE('',#12271,#12300,#12302,.T.);
#12300 = VERTEX_POINT('',#12301);
#12301 = CARTESIAN_POINT('',(-3.32,25.,0.));
#12302 = SURFACE_CURVE('',#12303,(#12307,#12314),.PCURVE_S1.);
#12303 = LINE('',#12304,#12305);
#12304 = CARTESIAN_POINT('',(-1.7,13.8,0.));
#12305 = VECTOR('',#12306,1.);
#12306 = DIRECTION('',(-0.143153115763,0.989700553424,0.));
#12307 = PCURVE('',#12022,#12308);
#12308 = DEFINITIONAL_REPRESENTATION('',(#12309),#12313);
#12309 = LINE('',#12310,#12311);
#12310 = CARTESIAN_POINT('',(4.412698047566,-1.668257753269));
#12311 = VECTOR('',#12312,1.);
#12312 = DIRECTION('',(-0.143153115763,0.989700553424));
#12313 = ( GEOMETRIC_REPRESENTATION_CONTEXT(2) 
PARAMETRIC_REPRESENTATION_CONTEXT() REPRESENTATION_CONTEXT('2D SPACE',''
  ) );
#12314 = PCURVE('',#12315,#12320);
#12315 = PLANE('',#12316);
#12316 = AXIS2_PLACEMENT_3D('',#12317,#12318,#12319);
#12317 = CARTESIAN_POINT('',(-1.7,13.8,0.));
#12318 = DIRECTION('',(-0.989700553424,-0.143153115763,0.));
#12319 = DIRECTION('',(-0.143153115763,0.989700553424,0.));
#12320 = DEFINITIONAL_REPRESENTATION('',(#12321),#12325);
#12321 = LINE('',#12322,#12323);
#12322 = CARTESIAN_POINT('',(0.,0.));
#12323 = VECTOR('',#12324,1.);
#12324 = DIRECTION('',(1.,0.));
#12325 = ( GEOMETRIC_REPRESENTATION_CONTEXT(2) 
PARAMETRIC_REPRESENTATION_CONTEXT() REPRESENTATION_CONTEXT('2D SPACE',''
  ) );
#12326 = ORIENTED_EDGE('',*,*,#12327,.T.);
#12327 = EDGE_CURVE('',#12300,#12328,#12330,.T.);
#12328 = VERTEX_POINT('',#12329);
#12329 = CARTESIAN_POINT('',(-5.68,34.6,0.));
#12330 = SURFACE_CURVE('',#12331,(#12335,#12342),.PCURVE_S1.);
#12331 = LINE('',#12332,#12333);
#12332 = CARTESIAN_POINT('',(-3.32,25.,0.));
#12333 = VECTOR('',#12334,1.);
#12334 = DIRECTION('',(-0.238725571858,0.971087071967,0.));
#12335 = PCURVE('',#12022,#12336);
#12336 = DEFINITIONAL_REPRESENTATION('',(#12337),#12341);
#12337 = LINE('',#12338,#12339);
#12338 = CARTESIAN_POINT('',(2.792698047566,9.531742246731));
#12339 = VECTOR('',#12340,1.);
#12340 = DIRECTION('',(-0.238725571858,0.971087071967));
#12341 = ( GEOMETRIC_REPRESENTATION_CONTEXT(2) 
PARAMETRIC_REPRESENTATION_CONTEXT() REPRESENTATION_CONTEXT('2D SPACE',''
  ) );
#12342 = PCURVE('',#12343,#12348);
#12343 = PLANE('',#12344);
#12344 = AXIS2_PLACEMENT_3D('',#12345,#12346,#12347);
#12345 = CARTESIAN_POINT('',(-3.32,25.,0.));
#12346 = DIRECTION('',(-0.971087071967,-0.238725571858,0.));
#12347 = DIRECTION('',(-0.238725571858,0.971087071967,0.));
#12348 = DEFINITIONAL_REPRESENTATION('',(#12349),#12353);
#12349 = LINE('',#12350,#12351);
#12350 = CARTESIAN_POINT('',(0.,0.));
#12351 = VECTOR('',#12352,1.);
#12352 = DIRECTION('',(1.,0.));
#12353 = ( GEOMETRIC_REPRESENTATION_CONTEXT(2) 
PARAMETRIC_REPRESENTATION_CONTEXT() REPRESENTATION_CONTEXT('2D SPACE',''
  ) );
#12354 = ORIENTED_EDGE('',*,*,#12355,.T.);
#12355 = EDGE_CURVE('',#12328,#12356,#12358,.T.);
#12356 = VERTEX_POINT('',#12357);
#12357 = CARTESIAN_POINT('',(-7.,34.2,0.));
#12358 = SURFACE_CURVE('',#12359,(#12363,#12370),.PCURVE_S1.);
#12359 = LINE('',#12360,#12361);
#12360 = CARTESIAN_POINT('',(-5.68,34.6,0.));
#12361 = VECTOR('',#12362,1.);
#12362 = DIRECTION('',(-0.957024404433,-0.290007395283,0.));
#12363 = PCURVE('',#12022,#12364);
#12364 = DEFINITIONAL_REPRESENTATION('',(#12365),#12369);
#12365 = LINE('',#12366,#12367);
#12366 = CARTESIAN_POINT('',(0.432698047566,19.131742246731));
#12367 = VECTOR('',#12368,1.);
#12368 = DIRECTION('',(-0.957024404433,-0.290007395283));
#12369 = ( GEOMETRIC_REPRESENTATION_CONTEXT(2) 
PARAMETRIC_REPRESENTATION_CONTEXT() REPRESENTATION_CONTEXT('2D SPACE',''
  ) );
#12370 = PCURVE('',#12371,#12376);
#12371 = PLANE('',#12372);
#12372 = AXIS2_PLACEMENT_3D('',#12373,#12374,#12375);
#12373 = CARTESIAN_POINT('',(-5.68,34.6,0.));
#12374 = DIRECTION('',(0.290007395283,-0.957024404433,0.));
#12375 = DIRECTION('',(-0.957024404433,-0.290007395283,0.));
#12376 = DEFINITIONAL_REPRESENTATION('',(#12377),#12381);
#12377 = LINE('',#12378,#12379);
#12378 = CARTESIAN_POINT('',(0.,0.));
#12379 = VECTOR('',#12380,1.);
#12380 = DIRECTION('',(1.,0.));
#12381 = ( GEOMETRIC_REPRESENTATION_CONTEXT(2) 
PARAMETRIC_REPRESENTATION_CONTEXT() REPRESENTATION_CONTEXT('2D SPACE',''
  ) );
#12382 = ORIENTED_EDGE('',*,*,#12383,.T.);
#12383 = EDGE_CURVE('',#12356,#12384,#12386,.T.);
#12384 = VERTEX_POINT('',#12385);
#12385 = CARTESIAN_POINT('',(-11.59171390259,13.713891819192,0.));
#12386 = SURFACE_CURVE('',#12387,(#12391,#12398),.PCURVE_S1.);
#12387 = LINE('',#12388,#12389);
#12388 = CARTESIAN_POINT('',(-7.,34.2,0.));
#12389 = VECTOR('',#12390,1.);
#12390 = DIRECTION('',(-0.218711456917,-0.975789577016,0.));
#12391 = PCURVE('',#12022,#12392);
#12392 = DEFINITIONAL_REPRESENTATION('',(#12393),#12397);
#12393 = LINE('',#12394,#12395);
#12394 = CARTESIAN_POINT('',(-0.887301952434,18.731742246731));
#12395 = VECTOR('',#12396,1.);
#12396 = DIRECTION('',(-0.218711456917,-0.975789577016));
#12397 = ( GEOMETRIC_REPRESENTATION_CONTEXT(2) 
PARAMETRIC_REPRESENTATION_CONTEXT() REPRESENTATION_CONTEXT('2D SPACE',''
  ) );
#12398 = PCURVE('',#12399,#12404);
#12399 = PLANE('',#12400);
#12400 = AXIS2_PLACEMENT_3D('',#12401,#12402,#12403);
#12401 = CARTESIAN_POINT('',(-7.,34.2,0.));
#12402 = DIRECTION('',(0.975789577016,-0.218711456917,0.));
#12403 = DIRECTION('',(-0.218711456917,-0.975789577016,0.));
#12404 = DEFINITIONAL_REPRESENTATION('',(#12405),#12409);
#12405 = LINE('',#12406,#12407);
#12406 = CARTESIAN_POINT('',(0.,0.));
#12407 = VECTOR('',#12408,1.);
#12408 = DIRECTION('',(1.,0.));
#12409 = ( GEOMETRIC_REPRESENTATION_CONTEXT(2) 
PARAMETRIC_REPRESENTATION_CONTEXT() REPRESENTATION_CONTEXT('2D SPACE',''
  ) );
#12410 = ORIENTED_EDGE('',*,*,#12411,.F.);
#12411 = EDGE_CURVE('',#12412,#12384,#12414,.T.);
#12412 = VERTEX_POINT('',#12413);
#12413 = CARTESIAN_POINT('',(-11.68431861449,13.433567203654,0.));
#12414 = SURFACE_CURVE('',#12415,(#12420,#12427),.PCURVE_S1.);
#12415 = CIRCLE('',#12416,1.5);
#12416 = AXIS2_PLACEMENT_3D('',#12417,#12418,#12419);
#12417 = CARTESIAN_POINT('',(-13.05539826811,14.041959004568,0.));
#12418 = DIRECTION('',(-0.,0.,1.));
#12419 = DIRECTION('',(0.,-1.,0.));
#12420 = PCURVE('',#12022,#12421);
#12421 = DEFINITIONAL_REPRESENTATION('',(#12422),#12426);
#12422 = CIRCLE('',#12423,1.5);
#12423 = AXIS2_PLACEMENT_2D('',#12424,#12425);
#12424 = CARTESIAN_POINT('',(-6.942700220553,-1.426298748701));
#12425 = DIRECTION('',(0.,-1.));
#12426 = ( GEOMETRIC_REPRESENTATION_CONTEXT(2) 
PARAMETRIC_REPRESENTATION_CONTEXT() REPRESENTATION_CONTEXT('2D SPACE',''
  ) );
#12427 = PCURVE('',#12428,#12433);
#12428 = CYLINDRICAL_SURFACE('',#12429,1.5);
#12429 = AXIS2_PLACEMENT_3D('',#12430,#12431,#12432);
#12430 = CARTESIAN_POINT('',(-13.05539826811,14.041959004568,0.));
#12431 = DIRECTION('',(0.,0.,1.));
#12432 = DIRECTION('',(0.914053102416,-0.405594533942,0.));
#12433 = DEFINITIONAL_REPRESENTATION('',(#12434),#12438);
#12434 = LINE('',#12435,#12436);
#12435 = CARTESIAN_POINT('',(-1.153167152984,0.));
#12436 = VECTOR('',#12437,1.);
#12437 = DIRECTION('',(1.,0.));
#12438 = ( GEOMETRIC_REPRESENTATION_CONTEXT(2) 
PARAMETRIC_REPRESENTATION_CONTEXT() REPRESENTATION_CONTEXT('2D SPACE',''
  ) );
#12439 = ORIENTED_EDGE('',*,*,#12440,.F.);
#12440 = EDGE_CURVE('',#12441,#12412,#12443,.T.);
#12441 = VERTEX_POINT('',#12442);
#12442 = CARTESIAN_POINT('',(-10.3547432693,6.671246326457,0.));
#12443 = SURFACE_CURVE('',#12444,(#12449,#12460),.PCURVE_S1.);
#12444 = CIRCLE('',#12445,6.);
#12445 = AXIS2_PLACEMENT_3D('',#12446,#12447,#12448);
#12446 = CARTESIAN_POINT('',(-6.2,11.,0.));
#12447 = DIRECTION('',(-0.,0.,-1.));
#12448 = DIRECTION('',(-0.641566472759,-0.767067442297,0.));
#12449 = PCURVE('',#12022,#12450);
#12450 = DEFINITIONAL_REPRESENTATION('',(#12451),#12459);
#12451 = ( BOUNDED_CURVE() B_SPLINE_CURVE(2,(#12452,#12453,#12454,#12455
    ,#12456,#12457,#12458),.UNSPECIFIED.,.T.,.F.) 
B_SPLINE_CURVE_WITH_KNOTS((1,2,2,2,2,1),(-2.094395102393,0.,
    2.094395102393,4.188790204786,6.28318530718,8.377580409573),
.UNSPECIFIED.) CURVE() GEOMETRIC_REPRESENTATION_ITEM() 
RATIONAL_B_SPLINE_CURVE((1.,0.5,1.,0.5,1.,0.5,1.)) REPRESENTATION_ITEM(
  '') );
#12452 = CARTESIAN_POINT('',(-3.936700788989,-9.070662407048));
#12453 = CARTESIAN_POINT('',(-11.90829948632,-2.403308043538));
#12454 = CARTESIAN_POINT('',(-2.148401882825,1.166621755376));
#12455 = CARTESIAN_POINT('',(7.611495720677,4.736551554289));
#12456 = CARTESIAN_POINT('',(5.823196814512,-5.500732608134));
#12457 = CARTESIAN_POINT('',(4.034897908348,-15.73801677055));
#12458 = CARTESIAN_POINT('',(-3.936700788989,-9.070662407048));
#12459 = ( GEOMETRIC_REPRESENTATION_CONTEXT(2) 
PARAMETRIC_REPRESENTATION_CONTEXT() REPRESENTATION_CONTEXT('2D SPACE',''
  ) );
#12460 = PCURVE('',#12461,#12466);
#12461 = CYLINDRICAL_SURFACE('',#12462,6.);
#12462 = AXIS2_PLACEMENT_3D('',#12463,#12464,#12465);
#12463 = CARTESIAN_POINT('',(-6.2,11.,0.));
#12464 = DIRECTION('',(0.,0.,1.));
#12465 = DIRECTION('',(1.,0.,0.));
#12466 = DEFINITIONAL_REPRESENTATION('',(#12467),#12471);
#12467 = LINE('',#12468,#12469);
#12468 = CARTESIAN_POINT('',(4.015850296614,0.));
#12469 = VECTOR('',#12470,1.);
#12470 = DIRECTION('',(-1.,-0.));
#12471 = ( GEOMETRIC_REPRESENTATION_CONTEXT(2) 
PARAMETRIC_REPRESENTATION_CONTEXT() REPRESENTATION_CONTEXT('2D SPACE',''
  ) );
#12472 = ORIENTED_EDGE('',*,*,#12473,.F.);
#12473 = EDGE_CURVE('',#12474,#12441,#12476,.T.);
#12474 = VERTEX_POINT('',#12475);
#12475 = CARTESIAN_POINT('',(-9.938215336407,5.952861345626,0.));
#12476 = SURFACE_CURVE('',#12477,(#12482,#12489),.PCURVE_S1.);
#12477 = CIRCLE('',#12478,1.5);
#12478 = AXIS2_PLACEMENT_3D('',#12479,#12480,#12481);
#12479 = CARTESIAN_POINT('',(-11.39342908662,5.589057908072,0.));
#12480 = DIRECTION('',(-0.,0.,1.));
#12481 = DIRECTION('',(0.,-1.,0.));
#12482 = PCURVE('',#12022,#12483);
#12483 = DEFINITIONAL_REPRESENTATION('',(#12484),#12488);
#12484 = CIRCLE('',#12485,1.5);
#12485 = AXIS2_PLACEMENT_2D('',#12486,#12487);
#12486 = CARTESIAN_POINT('',(-5.280731039058,-9.879199845197));
#12487 = DIRECTION('',(0.,-1.));
#12488 = ( GEOMETRIC_REPRESENTATION_CONTEXT(2) 
PARAMETRIC_REPRESENTATION_CONTEXT() REPRESENTATION_CONTEXT('2D SPACE',''
  ) );
#12489 = PCURVE('',#12490,#12495);
#12490 = CYLINDRICAL_SURFACE('',#12491,1.5);
#12491 = AXIS2_PLACEMENT_3D('',#12492,#12493,#12494);
#12492 = CARTESIAN_POINT('',(-11.39342908662,5.589057908072,0.));
#12493 = DIRECTION('',(0.,0.,1.));
#12494 = DIRECTION('',(0.970142500145,0.242535625036,0.));
#12495 = DEFINITIONAL_REPRESENTATION('',(#12496),#12500);
#12496 = LINE('',#12497,#12498);
#12497 = CARTESIAN_POINT('',(-1.815774989922,0.));
#12498 = VECTOR('',#12499,1.);
#12499 = DIRECTION('',(1.,0.));
#12500 = ( GEOMETRIC_REPRESENTATION_CONTEXT(2) 
PARAMETRIC_REPRESENTATION_CONTEXT() REPRESENTATION_CONTEXT('2D SPACE',''
  ) );
#12501 = ORIENTED_EDGE('',*,*,#12502,.T.);
#12502 = EDGE_CURVE('',#12474,#12122,#12503,.T.);
#12503 = SURFACE_CURVE('',#12504,(#12508,#12515),.PCURVE_S1.);
#12504 = LINE('',#12505,#12506);
#12505 = CARTESIAN_POINT('',(-10.4,7.8,0.));
#12506 = VECTOR('',#12507,1.);
#12507 = DIRECTION('',(0.242535625036,-0.970142500145,0.));
#12508 = PCURVE('',#12022,#12509);
#12509 = DEFINITIONAL_REPRESENTATION('',(#12510),#12514);
#12510 = LINE('',#12511,#12512);
#12511 = CARTESIAN_POINT('',(-4.287301952434,-7.668257753269));
#12512 = VECTOR('',#12513,1.);
#12513 = DIRECTION('',(0.242535625036,-0.970142500145));
#12514 = ( GEOMETRIC_REPRESENTATION_CONTEXT(2) 
PARAMETRIC_REPRESENTATION_CONTEXT() REPRESENTATION_CONTEXT('2D SPACE',''
  ) );
#12515 = PCURVE('',#12516,#12521);
#12516 = PLANE('',#12517);
#12517 = AXIS2_PLACEMENT_3D('',#12518,#12519,#12520);
#12518 = CARTESIAN_POINT('',(-10.4,7.8,0.));
#12519 = DIRECTION('',(0.970142500145,0.242535625036,0.));
#12520 = DIRECTION('',(0.242535625036,-0.970142500145,0.));
#12521 = DEFINITIONAL_REPRESENTATION('',(#12522),#12526);
#12522 = LINE('',#12523,#12524);
#12523 = CARTESIAN_POINT('',(0.,0.));
#12524 = VECTOR('',#12525,1.);
#12525 = DIRECTION('',(1.,0.));
#12526 = ( GEOMETRIC_REPRESENTATION_CONTEXT(2) 
PARAMETRIC_REPRESENTATION_CONTEXT() REPRESENTATION_CONTEXT('2D SPACE',''
  ) );
#12527 = FACE_BOUND('',#12528,.F.);
#12528 = EDGE_LOOP('',(#12529));
#12529 = ORIENTED_EDGE('',*,*,#12530,.F.);
#12530 = EDGE_CURVE('',#12531,#12531,#12533,.T.);
#12531 = VERTEX_POINT('',#12532);
#12532 = CARTESIAN_POINT('',(-3.6,3.,0.));
#12533 = SURFACE_CURVE('',#12534,(#12539,#12546),.PCURVE_S1.);
#12534 = CIRCLE('',#12535,1.6);
#12535 = AXIS2_PLACEMENT_3D('',#12536,#12537,#12538);
#12536 = CARTESIAN_POINT('',(-5.2,3.,0.));
#12537 = DIRECTION('',(0.,0.,1.));
#12538 = DIRECTION('',(1.,0.,0.));
#12539 = PCURVE('',#12022,#12540);
#12540 = DEFINITIONAL_REPRESENTATION('',(#12541),#12545);
#12541 = CIRCLE('',#12542,1.6);
#12542 = AXIS2_PLACEMENT_2D('',#12543,#12544);
#12543 = CARTESIAN_POINT('',(0.912698047566,-12.46825775326));
#12544 = DIRECTION('',(1.,0.));
#12545 = ( GEOMETRIC_REPRESENTATION_CONTEXT(2) 
PARAMETRIC_REPRESENTATION_CONTEXT() REPRESENTATION_CONTEXT('2D SPACE',''
  ) );
#12546 = PCURVE('',#12547,#12552);
#12547 = CYLINDRICAL_SURFACE('',#12548,1.6);
#12548 = AXIS2_PLACEMENT_3D('',#12549,#12550,#12551);
#12549 = CARTESIAN_POINT('',(-5.2,3.,-9.));
#12550 = DIRECTION('',(0.,0.,1.));
#12551 = DIRECTION('',(1.,0.,0.));
#12552 = DEFINITIONAL_REPRESENTATION('',(#12553),#12557);
#12553 = LINE('',#12554,#12555);
#12554 = CARTESIAN_POINT('',(0.,9.));
#12555 = VECTOR('',#12556,1.);
#12556 = DIRECTION('',(1.,0.));
#12557 = ( GEOMETRIC_REPRESENTATION_CONTEXT(2) 
PARAMETRIC_REPRESENTATION_CONTEXT() REPRESENTATION_CONTEXT('2D SPACE',''
  ) );
#12558 = FACE_BOUND('',#12559,.F.);
#12559 = EDGE_LOOP('',(#12560));
#12560 = ORIENTED_EDGE('',*,*,#12561,.F.);
#12561 = EDGE_CURVE('',#12562,#12562,#12564,.T.);
#12562 = VERTEX_POINT('',#12563);
#12563 = CARTESIAN_POINT('',(-3.1,11.,0.));
#12564 = SURFACE_CURVE('',#12565,(#12570,#12577),.PCURVE_S1.);
#12565 = CIRCLE('',#12566,3.1);
#12566 = AXIS2_PLACEMENT_3D('',#12567,#12568,#12569);
#12567 = CARTESIAN_POINT('',(-6.2,11.,0.));
#12568 = DIRECTION('',(0.,0.,1.));
#12569 = DIRECTION('',(1.,0.,0.));
#12570 = PCURVE('',#12022,#12571);
#12571 = DEFINITIONAL_REPRESENTATION('',(#12572),#12576);
#12572 = CIRCLE('',#12573,3.1);
#12573 = AXIS2_PLACEMENT_2D('',#12574,#12575);
#12574 = CARTESIAN_POINT('',(-8.73019524339E-02,-4.468257753269));
#12575 = DIRECTION('',(1.,0.));
#12576 = ( GEOMETRIC_REPRESENTATION_CONTEXT(2) 
PARAMETRIC_REPRESENTATION_CONTEXT() REPRESENTATION_CONTEXT('2D SPACE',''
  ) );
#12577 = PCURVE('',#12578,#12583);
#12578 = CYLINDRICAL_SURFACE('',#12579,3.1);
#12579 = AXIS2_PLACEMENT_3D('',#12580,#12581,#12582);
#12580 = CARTESIAN_POINT('',(-6.2,11.,0.));
#12581 = DIRECTION('',(0.,0.,1.));
#12582 = DIRECTION('',(1.,0.,0.));
#12583 = DEFINITIONAL_REPRESENTATION('',(#12584),#12588);
#12584 = LINE('',#12585,#12586);
#12585 = CARTESIAN_POINT('',(0.,0.));
#12586 = VECTOR('',#12587,1.);
#12587 = DIRECTION('',(1.,0.));
#12588 = ( GEOMETRIC_REPRESENTATION_CONTEXT(2) 
PARAMETRIC_REPRESENTATION_CONTEXT() REPRESENTATION_CONTEXT('2D SPACE',''
  ) );
#12589 = ADVANCED_FACE('',(#12590),#12050,.T.);
#12590 = FACE_BOUND('',#12591,.F.);
#12591 = EDGE_LOOP('',(#12592,#12593,#12616,#12642));
#12592 = ORIENTED_EDGE('',*,*,#12182,.T.);
#12593 = ORIENTED_EDGE('',*,*,#12594,.T.);
#12594 = EDGE_CURVE('',#12155,#12595,#12597,.T.);
#12595 = VERTEX_POINT('',#12596);
#12596 = CARTESIAN_POINT('',(-2.842549229616,-1.,10.));
#12597 = SURFACE_CURVE('',#12598,(#12602,#12609),.PCURVE_S1.);
#12598 = LINE('',#12599,#12600);
#12599 = CARTESIAN_POINT('',(-2.842549229616,-1.,0.));
#12600 = VECTOR('',#12601,1.);
#12601 = DIRECTION('',(0.,0.,1.));
#12602 = PCURVE('',#12050,#12603);
#12603 = DEFINITIONAL_REPRESENTATION('',(#12604),#12608);
#12604 = LINE('',#12605,#12606);
#12605 = CARTESIAN_POINT('',(-1.661456213996,0.));
#12606 = VECTOR('',#12607,1.);
#12607 = DIRECTION('',(-0.,1.));
#12608 = ( GEOMETRIC_REPRESENTATION_CONTEXT(2) 
PARAMETRIC_REPRESENTATION_CONTEXT() REPRESENTATION_CONTEXT('2D SPACE',''
  ) );
#12609 = PCURVE('',#12170,#12610);
#12610 = DEFINITIONAL_REPRESENTATION('',(#12611),#12615);
#12611 = LINE('',#12612,#12613);
#12612 = CARTESIAN_POINT('',(5.357450770384,0.));
#12613 = VECTOR('',#12614,1.);
#12614 = DIRECTION('',(0.,-1.));
#12615 = ( GEOMETRIC_REPRESENTATION_CONTEXT(2) 
PARAMETRIC_REPRESENTATION_CONTEXT() REPRESENTATION_CONTEXT('2D SPACE',''
  ) );
#12616 = ORIENTED_EDGE('',*,*,#12617,.F.);
#12617 = EDGE_CURVE('',#12035,#12595,#12618,.T.);
#12618 = SURFACE_CURVE('',#12619,(#12624,#12631),.PCURVE_S1.);
#12619 = CIRCLE('',#12620,1.5);
#12620 = AXIS2_PLACEMENT_3D('',#12621,#12622,#12623);
#12621 = CARTESIAN_POINT('',(-2.842549229616,0.5,10.));
#12622 = DIRECTION('',(-0.,-0.,-1.));
#12623 = DIRECTION('',(0.,-1.,0.));
#12624 = PCURVE('',#12050,#12625);
#12625 = DEFINITIONAL_REPRESENTATION('',(#12626),#12630);
#12626 = LINE('',#12627,#12628);
#12627 = CARTESIAN_POINT('',(4.621729093184,10.));
#12628 = VECTOR('',#12629,1.);
#12629 = DIRECTION('',(-1.,0.));
#12630 = ( GEOMETRIC_REPRESENTATION_CONTEXT(2) 
PARAMETRIC_REPRESENTATION_CONTEXT() REPRESENTATION_CONTEXT('2D SPACE',''
  ) );
#12631 = PCURVE('',#12078,#12632);
#12632 = DEFINITIONAL_REPRESENTATION('',(#12633),#12641);
#12633 = ( BOUNDED_CURVE() B_SPLINE_CURVE(2,(#12634,#12635,#12636,#12637
    ,#12638,#12639,#12640),.UNSPECIFIED.,.T.,.F.) 
B_SPLINE_CURVE_WITH_KNOTS((1,2,2,2,2,1),(-2.094395102393,0.,
    2.094395102393,4.188790204786,6.28318530718,8.377580409573),
.UNSPECIFIED.) CURVE() GEOMETRIC_REPRESENTATION_ITEM() 
RATIONAL_B_SPLINE_CURVE((1.,0.5,1.,0.5,1.,0.5,1.)) REPRESENTATION_ITEM(
  '') );
#12634 = CARTESIAN_POINT('',(3.27014881795,-16.46825775326));
#12635 = CARTESIAN_POINT('',(0.672072606596,-16.46825775326));
#12636 = CARTESIAN_POINT('',(1.971110712273,-14.21825775326));
#12637 = CARTESIAN_POINT('',(3.27014881795,-11.96825775326));
#12638 = CARTESIAN_POINT('',(4.569186923626,-14.21825775326));
#12639 = CARTESIAN_POINT('',(5.868225029303,-16.46825775326));
#12640 = CARTESIAN_POINT('',(3.27014881795,-16.46825775326));
#12641 = ( GEOMETRIC_REPRESENTATION_CONTEXT(2) 
PARAMETRIC_REPRESENTATION_CONTEXT() REPRESENTATION_CONTEXT('2D SPACE',''
  ) );
#12642 = ORIENTED_EDGE('',*,*,#12034,.F.);
#12643 = ADVANCED_FACE('',(#12644),#12104,.F.);
#12644 = FACE_BOUND('',#12645,.T.);
#12645 = EDGE_LOOP('',(#12646,#12647,#12670,#12696));
#12646 = ORIENTED_EDGE('',*,*,#12209,.T.);
#12647 = ORIENTED_EDGE('',*,*,#12648,.T.);
#12648 = EDGE_CURVE('',#12210,#12649,#12651,.T.);
#12649 = VERTEX_POINT('',#12650);
#12650 = CARTESIAN_POINT('',(-1.525789522605,7.238117969285,10.));
#12651 = SURFACE_CURVE('',#12652,(#12656,#12663),.PCURVE_S1.);
#12652 = LINE('',#12653,#12654);
#12653 = CARTESIAN_POINT('',(-1.525789522605,7.238117969285,0.));
#12654 = VECTOR('',#12655,1.);
#12655 = DIRECTION('',(0.,0.,1.));
#12656 = PCURVE('',#12104,#12657);
#12657 = DEFINITIONAL_REPRESENTATION('',(#12658),#12662);
#12658 = LINE('',#12659,#12660);
#12659 = CARTESIAN_POINT('',(-0.768330867972,0.));
#12660 = VECTOR('',#12661,1.);
#12661 = DIRECTION('',(-0.,1.));
#12662 = ( GEOMETRIC_REPRESENTATION_CONTEXT(2) 
PARAMETRIC_REPRESENTATION_CONTEXT() REPRESENTATION_CONTEXT('2D SPACE',''
  ) );
#12663 = PCURVE('',#12258,#12664);
#12664 = DEFINITIONAL_REPRESENTATION('',(#12665),#12669);
#12665 = LINE('',#12666,#12667);
#12666 = CARTESIAN_POINT('',(5.605514326408,0.));
#12667 = VECTOR('',#12668,1.);
#12668 = DIRECTION('',(0.,1.));
#12669 = ( GEOMETRIC_REPRESENTATION_CONTEXT(2) 
PARAMETRIC_REPRESENTATION_CONTEXT() REPRESENTATION_CONTEXT('2D SPACE',''
  ) );
#12670 = ORIENTED_EDGE('',*,*,#12671,.F.);
#12671 = EDGE_CURVE('',#12063,#12649,#12672,.T.);
#12672 = SURFACE_CURVE('',#12673,(#12678,#12685),.PCURVE_S1.);
#12673 = CIRCLE('',#12674,1.5);
#12674 = AXIS2_PLACEMENT_3D('',#12675,#12676,#12677);
#12675 = CARTESIAN_POINT('',(-0.357236903257,6.297647461606,10.));
#12676 = DIRECTION('',(-0.,-0.,-1.));
#12677 = DIRECTION('',(0.,-1.,0.));
#12678 = PCURVE('',#12104,#12679);
#12679 = DEFINITIONAL_REPRESENTATION('',(#12680),#12684);
#12680 = LINE('',#12681,#12682);
#12681 = CARTESIAN_POINT('',(1.480136439594,10.));
#12682 = VECTOR('',#12683,1.);
#12683 = DIRECTION('',(-1.,0.));
#12684 = ( GEOMETRIC_REPRESENTATION_CONTEXT(2) 
PARAMETRIC_REPRESENTATION_CONTEXT() REPRESENTATION_CONTEXT('2D SPACE',''
  ) );
#12685 = PCURVE('',#12078,#12686);
#12686 = DEFINITIONAL_REPRESENTATION('',(#12687),#12695);
#12687 = ( BOUNDED_CURVE() B_SPLINE_CURVE(2,(#12688,#12689,#12690,#12691
    ,#12692,#12693,#12694),.UNSPECIFIED.,.T.,.F.) 
B_SPLINE_CURVE_WITH_KNOTS((1,2,2,2,2,1),(-2.094395102393,0.,
    2.094395102393,4.188790204786,6.28318530718,8.377580409573),
.UNSPECIFIED.) CURVE() GEOMETRIC_REPRESENTATION_ITEM() 
RATIONAL_B_SPLINE_CURVE((1.,0.5,1.,0.5,1.,0.5,1.)) REPRESENTATION_ITEM(
  '') );
#12688 = CARTESIAN_POINT('',(5.755461144309,-10.67061029166));
#12689 = CARTESIAN_POINT('',(3.157384932956,-10.67061029166));
#12690 = CARTESIAN_POINT('',(4.456423038633,-8.420610291662));
#12691 = CARTESIAN_POINT('',(5.755461144309,-6.170610291662));
#12692 = CARTESIAN_POINT('',(7.054499249986,-8.420610291662));
#12693 = CARTESIAN_POINT('',(8.353537355663,-10.67061029166));
#12694 = CARTESIAN_POINT('',(5.755461144309,-10.67061029166));
#12695 = ( GEOMETRIC_REPRESENTATION_CONTEXT(2) 
PARAMETRIC_REPRESENTATION_CONTEXT() REPRESENTATION_CONTEXT('2D SPACE',''
  ) );
#12696 = ORIENTED_EDGE('',*,*,#12090,.F.);
#12697 = ADVANCED_FACE('',(#12698,#12991,#13017),#12078,.T.);
#12698 = FACE_BOUND('',#12699,.T.);
#12699 = EDGE_LOOP('',(#12700,#12730,#12751,#12752,#12753,#12754,#12782,
    #12806,#12829,#12852,#12875,#12898,#12922,#12946,#12970));
#12700 = ORIENTED_EDGE('',*,*,#12701,.F.);
#12701 = EDGE_CURVE('',#12702,#12704,#12706,.T.);
#12702 = VERTEX_POINT('',#12703);
#12703 = CARTESIAN_POINT('',(-7.028835390393,-1.,10.));
#12704 = VERTEX_POINT('',#12705);
#12705 = CARTESIAN_POINT('',(-8.484049140611,0.136196562445,10.));
#12706 = SURFACE_CURVE('',#12707,(#12712,#12723),.PCURVE_S1.);
#12707 = CIRCLE('',#12708,1.5);
#12708 = AXIS2_PLACEMENT_3D('',#12709,#12710,#12711);
#12709 = CARTESIAN_POINT('',(-7.028835390393,0.5,10.));
#12710 = DIRECTION('',(-0.,-0.,-1.));
#12711 = DIRECTION('',(0.,-1.,0.));
#12712 = PCURVE('',#12078,#12713);
#12713 = DEFINITIONAL_REPRESENTATION('',(#12714),#12722);
#12714 = ( BOUNDED_CURVE() B_SPLINE_CURVE(2,(#12715,#12716,#12717,#12718
    ,#12719,#12720,#12721),.UNSPECIFIED.,.T.,.F.) 
B_SPLINE_CURVE_WITH_KNOTS((1,2,2,2,2,1),(-2.094395102393,0.,
    2.094395102393,4.188790204786,6.28318530718,8.377580409573),
.UNSPECIFIED.) CURVE() GEOMETRIC_REPRESENTATION_ITEM() 
RATIONAL_B_SPLINE_CURVE((1.,0.5,1.,0.5,1.,0.5,1.)) REPRESENTATION_ITEM(
  '') );
#12715 = CARTESIAN_POINT('',(-0.916137342827,-16.46825775326));
#12716 = CARTESIAN_POINT('',(-3.514213554181,-16.46825775326));
#12717 = CARTESIAN_POINT('',(-2.215175448504,-14.21825775326));
#12718 = CARTESIAN_POINT('',(-0.916137342827,-11.96825775326));
#12719 = CARTESIAN_POINT('',(0.382900762849,-14.21825775326));
#12720 = CARTESIAN_POINT('',(1.681938868526,-16.46825775326));
#12721 = CARTESIAN_POINT('',(-0.916137342827,-16.46825775326));
#12722 = ( GEOMETRIC_REPRESENTATION_CONTEXT(2) 
PARAMETRIC_REPRESENTATION_CONTEXT() REPRESENTATION_CONTEXT('2D SPACE',''
  ) );
#12723 = PCURVE('',#12142,#12724);
#12724 = DEFINITIONAL_REPRESENTATION('',(#12725),#12729);
#12725 = LINE('',#12726,#12727);
#12726 = CARTESIAN_POINT('',(-0.,10.));
#12727 = VECTOR('',#12728,1.);
#12728 = DIRECTION('',(-1.,0.));
#12729 = ( GEOMETRIC_REPRESENTATION_CONTEXT(2) 
PARAMETRIC_REPRESENTATION_CONTEXT() REPRESENTATION_CONTEXT('2D SPACE',''
  ) );
#12730 = ORIENTED_EDGE('',*,*,#12731,.T.);
#12731 = EDGE_CURVE('',#12702,#12595,#12732,.T.);
#12732 = SURFACE_CURVE('',#12733,(#12737,#12744),.PCURVE_S1.);
#12733 = LINE('',#12734,#12735);
#12734 = CARTESIAN_POINT('',(-8.2,-1.,10.));
#12735 = VECTOR('',#12736,1.);
#12736 = DIRECTION('',(1.,0.,0.));
#12737 = PCURVE('',#12078,#12738);
#12738 = DEFINITIONAL_REPRESENTATION('',(#12739),#12743);
#12739 = LINE('',#12740,#12741);
#12740 = CARTESIAN_POINT('',(-2.087301952434,-16.46825775326));
#12741 = VECTOR('',#12742,1.);
#12742 = DIRECTION('',(1.,0.));
#12743 = ( GEOMETRIC_REPRESENTATION_CONTEXT(2) 
PARAMETRIC_REPRESENTATION_CONTEXT() REPRESENTATION_CONTEXT('2D SPACE',''
  ) );
#12744 = PCURVE('',#12170,#12745);
#12745 = DEFINITIONAL_REPRESENTATION('',(#12746),#12750);
#12746 = LINE('',#12747,#12748);
#12747 = CARTESIAN_POINT('',(0.,-10.));
#12748 = VECTOR('',#12749,1.);
#12749 = DIRECTION('',(1.,0.));
#12750 = ( GEOMETRIC_REPRESENTATION_CONTEXT(2) 
PARAMETRIC_REPRESENTATION_CONTEXT() REPRESENTATION_CONTEXT('2D SPACE',''
  ) );
#12751 = ORIENTED_EDGE('',*,*,#12617,.F.);
#12752 = ORIENTED_EDGE('',*,*,#12062,.T.);
#12753 = ORIENTED_EDGE('',*,*,#12671,.T.);
#12754 = ORIENTED_EDGE('',*,*,#12755,.F.);
#12755 = EDGE_CURVE('',#12756,#12649,#12758,.T.);
#12756 = VERTEX_POINT('',#12757);
#12757 = CARTESIAN_POINT('',(-0.286250162366,12.013687751667,10.));
#12758 = SURFACE_CURVE('',#12759,(#12764,#12775),.PCURVE_S1.);
#12759 = CIRCLE('',#12760,6.);
#12760 = AXIS2_PLACEMENT_3D('',#12761,#12762,#12763);
#12761 = CARTESIAN_POINT('',(-6.2,11.,10.));
#12762 = DIRECTION('',(0.,0.,-1.));
#12763 = DIRECTION('',(0.716616289341,0.69746762925,0.));
#12764 = PCURVE('',#12078,#12765);
#12765 = DEFINITIONAL_REPRESENTATION('',(#12766),#12774);
#12766 = ( BOUNDED_CURVE() B_SPLINE_CURVE(2,(#12767,#12768,#12769,#12770
    ,#12771,#12772,#12773),.UNSPECIFIED.,.T.,.F.) 
B_SPLINE_CURVE_WITH_KNOTS((1,2,2,2,2,1),(-2.094395102393,0.,
    2.094395102393,4.188790204786,6.28318530718,8.377580409573),
.UNSPECIFIED.) CURVE() GEOMETRIC_REPRESENTATION_ITEM() 
RATIONAL_B_SPLINE_CURVE((1.,0.5,1.,0.5,1.,0.5,1.)) REPRESENTATION_ITEM(
  '') );
#12767 = CARTESIAN_POINT('',(4.21239578361,-0.283451977768));
#12768 = CARTESIAN_POINT('',(11.460692006584,-7.730746913785));
#12769 = CARTESIAN_POINT('',(1.386997291031,-10.28430810902));
#12770 = CARTESIAN_POINT('',(-8.686697424521,-12.83786930426));
#12771 = CARTESIAN_POINT('',(-5.861298931943,-2.837013173011));
#12772 = CARTESIAN_POINT('',(-3.035900439364,7.163842958248));
#12773 = CARTESIAN_POINT('',(4.21239578361,-0.283451977768));
#12774 = ( GEOMETRIC_REPRESENTATION_CONTEXT(2) 
PARAMETRIC_REPRESENTATION_CONTEXT() REPRESENTATION_CONTEXT('2D SPACE',''
  ) );
#12775 = PCURVE('',#12258,#12776);
#12776 = DEFINITIONAL_REPRESENTATION('',(#12777),#12781);
#12777 = LINE('',#12778,#12779);
#12778 = CARTESIAN_POINT('',(7.05504290941,10.));
#12779 = VECTOR('',#12780,1.);
#12780 = DIRECTION('',(-1.,-0.));
#12781 = ( GEOMETRIC_REPRESENTATION_CONTEXT(2) 
PARAMETRIC_REPRESENTATION_CONTEXT() REPRESENTATION_CONTEXT('2D SPACE',''
  ) );
#12782 = ORIENTED_EDGE('',*,*,#12783,.F.);
#12783 = EDGE_CURVE('',#12784,#12756,#12786,.T.);
#12784 = VERTEX_POINT('',#12785);
#12785 = CARTESIAN_POINT('',(-2.172777295653,17.068583772414,10.));
#12786 = SURFACE_CURVE('',#12787,(#12792,#12799),.PCURVE_S1.);
#12787 = CIRCLE('',#12788,3.);
#12788 = AXIS2_PLACEMENT_3D('',#12789,#12790,#12791);
#12789 = CARTESIAN_POINT('',(0.,15.,10.));
#12790 = DIRECTION('',(0.,0.,1.));
#12791 = DIRECTION('',(1.,0.,0.));
#12792 = PCURVE('',#12078,#12793);
#12793 = DEFINITIONAL_REPRESENTATION('',(#12794),#12798);
#12794 = CIRCLE('',#12795,3.);
#12795 = AXIS2_PLACEMENT_2D('',#12796,#12797);
#12796 = CARTESIAN_POINT('',(6.112698047566,-0.468257753269));
#12797 = DIRECTION('',(1.,0.));
#12798 = ( GEOMETRIC_REPRESENTATION_CONTEXT(2) 
PARAMETRIC_REPRESENTATION_CONTEXT() REPRESENTATION_CONTEXT('2D SPACE',''
  ) );
#12799 = PCURVE('',#12287,#12800);
#12800 = DEFINITIONAL_REPRESENTATION('',(#12801),#12805);
#12801 = LINE('',#12802,#12803);
#12802 = CARTESIAN_POINT('',(0.,100.));
#12803 = VECTOR('',#12804,1.);
#12804 = DIRECTION('',(1.,0.));
#12805 = ( GEOMETRIC_REPRESENTATION_CONTEXT(2) 
PARAMETRIC_REPRESENTATION_CONTEXT() REPRESENTATION_CONTEXT('2D SPACE',''
  ) );
#12806 = ORIENTED_EDGE('',*,*,#12807,.T.);
#12807 = EDGE_CURVE('',#12784,#12808,#12810,.T.);
#12808 = VERTEX_POINT('',#12809);
#12809 = CARTESIAN_POINT('',(-3.32,25.,10.));
#12810 = SURFACE_CURVE('',#12811,(#12815,#12822),.PCURVE_S1.);
#12811 = LINE('',#12812,#12813);
#12812 = CARTESIAN_POINT('',(-1.7,13.8,10.));
#12813 = VECTOR('',#12814,1.);
#12814 = DIRECTION('',(-0.143153115763,0.989700553424,0.));
#12815 = PCURVE('',#12078,#12816);
#12816 = DEFINITIONAL_REPRESENTATION('',(#12817),#12821);
#12817 = LINE('',#12818,#12819);
#12818 = CARTESIAN_POINT('',(4.412698047566,-1.668257753269));
#12819 = VECTOR('',#12820,1.);
#12820 = DIRECTION('',(-0.143153115763,0.989700553424));
#12821 = ( GEOMETRIC_REPRESENTATION_CONTEXT(2) 
PARAMETRIC_REPRESENTATION_CONTEXT() REPRESENTATION_CONTEXT('2D SPACE',''
  ) );
#12822 = PCURVE('',#12315,#12823);
#12823 = DEFINITIONAL_REPRESENTATION('',(#12824),#12828);
#12824 = LINE('',#12825,#12826);
#12825 = CARTESIAN_POINT('',(0.,-10.));
#12826 = VECTOR('',#12827,1.);
#12827 = DIRECTION('',(1.,0.));
#12828 = ( GEOMETRIC_REPRESENTATION_CONTEXT(2) 
PARAMETRIC_REPRESENTATION_CONTEXT() REPRESENTATION_CONTEXT('2D SPACE',''
  ) );
#12829 = ORIENTED_EDGE('',*,*,#12830,.T.);
#12830 = EDGE_CURVE('',#12808,#12831,#12833,.T.);
#12831 = VERTEX_POINT('',#12832);
#12832 = CARTESIAN_POINT('',(-5.68,34.6,10.));
#12833 = SURFACE_CURVE('',#12834,(#12838,#12845),.PCURVE_S1.);
#12834 = LINE('',#12835,#12836);
#12835 = CARTESIAN_POINT('',(-3.32,25.,10.));
#12836 = VECTOR('',#12837,1.);
#12837 = DIRECTION('',(-0.238725571858,0.971087071967,0.));
#12838 = PCURVE('',#12078,#12839);
#12839 = DEFINITIONAL_REPRESENTATION('',(#12840),#12844);
#12840 = LINE('',#12841,#12842);
#12841 = CARTESIAN_POINT('',(2.792698047566,9.531742246731));
#12842 = VECTOR('',#12843,1.);
#12843 = DIRECTION('',(-0.238725571858,0.971087071967));
#12844 = ( GEOMETRIC_REPRESENTATION_CONTEXT(2) 
PARAMETRIC_REPRESENTATION_CONTEXT() REPRESENTATION_CONTEXT('2D SPACE',''
  ) );
#12845 = PCURVE('',#12343,#12846);
#12846 = DEFINITIONAL_REPRESENTATION('',(#12847),#12851);
#12847 = LINE('',#12848,#12849);
#12848 = CARTESIAN_POINT('',(0.,-10.));
#12849 = VECTOR('',#12850,1.);
#12850 = DIRECTION('',(1.,0.));
#12851 = ( GEOMETRIC_REPRESENTATION_CONTEXT(2) 
PARAMETRIC_REPRESENTATION_CONTEXT() REPRESENTATION_CONTEXT('2D SPACE',''
  ) );
#12852 = ORIENTED_EDGE('',*,*,#12853,.T.);
#12853 = EDGE_CURVE('',#12831,#12854,#12856,.T.);
#12854 = VERTEX_POINT('',#12855);
#12855 = CARTESIAN_POINT('',(-7.,34.2,10.));
#12856 = SURFACE_CURVE('',#12857,(#12861,#12868),.PCURVE_S1.);
#12857 = LINE('',#12858,#12859);
#12858 = CARTESIAN_POINT('',(-5.68,34.6,10.));
#12859 = VECTOR('',#12860,1.);
#12860 = DIRECTION('',(-0.957024404433,-0.290007395283,0.));
#12861 = PCURVE('',#12078,#12862);
#12862 = DEFINITIONAL_REPRESENTATION('',(#12863),#12867);
#12863 = LINE('',#12864,#12865);
#12864 = CARTESIAN_POINT('',(0.432698047566,19.131742246731));
#12865 = VECTOR('',#12866,1.);
#12866 = DIRECTION('',(-0.957024404433,-0.290007395283));
#12867 = ( GEOMETRIC_REPRESENTATION_CONTEXT(2) 
PARAMETRIC_REPRESENTATION_CONTEXT() REPRESENTATION_CONTEXT('2D SPACE',''
  ) );
#12868 = PCURVE('',#12371,#12869);
#12869 = DEFINITIONAL_REPRESENTATION('',(#12870),#12874);
#12870 = LINE('',#12871,#12872);
#12871 = CARTESIAN_POINT('',(0.,-10.));
#12872 = VECTOR('',#12873,1.);
#12873 = DIRECTION('',(1.,0.));
#12874 = ( GEOMETRIC_REPRESENTATION_CONTEXT(2) 
PARAMETRIC_REPRESENTATION_CONTEXT() REPRESENTATION_CONTEXT('2D SPACE',''
  ) );
#12875 = ORIENTED_EDGE('',*,*,#12876,.T.);
#12876 = EDGE_CURVE('',#12854,#12877,#12879,.T.);
#12877 = VERTEX_POINT('',#12878);
#12878 = CARTESIAN_POINT('',(-11.59171390259,13.713891819192,10.));
#12879 = SURFACE_CURVE('',#12880,(#12884,#12891),.PCURVE_S1.);
#12880 = LINE('',#12881,#12882);
#12881 = CARTESIAN_POINT('',(-7.,34.2,10.));
#12882 = VECTOR('',#12883,1.);
#12883 = DIRECTION('',(-0.218711456917,-0.975789577016,0.));
#12884 = PCURVE('',#12078,#12885);
#12885 = DEFINITIONAL_REPRESENTATION('',(#12886),#12890);
#12886 = LINE('',#12887,#12888);
#12887 = CARTESIAN_POINT('',(-0.887301952434,18.731742246731));
#12888 = VECTOR('',#12889,1.);
#12889 = DIRECTION('',(-0.218711456917,-0.975789577016));
#12890 = ( GEOMETRIC_REPRESENTATION_CONTEXT(2) 
PARAMETRIC_REPRESENTATION_CONTEXT() REPRESENTATION_CONTEXT('2D SPACE',''
  ) );
#12891 = PCURVE('',#12399,#12892);
#12892 = DEFINITIONAL_REPRESENTATION('',(#12893),#12897);
#12893 = LINE('',#12894,#12895);
#12894 = CARTESIAN_POINT('',(0.,-10.));
#12895 = VECTOR('',#12896,1.);
#12896 = DIRECTION('',(1.,0.));
#12897 = ( GEOMETRIC_REPRESENTATION_CONTEXT(2) 
PARAMETRIC_REPRESENTATION_CONTEXT() REPRESENTATION_CONTEXT('2D SPACE',''
  ) );
#12898 = ORIENTED_EDGE('',*,*,#12899,.F.);
#12899 = EDGE_CURVE('',#12900,#12877,#12902,.T.);
#12900 = VERTEX_POINT('',#12901);
#12901 = CARTESIAN_POINT('',(-11.68431861449,13.433567203654,10.));
#12902 = SURFACE_CURVE('',#12903,(#12908,#12915),.PCURVE_S1.);
#12903 = CIRCLE('',#12904,1.5);
#12904 = AXIS2_PLACEMENT_3D('',#12905,#12906,#12907);
#12905 = CARTESIAN_POINT('',(-13.05539826811,14.041959004568,10.));
#12906 = DIRECTION('',(-0.,0.,1.));
#12907 = DIRECTION('',(0.,-1.,0.));
#12908 = PCURVE('',#12078,#12909);
#12909 = DEFINITIONAL_REPRESENTATION('',(#12910),#12914);
#12910 = CIRCLE('',#12911,1.5);
#12911 = AXIS2_PLACEMENT_2D('',#12912,#12913);
#12912 = CARTESIAN_POINT('',(-6.942700220553,-1.426298748701));
#12913 = DIRECTION('',(0.,-1.));
#12914 = ( GEOMETRIC_REPRESENTATION_CONTEXT(2) 
PARAMETRIC_REPRESENTATION_CONTEXT() REPRESENTATION_CONTEXT('2D SPACE',''
  ) );
#12915 = PCURVE('',#12428,#12916);
#12916 = DEFINITIONAL_REPRESENTATION('',(#12917),#12921);
#12917 = LINE('',#12918,#12919);
#12918 = CARTESIAN_POINT('',(-1.153167152984,10.));
#12919 = VECTOR('',#12920,1.);
#12920 = DIRECTION('',(1.,0.));
#12921 = ( GEOMETRIC_REPRESENTATION_CONTEXT(2) 
PARAMETRIC_REPRESENTATION_CONTEXT() REPRESENTATION_CONTEXT('2D SPACE',''
  ) );
#12922 = ORIENTED_EDGE('',*,*,#12923,.T.);
#12923 = EDGE_CURVE('',#12900,#12924,#12926,.T.);
#12924 = VERTEX_POINT('',#12925);
#12925 = CARTESIAN_POINT('',(-10.3547432693,6.671246326457,10.));
#12926 = SURFACE_CURVE('',#12927,(#12932,#12939),.PCURVE_S1.);
#12927 = CIRCLE('',#12928,6.);
#12928 = AXIS2_PLACEMENT_3D('',#12929,#12930,#12931);
#12929 = CARTESIAN_POINT('',(-6.2,11.,10.));
#12930 = DIRECTION('',(0.,0.,1.));
#12931 = DIRECTION('',(-0.904330597226,0.426832720068,0.));
#12932 = PCURVE('',#12078,#12933);
#12933 = DEFINITIONAL_REPRESENTATION('',(#12934),#12938);
#12934 = CIRCLE('',#12935,6.);
#12935 = AXIS2_PLACEMENT_2D('',#12936,#12937);
#12936 = CARTESIAN_POINT('',(-8.73019524339E-02,-4.468257753269));
#12937 = DIRECTION('',(-0.904330597226,0.426832720068));
#12938 = ( GEOMETRIC_REPRESENTATION_CONTEXT(2) 
PARAMETRIC_REPRESENTATION_CONTEXT() REPRESENTATION_CONTEXT('2D SPACE',''
  ) );
#12939 = PCURVE('',#12461,#12940);
#12940 = DEFINITIONAL_REPRESENTATION('',(#12941),#12945);
#12941 = LINE('',#12942,#12943);
#12942 = CARTESIAN_POINT('',(2.700605130857,10.));
#12943 = VECTOR('',#12944,1.);
#12944 = DIRECTION('',(1.,0.));
#12945 = ( GEOMETRIC_REPRESENTATION_CONTEXT(2) 
PARAMETRIC_REPRESENTATION_CONTEXT() REPRESENTATION_CONTEXT('2D SPACE',''
  ) );
#12946 = ORIENTED_EDGE('',*,*,#12947,.F.);
#12947 = EDGE_CURVE('',#12948,#12924,#12950,.T.);
#12948 = VERTEX_POINT('',#12949);
#12949 = CARTESIAN_POINT('',(-9.938215336407,5.952861345626,10.));
#12950 = SURFACE_CURVE('',#12951,(#12956,#12963),.PCURVE_S1.);
#12951 = CIRCLE('',#12952,1.5);
#12952 = AXIS2_PLACEMENT_3D('',#12953,#12954,#12955);
#12953 = CARTESIAN_POINT('',(-11.39342908662,5.589057908072,10.));
#12954 = DIRECTION('',(-0.,0.,1.));
#12955 = DIRECTION('',(0.,-1.,0.));
#12956 = PCURVE('',#12078,#12957);
#12957 = DEFINITIONAL_REPRESENTATION('',(#12958),#12962);
#12958 = CIRCLE('',#12959,1.5);
#12959 = AXIS2_PLACEMENT_2D('',#12960,#12961);
#12960 = CARTESIAN_POINT('',(-5.280731039058,-9.879199845197));
#12961 = DIRECTION('',(0.,-1.));
#12962 = ( GEOMETRIC_REPRESENTATION_CONTEXT(2) 
PARAMETRIC_REPRESENTATION_CONTEXT() REPRESENTATION_CONTEXT('2D SPACE',''
  ) );
#12963 = PCURVE('',#12490,#12964);
#12964 = DEFINITIONAL_REPRESENTATION('',(#12965),#12969);
#12965 = LINE('',#12966,#12967);
#12966 = CARTESIAN_POINT('',(-1.815774989922,10.));
#12967 = VECTOR('',#12968,1.);
#12968 = DIRECTION('',(1.,0.));
#12969 = ( GEOMETRIC_REPRESENTATION_CONTEXT(2) 
PARAMETRIC_REPRESENTATION_CONTEXT() REPRESENTATION_CONTEXT('2D SPACE',''
  ) );
#12970 = ORIENTED_EDGE('',*,*,#12971,.T.);
#12971 = EDGE_CURVE('',#12948,#12704,#12972,.T.);
#12972 = SURFACE_CURVE('',#12973,(#12977,#12984),.PCURVE_S1.);
#12973 = LINE('',#12974,#12975);
#12974 = CARTESIAN_POINT('',(-10.4,7.8,10.));
#12975 = VECTOR('',#12976,1.);
#12976 = DIRECTION('',(0.242535625036,-0.970142500145,0.));
#12977 = PCURVE('',#12078,#12978);
#12978 = DEFINITIONAL_REPRESENTATION('',(#12979),#12983);
#12979 = LINE('',#12980,#12981);
#12980 = CARTESIAN_POINT('',(-4.287301952434,-7.668257753269));
#12981 = VECTOR('',#12982,1.);
#12982 = DIRECTION('',(0.242535625036,-0.970142500145));
#12983 = ( GEOMETRIC_REPRESENTATION_CONTEXT(2) 
PARAMETRIC_REPRESENTATION_CONTEXT() REPRESENTATION_CONTEXT('2D SPACE',''
  ) );
#12984 = PCURVE('',#12516,#12985);
#12985 = DEFINITIONAL_REPRESENTATION('',(#12986),#12990);
#12986 = LINE('',#12987,#12988);
#12987 = CARTESIAN_POINT('',(0.,-10.));
#12988 = VECTOR('',#12989,1.);
#12989 = DIRECTION('',(1.,0.));
#12990 = ( GEOMETRIC_REPRESENTATION_CONTEXT(2) 
PARAMETRIC_REPRESENTATION_CONTEXT() REPRESENTATION_CONTEXT('2D SPACE',''
  ) );
#12991 = FACE_BOUND('',#12992,.T.);
#12992 = EDGE_LOOP('',(#12993));
#12993 = ORIENTED_EDGE('',*,*,#12994,.F.);
#12994 = EDGE_CURVE('',#12995,#12995,#12997,.T.);
#12995 = VERTEX_POINT('',#12996);
#12996 = CARTESIAN_POINT('',(-3.6,3.,10.));
#12997 = SURFACE_CURVE('',#12998,(#13003,#13010),.PCURVE_S1.);
#12998 = CIRCLE('',#12999,1.6);
#12999 = AXIS2_PLACEMENT_3D('',#13000,#13001,#13002);
#13000 = CARTESIAN_POINT('',(-5.2,3.,10.));
#13001 = DIRECTION('',(0.,0.,1.));
#13002 = DIRECTION('',(1.,0.,0.));
#13003 = PCURVE('',#12078,#13004);
#13004 = DEFINITIONAL_REPRESENTATION('',(#13005),#13009);
#13005 = CIRCLE('',#13006,1.6);
#13006 = AXIS2_PLACEMENT_2D('',#13007,#13008);
#13007 = CARTESIAN_POINT('',(0.912698047566,-12.46825775326));
#13008 = DIRECTION('',(1.,0.));
#13009 = ( GEOMETRIC_REPRESENTATION_CONTEXT(2) 
PARAMETRIC_REPRESENTATION_CONTEXT() REPRESENTATION_CONTEXT('2D SPACE',''
  ) );
#13010 = PCURVE('',#12547,#13011);
#13011 = DEFINITIONAL_REPRESENTATION('',(#13012),#13016);
#13012 = LINE('',#13013,#13014);
#13013 = CARTESIAN_POINT('',(0.,19.));
#13014 = VECTOR('',#13015,1.);
#13015 = DIRECTION('',(1.,0.));
#13016 = ( GEOMETRIC_REPRESENTATION_CONTEXT(2) 
PARAMETRIC_REPRESENTATION_CONTEXT() REPRESENTATION_CONTEXT('2D SPACE',''
  ) );
#13017 = FACE_BOUND('',#13018,.T.);
#13018 = EDGE_LOOP('',(#13019));
#13019 = ORIENTED_EDGE('',*,*,#13020,.F.);
#13020 = EDGE_CURVE('',#13021,#13021,#13023,.T.);
#13021 = VERTEX_POINT('',#13022);
#13022 = CARTESIAN_POINT('',(-3.1,11.,10.));
#13023 = SURFACE_CURVE('',#13024,(#13029,#13036),.PCURVE_S1.);
#13024 = CIRCLE('',#13025,3.1);
#13025 = AXIS2_PLACEMENT_3D('',#13026,#13027,#13028);
#13026 = CARTESIAN_POINT('',(-6.2,11.,10.));
#13027 = DIRECTION('',(0.,0.,1.));
#13028 = DIRECTION('',(1.,0.,0.));
#13029 = PCURVE('',#12078,#13030);
#13030 = DEFINITIONAL_REPRESENTATION('',(#13031),#13035);
#13031 = CIRCLE('',#13032,3.1);
#13032 = AXIS2_PLACEMENT_2D('',#13033,#13034);
#13033 = CARTESIAN_POINT('',(-8.73019524339E-02,-4.468257753269));
#13034 = DIRECTION('',(1.,0.));
#13035 = ( GEOMETRIC_REPRESENTATION_CONTEXT(2) 
PARAMETRIC_REPRESENTATION_CONTEXT() REPRESENTATION_CONTEXT('2D SPACE',''
  ) );
#13036 = PCURVE('',#13037,#13042);
#13037 = CYLINDRICAL_SURFACE('',#13038,3.1);
#13038 = AXIS2_PLACEMENT_3D('',#13039,#13040,#13041);
#13039 = CARTESIAN_POINT('',(-6.2,11.,7.5));
#13040 = DIRECTION('',(0.,0.,1.));
#13041 = DIRECTION('',(1.,0.,0.));
#13042 = DEFINITIONAL_REPRESENTATION('',(#13043),#13047);
#13043 = LINE('',#13044,#13045);
#13044 = CARTESIAN_POINT('',(0.,2.5));
#13045 = VECTOR('',#13046,1.);
#13046 = DIRECTION('',(1.,0.));
#13047 = ( GEOMETRIC_REPRESENTATION_CONTEXT(2) 
PARAMETRIC_REPRESENTATION_CONTEXT() REPRESENTATION_CONTEXT('2D SPACE',''
  ) );
#13048 = ADVANCED_FACE('',(#13049),#12142,.T.);
#13049 = FACE_BOUND('',#13050,.F.);
#13050 = EDGE_LOOP('',(#13051,#13052,#13073,#13074));
#13051 = ORIENTED_EDGE('',*,*,#12119,.T.);
#13052 = ORIENTED_EDGE('',*,*,#13053,.T.);
#13053 = EDGE_CURVE('',#12122,#12704,#13054,.T.);
#13054 = SURFACE_CURVE('',#13055,(#13059,#13066),.PCURVE_S1.);
#13055 = LINE('',#13056,#13057);
#13056 = CARTESIAN_POINT('',(-8.484049140611,0.136196562445,0.));
#13057 = VECTOR('',#13058,1.);
#13058 = DIRECTION('',(0.,0.,1.));
#13059 = PCURVE('',#12142,#13060);
#13060 = DEFINITIONAL_REPRESENTATION('',(#13061),#13065);
#13061 = LINE('',#13062,#13063);
#13062 = CARTESIAN_POINT('',(-1.325817663668,0.));
#13063 = VECTOR('',#13064,1.);
#13064 = DIRECTION('',(-0.,1.));
#13065 = ( GEOMETRIC_REPRESENTATION_CONTEXT(2) 
PARAMETRIC_REPRESENTATION_CONTEXT() REPRESENTATION_CONTEXT('2D SPACE',''
  ) );
#13066 = PCURVE('',#12516,#13067);
#13067 = DEFINITIONAL_REPRESENTATION('',(#13068),#13072);
#13068 = LINE('',#13069,#13070);
#13069 = CARTESIAN_POINT('',(7.899667766752,0.));
#13070 = VECTOR('',#13071,1.);
#13071 = DIRECTION('',(0.,-1.));
#13072 = ( GEOMETRIC_REPRESENTATION_CONTEXT(2) 
PARAMETRIC_REPRESENTATION_CONTEXT() REPRESENTATION_CONTEXT('2D SPACE',''
  ) );
#13073 = ORIENTED_EDGE('',*,*,#12701,.F.);
#13074 = ORIENTED_EDGE('',*,*,#13075,.F.);
#13075 = EDGE_CURVE('',#12120,#12702,#13076,.T.);
#13076 = SURFACE_CURVE('',#13077,(#13081,#13088),.PCURVE_S1.);
#13077 = LINE('',#13078,#13079);
#13078 = CARTESIAN_POINT('',(-7.028835390393,-1.,0.));
#13079 = VECTOR('',#13080,1.);
#13080 = DIRECTION('',(0.,0.,1.));
#13081 = PCURVE('',#12142,#13082);
#13082 = DEFINITIONAL_REPRESENTATION('',(#13083),#13087);
#13083 = LINE('',#13084,#13085);
#13084 = CARTESIAN_POINT('',(-0.,0.));
#13085 = VECTOR('',#13086,1.);
#13086 = DIRECTION('',(-0.,1.));
#13087 = ( GEOMETRIC_REPRESENTATION_CONTEXT(2) 
PARAMETRIC_REPRESENTATION_CONTEXT() REPRESENTATION_CONTEXT('2D SPACE',''
  ) );
#13088 = PCURVE('',#12170,#13089);
#13089 = DEFINITIONAL_REPRESENTATION('',(#13090),#13094);
#13090 = LINE('',#13091,#13092);
#13091 = CARTESIAN_POINT('',(1.171164609607,0.));
#13092 = VECTOR('',#13093,1.);
#13093 = DIRECTION('',(0.,-1.));
#13094 = ( GEOMETRIC_REPRESENTATION_CONTEXT(2) 
PARAMETRIC_REPRESENTATION_CONTEXT() REPRESENTATION_CONTEXT('2D SPACE',''
  ) );
#13095 = ADVANCED_FACE('',(#13096),#12516,.F.);
#13096 = FACE_BOUND('',#13097,.F.);
#13097 = EDGE_LOOP('',(#13098,#13099,#13120,#13121));
#13098 = ORIENTED_EDGE('',*,*,#12502,.F.);
#13099 = ORIENTED_EDGE('',*,*,#13100,.T.);
#13100 = EDGE_CURVE('',#12474,#12948,#13101,.T.);
#13101 = SURFACE_CURVE('',#13102,(#13106,#13113),.PCURVE_S1.);
#13102 = LINE('',#13103,#13104);
#13103 = CARTESIAN_POINT('',(-9.938215336407,5.952861345626,0.));
#13104 = VECTOR('',#13105,1.);
#13105 = DIRECTION('',(0.,0.,1.));
#13106 = PCURVE('',#12516,#13107);
#13107 = DEFINITIONAL_REPRESENTATION('',(#13108),#13112);
#13108 = LINE('',#13109,#13110);
#13109 = CARTESIAN_POINT('',(1.903986944286,0.));
#13110 = VECTOR('',#13111,1.);
#13111 = DIRECTION('',(0.,-1.));
#13112 = ( GEOMETRIC_REPRESENTATION_CONTEXT(2) 
PARAMETRIC_REPRESENTATION_CONTEXT() REPRESENTATION_CONTEXT('2D SPACE',''
  ) );
#13113 = PCURVE('',#12490,#13114);
#13114 = DEFINITIONAL_REPRESENTATION('',(#13115),#13119);
#13115 = LINE('',#13116,#13117);
#13116 = CARTESIAN_POINT('',(0.,0.));
#13117 = VECTOR('',#13118,1.);
#13118 = DIRECTION('',(0.,1.));
#13119 = ( GEOMETRIC_REPRESENTATION_CONTEXT(2) 
PARAMETRIC_REPRESENTATION_CONTEXT() REPRESENTATION_CONTEXT('2D SPACE',''
  ) );
#13120 = ORIENTED_EDGE('',*,*,#12971,.T.);
#13121 = ORIENTED_EDGE('',*,*,#13053,.F.);
#13122 = ADVANCED_FACE('',(#13123),#12490,.F.);
#13123 = FACE_BOUND('',#13124,.F.);
#13124 = EDGE_LOOP('',(#13125,#13126,#13147,#13148));
#13125 = ORIENTED_EDGE('',*,*,#12473,.T.);
#13126 = ORIENTED_EDGE('',*,*,#13127,.T.);
#13127 = EDGE_CURVE('',#12441,#12924,#13128,.T.);
#13128 = SURFACE_CURVE('',#13129,(#13133,#13140),.PCURVE_S1.);
#13129 = LINE('',#13130,#13131);
#13130 = CARTESIAN_POINT('',(-10.3547432693,6.671246326457,0.));
#13131 = VECTOR('',#13132,1.);
#13132 = DIRECTION('',(0.,0.,1.));
#13133 = PCURVE('',#12490,#13134);
#13134 = DEFINITIONAL_REPRESENTATION('',(#13135),#13139);
#13135 = LINE('',#13136,#13137);
#13136 = CARTESIAN_POINT('',(0.560928260742,0.));
#13137 = VECTOR('',#13138,1.);
#13138 = DIRECTION('',(0.,1.));
#13139 = ( GEOMETRIC_REPRESENTATION_CONTEXT(2) 
PARAMETRIC_REPRESENTATION_CONTEXT() REPRESENTATION_CONTEXT('2D SPACE',''
  ) );
#13140 = PCURVE('',#12461,#13141);
#13141 = DEFINITIONAL_REPRESENTATION('',(#13142),#13146);
#13142 = LINE('',#13143,#13144);
#13143 = CARTESIAN_POINT('',(3.947499577459,0.));
#13144 = VECTOR('',#13145,1.);
#13145 = DIRECTION('',(0.,1.));
#13146 = ( GEOMETRIC_REPRESENTATION_CONTEXT(2) 
PARAMETRIC_REPRESENTATION_CONTEXT() REPRESENTATION_CONTEXT('2D SPACE',''
  ) );
#13147 = ORIENTED_EDGE('',*,*,#12947,.F.);
#13148 = ORIENTED_EDGE('',*,*,#13100,.F.);
#13149 = ADVANCED_FACE('',(#13150),#12461,.T.);
#13150 = FACE_BOUND('',#13151,.T.);
#13151 = EDGE_LOOP('',(#13152,#13153,#13174,#13175));
#13152 = ORIENTED_EDGE('',*,*,#12923,.F.);
#13153 = ORIENTED_EDGE('',*,*,#13154,.F.);
#13154 = EDGE_CURVE('',#12412,#12900,#13155,.T.);
#13155 = SURFACE_CURVE('',#13156,(#13160,#13167),.PCURVE_S1.);
#13156 = LINE('',#13157,#13158);
#13157 = CARTESIAN_POINT('',(-11.68431861449,13.433567203654,0.));
#13158 = VECTOR('',#13159,1.);
#13159 = DIRECTION('',(0.,0.,1.));
#13160 = PCURVE('',#12461,#13161);
#13161 = DEFINITIONAL_REPRESENTATION('',(#13162),#13166);
#13162 = LINE('',#13163,#13164);
#13163 = CARTESIAN_POINT('',(2.723963479778,0.));
#13164 = VECTOR('',#13165,1.);
#13165 = DIRECTION('',(0.,1.));
#13166 = ( GEOMETRIC_REPRESENTATION_CONTEXT(2) 
PARAMETRIC_REPRESENTATION_CONTEXT() REPRESENTATION_CONTEXT('2D SPACE',''
  ) );
#13167 = PCURVE('',#12428,#13168);
#13168 = DEFINITIONAL_REPRESENTATION('',(#13169),#13173);
#13169 = LINE('',#13170,#13171);
#13170 = CARTESIAN_POINT('',(0.,0.));
#13171 = VECTOR('',#13172,1.);
#13172 = DIRECTION('',(0.,1.));
#13173 = ( GEOMETRIC_REPRESENTATION_CONTEXT(2) 
PARAMETRIC_REPRESENTATION_CONTEXT() REPRESENTATION_CONTEXT('2D SPACE',''
  ) );
#13174 = ORIENTED_EDGE('',*,*,#12440,.F.);
#13175 = ORIENTED_EDGE('',*,*,#13127,.T.);
#13176 = ADVANCED_FACE('',(#13177),#12428,.F.);
#13177 = FACE_BOUND('',#13178,.F.);
#13178 = EDGE_LOOP('',(#13179,#13180,#13201,#13202));
#13179 = ORIENTED_EDGE('',*,*,#12411,.T.);
#13180 = ORIENTED_EDGE('',*,*,#13181,.T.);
#13181 = EDGE_CURVE('',#12384,#12877,#13182,.T.);
#13182 = SURFACE_CURVE('',#13183,(#13187,#13194),.PCURVE_S1.);
#13183 = LINE('',#13184,#13185);
#13184 = CARTESIAN_POINT('',(-11.59171390259,13.713891819192,0.));
#13185 = VECTOR('',#13186,1.);
#13186 = DIRECTION('',(0.,0.,1.));
#13187 = PCURVE('',#12428,#13188);
#13188 = DEFINITIONAL_REPRESENTATION('',(#13189),#13193);
#13189 = LINE('',#13190,#13191);
#13190 = CARTESIAN_POINT('',(0.197135412445,0.));
#13191 = VECTOR('',#13192,1.);
#13192 = DIRECTION('',(0.,1.));
#13193 = ( GEOMETRIC_REPRESENTATION_CONTEXT(2) 
PARAMETRIC_REPRESENTATION_CONTEXT() REPRESENTATION_CONTEXT('2D SPACE',''
  ) );
#13194 = PCURVE('',#12399,#13195);
#13195 = DEFINITIONAL_REPRESENTATION('',(#13196),#13200);
#13196 = LINE('',#13197,#13198);
#13197 = CARTESIAN_POINT('',(20.994391273839,0.));
#13198 = VECTOR('',#13199,1.);
#13199 = DIRECTION('',(0.,-1.));
#13200 = ( GEOMETRIC_REPRESENTATION_CONTEXT(2) 
PARAMETRIC_REPRESENTATION_CONTEXT() REPRESENTATION_CONTEXT('2D SPACE',''
  ) );
#13201 = ORIENTED_EDGE('',*,*,#12899,.F.);
#13202 = ORIENTED_EDGE('',*,*,#13154,.F.);
#13203 = ADVANCED_FACE('',(#13204),#12399,.F.);
#13204 = FACE_BOUND('',#13205,.F.);
#13205 = EDGE_LOOP('',(#13206,#13207,#13228,#13229));
#13206 = ORIENTED_EDGE('',*,*,#12383,.F.);
#13207 = ORIENTED_EDGE('',*,*,#13208,.T.);
#13208 = EDGE_CURVE('',#12356,#12854,#13209,.T.);
#13209 = SURFACE_CURVE('',#13210,(#13214,#13221),.PCURVE_S1.);
#13210 = LINE('',#13211,#13212);
#13211 = CARTESIAN_POINT('',(-7.,34.2,0.));
#13212 = VECTOR('',#13213,1.);
#13213 = DIRECTION('',(0.,0.,1.));
#13214 = PCURVE('',#12399,#13215);
#13215 = DEFINITIONAL_REPRESENTATION('',(#13216),#13220);
#13216 = LINE('',#13217,#13218);
#13217 = CARTESIAN_POINT('',(0.,0.));
#13218 = VECTOR('',#13219,1.);
#13219 = DIRECTION('',(0.,-1.));
#13220 = ( GEOMETRIC_REPRESENTATION_CONTEXT(2) 
PARAMETRIC_REPRESENTATION_CONTEXT() REPRESENTATION_CONTEXT('2D SPACE',''
  ) );
#13221 = PCURVE('',#12371,#13222);
#13222 = DEFINITIONAL_REPRESENTATION('',(#13223),#13227);
#13223 = LINE('',#13224,#13225);
#13224 = CARTESIAN_POINT('',(1.379275171965,0.));
#13225 = VECTOR('',#13226,1.);
#13226 = DIRECTION('',(0.,-1.));
#13227 = ( GEOMETRIC_REPRESENTATION_CONTEXT(2) 
PARAMETRIC_REPRESENTATION_CONTEXT() REPRESENTATION_CONTEXT('2D SPACE',''
  ) );
#13228 = ORIENTED_EDGE('',*,*,#12876,.T.);
#13229 = ORIENTED_EDGE('',*,*,#13181,.F.);
#13230 = ADVANCED_FACE('',(#13231),#12371,.F.);
#13231 = FACE_BOUND('',#13232,.F.);
#13232 = EDGE_LOOP('',(#13233,#13254,#13255,#13256));
#13233 = ORIENTED_EDGE('',*,*,#13234,.T.);
#13234 = EDGE_CURVE('',#12328,#12831,#13235,.T.);
#13235 = SURFACE_CURVE('',#13236,(#13240,#13247),.PCURVE_S1.);
#13236 = LINE('',#13237,#13238);
#13237 = CARTESIAN_POINT('',(-5.68,34.6,0.));
#13238 = VECTOR('',#13239,1.);
#13239 = DIRECTION('',(0.,0.,1.));
#13240 = PCURVE('',#12371,#13241);
#13241 = DEFINITIONAL_REPRESENTATION('',(#13242),#13246);
#13242 = LINE('',#13243,#13244);
#13243 = CARTESIAN_POINT('',(0.,0.));
#13244 = VECTOR('',#13245,1.);
#13245 = DIRECTION('',(0.,-1.));
#13246 = ( GEOMETRIC_REPRESENTATION_CONTEXT(2) 
PARAMETRIC_REPRESENTATION_CONTEXT() REPRESENTATION_CONTEXT('2D SPACE',''
  ) );
#13247 = PCURVE('',#12343,#13248);
#13248 = DEFINITIONAL_REPRESENTATION('',(#13249),#13253);
#13249 = LINE('',#13250,#13251);
#13250 = CARTESIAN_POINT('',(9.885828240466,0.));
#13251 = VECTOR('',#13252,1.);
#13252 = DIRECTION('',(0.,-1.));
#13253 = ( GEOMETRIC_REPRESENTATION_CONTEXT(2) 
PARAMETRIC_REPRESENTATION_CONTEXT() REPRESENTATION_CONTEXT('2D SPACE',''
  ) );
#13254 = ORIENTED_EDGE('',*,*,#12853,.T.);
#13255 = ORIENTED_EDGE('',*,*,#13208,.F.);
#13256 = ORIENTED_EDGE('',*,*,#12355,.F.);
#13257 = ADVANCED_FACE('',(#13258),#12343,.F.);
#13258 = FACE_BOUND('',#13259,.F.);
#13259 = EDGE_LOOP('',(#13260,#13281,#13282,#13283));
#13260 = ORIENTED_EDGE('',*,*,#13261,.T.);
#13261 = EDGE_CURVE('',#12300,#12808,#13262,.T.);
#13262 = SURFACE_CURVE('',#13263,(#13267,#13274),.PCURVE_S1.);
#13263 = LINE('',#13264,#13265);
#13264 = CARTESIAN_POINT('',(-3.32,25.,0.));
#13265 = VECTOR('',#13266,1.);
#13266 = DIRECTION('',(0.,0.,1.));
#13267 = PCURVE('',#12343,#13268);
#13268 = DEFINITIONAL_REPRESENTATION('',(#13269),#13273);
#13269 = LINE('',#13270,#13271);
#13270 = CARTESIAN_POINT('',(0.,0.));
#13271 = VECTOR('',#13272,1.);
#13272 = DIRECTION('',(0.,-1.));
#13273 = ( GEOMETRIC_REPRESENTATION_CONTEXT(2) 
PARAMETRIC_REPRESENTATION_CONTEXT() REPRESENTATION_CONTEXT('2D SPACE',''
  ) );
#13274 = PCURVE('',#12315,#13275);
#13275 = DEFINITIONAL_REPRESENTATION('',(#13276),#13280);
#13276 = LINE('',#13277,#13278);
#13277 = CARTESIAN_POINT('',(11.316554245882,0.));
#13278 = VECTOR('',#13279,1.);
#13279 = DIRECTION('',(0.,-1.));
#13280 = ( GEOMETRIC_REPRESENTATION_CONTEXT(2) 
PARAMETRIC_REPRESENTATION_CONTEXT() REPRESENTATION_CONTEXT('2D SPACE',''
  ) );
#13281 = ORIENTED_EDGE('',*,*,#12830,.T.);
#13282 = ORIENTED_EDGE('',*,*,#13234,.F.);
#13283 = ORIENTED_EDGE('',*,*,#12327,.F.);
#13284 = ADVANCED_FACE('',(#13285),#12315,.F.);
#13285 = FACE_BOUND('',#13286,.F.);
#13286 = EDGE_LOOP('',(#13287,#13288,#13307,#13308));
#13287 = ORIENTED_EDGE('',*,*,#12299,.F.);
#13288 = ORIENTED_EDGE('',*,*,#13289,.T.);
#13289 = EDGE_CURVE('',#12271,#12784,#13290,.T.);
#13290 = SURFACE_CURVE('',#13291,(#13295,#13301),.PCURVE_S1.);
#13291 = LINE('',#13292,#13293);
#13292 = CARTESIAN_POINT('',(-2.172777295653,17.068583772414,-90.));
#13293 = VECTOR('',#13294,1.);
#13294 = DIRECTION('',(0.,0.,1.));
#13295 = PCURVE('',#12315,#13296);
#13296 = DEFINITIONAL_REPRESENTATION('',(#13297),#13300);
#13297 = B_SPLINE_CURVE_WITH_KNOTS('',1,(#13298,#13299),.UNSPECIFIED.,
  .F.,.F.,(2,2),(89.,100.0000006),.PIECEWISE_BEZIER_KNOTS.);
#13298 = CARTESIAN_POINT('',(3.302598711405,1.));
#13299 = CARTESIAN_POINT('',(3.302598711405,-10.0000006));
#13300 = ( GEOMETRIC_REPRESENTATION_CONTEXT(2) 
PARAMETRIC_REPRESENTATION_CONTEXT() REPRESENTATION_CONTEXT('2D SPACE',''
  ) );
#13301 = PCURVE('',#12287,#13302);
#13302 = DEFINITIONAL_REPRESENTATION('',(#13303),#13306);
#13303 = B_SPLINE_CURVE_WITH_KNOTS('',1,(#13304,#13305),.UNSPECIFIED.,
  .F.,.F.,(2,2),(89.,100.0000006),.PIECEWISE_BEZIER_KNOTS.);
#13304 = CARTESIAN_POINT('',(2.380755608474,89.));
#13305 = CARTESIAN_POINT('',(2.380755608474,100.0000006));
#13306 = ( GEOMETRIC_REPRESENTATION_CONTEXT(2) 
PARAMETRIC_REPRESENTATION_CONTEXT() REPRESENTATION_CONTEXT('2D SPACE',''
  ) );
#13307 = ORIENTED_EDGE('',*,*,#12807,.T.);
#13308 = ORIENTED_EDGE('',*,*,#13261,.F.);
#13309 = ADVANCED_FACE('',(#13310),#12287,.F.);
#13310 = FACE_BOUND('',#13311,.F.);
#13311 = EDGE_LOOP('',(#13312,#13313,#13314,#13315));
#13312 = ORIENTED_EDGE('',*,*,#12783,.F.);
#13313 = ORIENTED_EDGE('',*,*,#13289,.F.);
#13314 = ORIENTED_EDGE('',*,*,#12270,.T.);
#13315 = ORIENTED_EDGE('',*,*,#13316,.T.);
#13316 = EDGE_CURVE('',#12238,#12756,#13317,.T.);
#13317 = SURFACE_CURVE('',#13318,(#13322,#13328),.PCURVE_S1.);
#13318 = LINE('',#13319,#13320);
#13319 = CARTESIAN_POINT('',(-0.286250162366,12.013687751667,0.));
#13320 = VECTOR('',#13321,1.);
#13321 = DIRECTION('',(0.,0.,1.));
#13322 = PCURVE('',#12287,#13323);
#13323 = DEFINITIONAL_REPRESENTATION('',(#13324),#13327);
#13324 = B_SPLINE_CURVE_WITH_KNOTS('',1,(#13325,#13326),.UNSPECIFIED.,
  .F.,.F.,(2,2),(-6.E-07,10.0000006),.PIECEWISE_BEZIER_KNOTS.);
#13325 = CARTESIAN_POINT('',(4.616826878639,89.9999994));
#13326 = CARTESIAN_POINT('',(4.616826878639,100.0000006));
#13327 = ( GEOMETRIC_REPRESENTATION_CONTEXT(2) 
PARAMETRIC_REPRESENTATION_CONTEXT() REPRESENTATION_CONTEXT('2D SPACE',''
  ) );
#13328 = PCURVE('',#12258,#13329);
#13329 = DEFINITIONAL_REPRESENTATION('',(#13330),#13333);
#13330 = B_SPLINE_CURVE_WITH_KNOTS('',1,(#13331,#13332),.UNSPECIFIED.,
  .F.,.F.,(2,2),(-6.E-07,10.0000006),.PIECEWISE_BEZIER_KNOTS.);
#13331 = CARTESIAN_POINT('',(6.452947493364,-6.E-07));
#13332 = CARTESIAN_POINT('',(6.452947493364,10.0000006));
#13333 = ( GEOMETRIC_REPRESENTATION_CONTEXT(2) 
PARAMETRIC_REPRESENTATION_CONTEXT() REPRESENTATION_CONTEXT('2D SPACE',''
  ) );
#13334 = ADVANCED_FACE('',(#13335),#12258,.T.);
#13335 = FACE_BOUND('',#13336,.T.);
#13336 = EDGE_LOOP('',(#13337,#13338,#13339,#13340));
#13337 = ORIENTED_EDGE('',*,*,#12237,.F.);
#13338 = ORIENTED_EDGE('',*,*,#13316,.T.);
#13339 = ORIENTED_EDGE('',*,*,#12755,.T.);
#13340 = ORIENTED_EDGE('',*,*,#12648,.F.);
#13341 = ADVANCED_FACE('',(#13342),#12170,.F.);
#13342 = FACE_BOUND('',#13343,.F.);
#13343 = EDGE_LOOP('',(#13344,#13345,#13346,#13347));
#13344 = ORIENTED_EDGE('',*,*,#12154,.F.);
#13345 = ORIENTED_EDGE('',*,*,#13075,.T.);
#13346 = ORIENTED_EDGE('',*,*,#12731,.T.);
#13347 = ORIENTED_EDGE('',*,*,#12594,.F.);
#13348 = ADVANCED_FACE('',(#13349),#12547,.F.);
#13349 = FACE_BOUND('',#13350,.F.);
#13350 = EDGE_LOOP('',(#13351,#13352,#13373,#13374));
#13351 = ORIENTED_EDGE('',*,*,#12994,.F.);
#13352 = ORIENTED_EDGE('',*,*,#13353,.F.);
#13353 = EDGE_CURVE('',#12531,#12995,#13354,.T.);
#13354 = SEAM_CURVE('',#13355,(#13359,#13366),.PCURVE_S1.);
#13355 = LINE('',#13356,#13357);
#13356 = CARTESIAN_POINT('',(-3.6,3.,-9.));
#13357 = VECTOR('',#13358,1.);
#13358 = DIRECTION('',(0.,0.,1.));
#13359 = PCURVE('',#12547,#13360);
#13360 = DEFINITIONAL_REPRESENTATION('',(#13361),#13365);
#13361 = LINE('',#13362,#13363);
#13362 = CARTESIAN_POINT('',(6.28318530718,-0.));
#13363 = VECTOR('',#13364,1.);
#13364 = DIRECTION('',(0.,1.));
#13365 = ( GEOMETRIC_REPRESENTATION_CONTEXT(2) 
PARAMETRIC_REPRESENTATION_CONTEXT() REPRESENTATION_CONTEXT('2D SPACE',''
  ) );
#13366 = PCURVE('',#12547,#13367);
#13367 = DEFINITIONAL_REPRESENTATION('',(#13368),#13372);
#13368 = LINE('',#13369,#13370);
#13369 = CARTESIAN_POINT('',(0.,-0.));
#13370 = VECTOR('',#13371,1.);
#13371 = DIRECTION('',(0.,1.));
#13372 = ( GEOMETRIC_REPRESENTATION_CONTEXT(2) 
PARAMETRIC_REPRESENTATION_CONTEXT() REPRESENTATION_CONTEXT('2D SPACE',''
  ) );
#13373 = ORIENTED_EDGE('',*,*,#12530,.T.);
#13374 = ORIENTED_EDGE('',*,*,#13353,.T.);
#13375 = ADVANCED_FACE('',(#13376),#12578,.F.);
#13376 = FACE_BOUND('',#13377,.F.);
#13377 = EDGE_LOOP('',(#13378,#13407,#13428,#13429));
#13378 = ORIENTED_EDGE('',*,*,#13379,.F.);
#13379 = EDGE_CURVE('',#13380,#13380,#13382,.T.);
#13380 = VERTEX_POINT('',#13381);
#13381 = CARTESIAN_POINT('',(-3.1,11.,2.7));
#13382 = SURFACE_CURVE('',#13383,(#13388,#13395),.PCURVE_S1.);
#13383 = CIRCLE('',#13384,3.1);
#13384 = AXIS2_PLACEMENT_3D('',#13385,#13386,#13387);
#13385 = CARTESIAN_POINT('',(-6.2,11.,2.7));
#13386 = DIRECTION('',(0.,0.,1.));
#13387 = DIRECTION('',(1.,0.,0.));
#13388 = PCURVE('',#12578,#13389);
#13389 = DEFINITIONAL_REPRESENTATION('',(#13390),#13394);
#13390 = LINE('',#13391,#13392);
#13391 = CARTESIAN_POINT('',(0.,2.7));
#13392 = VECTOR('',#13393,1.);
#13393 = DIRECTION('',(1.,0.));
#13394 = ( GEOMETRIC_REPRESENTATION_CONTEXT(2) 
PARAMETRIC_REPRESENTATION_CONTEXT() REPRESENTATION_CONTEXT('2D SPACE',''
  ) );
#13395 = PCURVE('',#13396,#13401);
#13396 = PLANE('',#13397);
#13397 = AXIS2_PLACEMENT_3D('',#13398,#13399,#13400);
#13398 = CARTESIAN_POINT('',(-6.2,11.,2.7));
#13399 = DIRECTION('',(0.,0.,1.));
#13400 = DIRECTION('',(1.,0.,0.));
#13401 = DEFINITIONAL_REPRESENTATION('',(#13402),#13406);
#13402 = CIRCLE('',#13403,3.1);
#13403 = AXIS2_PLACEMENT_2D('',#13404,#13405);
#13404 = CARTESIAN_POINT('',(0.,0.));
#13405 = DIRECTION('',(1.,0.));
#13406 = ( GEOMETRIC_REPRESENTATION_CONTEXT(2) 
PARAMETRIC_REPRESENTATION_CONTEXT() REPRESENTATION_CONTEXT('2D SPACE',''
  ) );
#13407 = ORIENTED_EDGE('',*,*,#13408,.F.);
#13408 = EDGE_CURVE('',#12562,#13380,#13409,.T.);
#13409 = SEAM_CURVE('',#13410,(#13414,#13421),.PCURVE_S1.);
#13410 = LINE('',#13411,#13412);
#13411 = CARTESIAN_POINT('',(-3.1,11.,0.));
#13412 = VECTOR('',#13413,1.);
#13413 = DIRECTION('',(0.,0.,1.));
#13414 = PCURVE('',#12578,#13415);
#13415 = DEFINITIONAL_REPRESENTATION('',(#13416),#13420);
#13416 = LINE('',#13417,#13418);
#13417 = CARTESIAN_POINT('',(6.28318530718,-0.));
#13418 = VECTOR('',#13419,1.);
#13419 = DIRECTION('',(0.,1.));
#13420 = ( GEOMETRIC_REPRESENTATION_CONTEXT(2) 
PARAMETRIC_REPRESENTATION_CONTEXT() REPRESENTATION_CONTEXT('2D SPACE',''
  ) );
#13421 = PCURVE('',#12578,#13422);
#13422 = DEFINITIONAL_REPRESENTATION('',(#13423),#13427);
#13423 = LINE('',#13424,#13425);
#13424 = CARTESIAN_POINT('',(0.,-0.));
#13425 = VECTOR('',#13426,1.);
#13426 = DIRECTION('',(0.,1.));
#13427 = ( GEOMETRIC_REPRESENTATION_CONTEXT(2) 
PARAMETRIC_REPRESENTATION_CONTEXT() REPRESENTATION_CONTEXT('2D SPACE',''
  ) );
#13428 = ORIENTED_EDGE('',*,*,#12561,.T.);
#13429 = ORIENTED_EDGE('',*,*,#13408,.T.);
#13430 = ADVANCED_FACE('',(#13431),#13037,.F.);
#13431 = FACE_BOUND('',#13432,.F.);
#13432 = EDGE_LOOP('',(#13433,#13434,#13457,#13484));
#13433 = ORIENTED_EDGE('',*,*,#13020,.F.);
#13434 = ORIENTED_EDGE('',*,*,#13435,.F.);
#13435 = EDGE_CURVE('',#13436,#13021,#13438,.T.);
#13436 = VERTEX_POINT('',#13437);
#13437 = CARTESIAN_POINT('',(-3.1,11.,7.5));
#13438 = SEAM_CURVE('',#13439,(#13443,#13450),.PCURVE_S1.);
#13439 = LINE('',#13440,#13441);
#13440 = CARTESIAN_POINT('',(-3.1,11.,7.5));
#13441 = VECTOR('',#13442,1.);
#13442 = DIRECTION('',(0.,0.,1.));
#13443 = PCURVE('',#13037,#13444);
#13444 = DEFINITIONAL_REPRESENTATION('',(#13445),#13449);
#13445 = LINE('',#13446,#13447);
#13446 = CARTESIAN_POINT('',(6.28318530718,-0.));
#13447 = VECTOR('',#13448,1.);
#13448 = DIRECTION('',(0.,1.));
#13449 = ( GEOMETRIC_REPRESENTATION_CONTEXT(2) 
PARAMETRIC_REPRESENTATION_CONTEXT() REPRESENTATION_CONTEXT('2D SPACE',''
  ) );
#13450 = PCURVE('',#13037,#13451);
#13451 = DEFINITIONAL_REPRESENTATION('',(#13452),#13456);
#13452 = LINE('',#13453,#13454);
#13453 = CARTESIAN_POINT('',(0.,-0.));
#13454 = VECTOR('',#13455,1.);
#13455 = DIRECTION('',(0.,1.));
#13456 = ( GEOMETRIC_REPRESENTATION_CONTEXT(2) 
PARAMETRIC_REPRESENTATION_CONTEXT() REPRESENTATION_CONTEXT('2D SPACE',''
  ) );
#13457 = ORIENTED_EDGE('',*,*,#13458,.T.);
#13458 = EDGE_CURVE('',#13436,#13436,#13459,.T.);
#13459 = SURFACE_CURVE('',#13460,(#13465,#13472),.PCURVE_S1.);
#13460 = CIRCLE('',#13461,3.1);
#13461 = AXIS2_PLACEMENT_3D('',#13462,#13463,#13464);
#13462 = CARTESIAN_POINT('',(-6.2,11.,7.5));
#13463 = DIRECTION('',(0.,0.,1.));
#13464 = DIRECTION('',(1.,0.,0.));
#13465 = PCURVE('',#13037,#13466);
#13466 = DEFINITIONAL_REPRESENTATION('',(#13467),#13471);
#13467 = LINE('',#13468,#13469);
#13468 = CARTESIAN_POINT('',(0.,0.));
#13469 = VECTOR('',#13470,1.);
#13470 = DIRECTION('',(1.,0.));
#13471 = ( GEOMETRIC_REPRESENTATION_CONTEXT(2) 
PARAMETRIC_REPRESENTATION_CONTEXT() REPRESENTATION_CONTEXT('2D SPACE',''
  ) );
#13472 = PCURVE('',#13473,#13478);
#13473 = PLANE('',#13474);
#13474 = AXIS2_PLACEMENT_3D('',#13475,#13476,#13477);
#13475 = CARTESIAN_POINT('',(-6.2,11.,7.5));
#13476 = DIRECTION('',(0.,0.,1.));
#13477 = DIRECTION('',(1.,0.,0.));
#13478 = DEFINITIONAL_REPRESENTATION('',(#13479),#13483);
#13479 = CIRCLE('',#13480,3.1);
#13480 = AXIS2_PLACEMENT_2D('',#13481,#13482);
#13481 = CARTESIAN_POINT('',(0.,0.));
#13482 = DIRECTION('',(1.,0.));
#13483 = ( GEOMETRIC_REPRESENTATION_CONTEXT(2) 
PARAMETRIC_REPRESENTATION_CONTEXT() REPRESENTATION_CONTEXT('2D SPACE',''
  ) );
#13484 = ORIENTED_EDGE('',*,*,#13435,.T.);
#13485 = ADVANCED_FACE('',(#13486,#13489),#13396,.F.);
#13486 = FACE_BOUND('',#13487,.F.);
#13487 = EDGE_LOOP('',(#13488));
#13488 = ORIENTED_EDGE('',*,*,#13379,.T.);
#13489 = FACE_BOUND('',#13490,.F.);
#13490 = EDGE_LOOP('',(#13491));
#13491 = ORIENTED_EDGE('',*,*,#13492,.F.);
#13492 = EDGE_CURVE('',#13493,#13493,#13495,.T.);
#13493 = VERTEX_POINT('',#13494);
#13494 = CARTESIAN_POINT('',(-4.5,11.,2.7));
#13495 = SURFACE_CURVE('',#13496,(#13501,#13508),.PCURVE_S1.);
#13496 = CIRCLE('',#13497,1.7);
#13497 = AXIS2_PLACEMENT_3D('',#13498,#13499,#13500);
#13498 = CARTESIAN_POINT('',(-6.2,11.,2.7));
#13499 = DIRECTION('',(0.,0.,1.));
#13500 = DIRECTION('',(1.,0.,0.));
#13501 = PCURVE('',#13396,#13502);
#13502 = DEFINITIONAL_REPRESENTATION('',(#13503),#13507);
#13503 = CIRCLE('',#13504,1.7);
#13504 = AXIS2_PLACEMENT_2D('',#13505,#13506);
#13505 = CARTESIAN_POINT('',(0.,0.));
#13506 = DIRECTION('',(1.,0.));
#13507 = ( GEOMETRIC_REPRESENTATION_CONTEXT(2) 
PARAMETRIC_REPRESENTATION_CONTEXT() REPRESENTATION_CONTEXT('2D SPACE',''
  ) );
#13508 = PCURVE('',#13509,#13514);
#13509 = CYLINDRICAL_SURFACE('',#13510,1.7);
#13510 = AXIS2_PLACEMENT_3D('',#13511,#13512,#13513);
#13511 = CARTESIAN_POINT('',(-6.2,11.,0.));
#13512 = DIRECTION('',(0.,0.,1.));
#13513 = DIRECTION('',(1.,0.,0.));
#13514 = DEFINITIONAL_REPRESENTATION('',(#13515),#13519);
#13515 = LINE('',#13516,#13517);
#13516 = CARTESIAN_POINT('',(0.,2.7));
#13517 = VECTOR('',#13518,1.);
#13518 = DIRECTION('',(1.,0.));
#13519 = ( GEOMETRIC_REPRESENTATION_CONTEXT(2) 
PARAMETRIC_REPRESENTATION_CONTEXT() REPRESENTATION_CONTEXT('2D SPACE',''
  ) );
#13520 = ADVANCED_FACE('',(#13521,#13524),#13473,.T.);
#13521 = FACE_BOUND('',#13522,.T.);
#13522 = EDGE_LOOP('',(#13523));
#13523 = ORIENTED_EDGE('',*,*,#13458,.T.);
#13524 = FACE_BOUND('',#13525,.T.);
#13525 = EDGE_LOOP('',(#13526));
#13526 = ORIENTED_EDGE('',*,*,#13527,.F.);
#13527 = EDGE_CURVE('',#13528,#13528,#13530,.T.);
#13528 = VERTEX_POINT('',#13529);
#13529 = CARTESIAN_POINT('',(-4.5,11.,7.5));
#13530 = SURFACE_CURVE('',#13531,(#13536,#13543),.PCURVE_S1.);
#13531 = CIRCLE('',#13532,1.7);
#13532 = AXIS2_PLACEMENT_3D('',#13533,#13534,#13535);
#13533 = CARTESIAN_POINT('',(-6.2,11.,7.5));
#13534 = DIRECTION('',(0.,0.,1.));
#13535 = DIRECTION('',(1.,0.,0.));
#13536 = PCURVE('',#13473,#13537);
#13537 = DEFINITIONAL_REPRESENTATION('',(#13538),#13542);
#13538 = CIRCLE('',#13539,1.7);
#13539 = AXIS2_PLACEMENT_2D('',#13540,#13541);
#13540 = CARTESIAN_POINT('',(0.,0.));
#13541 = DIRECTION('',(1.,0.));
#13542 = ( GEOMETRIC_REPRESENTATION_CONTEXT(2) 
PARAMETRIC_REPRESENTATION_CONTEXT() REPRESENTATION_CONTEXT('2D SPACE',''
  ) );
#13543 = PCURVE('',#13509,#13544);
#13544 = DEFINITIONAL_REPRESENTATION('',(#13545),#13549);
#13545 = LINE('',#13546,#13547);
#13546 = CARTESIAN_POINT('',(0.,7.5));
#13547 = VECTOR('',#13548,1.);
#13548 = DIRECTION('',(1.,0.));
#13549 = ( GEOMETRIC_REPRESENTATION_CONTEXT(2) 
PARAMETRIC_REPRESENTATION_CONTEXT() REPRESENTATION_CONTEXT('2D SPACE',''
  ) );
#13550 = ADVANCED_FACE('',(#13551),#13509,.F.);
#13551 = FACE_BOUND('',#13552,.F.);
#13552 = EDGE_LOOP('',(#13553,#13554,#13575,#13576));
#13553 = ORIENTED_EDGE('',*,*,#13492,.T.);
#13554 = ORIENTED_EDGE('',*,*,#13555,.T.);
#13555 = EDGE_CURVE('',#13493,#13528,#13556,.T.);
#13556 = SEAM_CURVE('',#13557,(#13561,#13568),.PCURVE_S1.);
#13557 = LINE('',#13558,#13559);
#13558 = CARTESIAN_POINT('',(-4.5,11.,0.));
#13559 = VECTOR('',#13560,1.);
#13560 = DIRECTION('',(0.,0.,1.));
#13561 = PCURVE('',#13509,#13562);
#13562 = DEFINITIONAL_REPRESENTATION('',(#13563),#13567);
#13563 = LINE('',#13564,#13565);
#13564 = CARTESIAN_POINT('',(0.,-0.));
#13565 = VECTOR('',#13566,1.);
#13566 = DIRECTION('',(0.,1.));
#13567 = ( GEOMETRIC_REPRESENTATION_CONTEXT(2) 
PARAMETRIC_REPRESENTATION_CONTEXT() REPRESENTATION_CONTEXT('2D SPACE',''
  ) );
#13568 = PCURVE('',#13509,#13569);
#13569 = DEFINITIONAL_REPRESENTATION('',(#13570),#13574);
#13570 = LINE('',#13571,#13572);
#13571 = CARTESIAN_POINT('',(6.28318530718,-0.));
#13572 = VECTOR('',#13573,1.);
#13573 = DIRECTION('',(0.,1.));
#13574 = ( GEOMETRIC_REPRESENTATION_CONTEXT(2) 
PARAMETRIC_REPRESENTATION_CONTEXT() REPRESENTATION_CONTEXT('2D SPACE',''
  ) );
#13575 = ORIENTED_EDGE('',*,*,#13527,.F.);
#13576 = ORIENTED_EDGE('',*,*,#13555,.F.);
#13577 = ( GEOMETRIC_REPRESENTATION_CONTEXT(3) 
GLOBAL_UNCERTAINTY_ASSIGNED_CONTEXT((#13581)) 
GLOBAL_UNIT_ASSIGNED_CONTEXT((#13578,#13579,#13580)) 
REPRESENTATION_CONTEXT('Context #1',
  '3D Context with UNIT and UNCERTAINTY') );
#13578 = ( LENGTH_UNIT() NAMED_UNIT(*) SI_UNIT(.MILLI.,.METRE.) );
#13579 = ( NAMED_UNIT(*) PLANE_ANGLE_UNIT() SI_UNIT($,.RADIAN.) );
#13580 = ( NAMED_UNIT(*) SI_UNIT($,.STERADIAN.) SOLID_ANGLE_UNIT() );
#13581 = UNCERTAINTY_MEASURE_WITH_UNIT(LENGTH_MEASURE(1.E-07),#13578,
  'distance_accuracy_value','confusion accuracy');
#13582 = CONTEXT_DEPENDENT_SHAPE_REPRESENTATION(#13583,#13585);
#13583 = ( REPRESENTATION_RELATIONSHIP('','',#11992,#11969) 
REPRESENTATION_RELATIONSHIP_WITH_TRANSFORMATION(#13584) 
SHAPE_REPRESENTATION_RELATIONSHIP() );
#13584 = ITEM_DEFINED_TRANSFORMATION('','',#11,#11970);
#13585 = PRODUCT_DEFINITION_SHAPE('Placement','Placement of an item',
  #13586);
#13586 = NEXT_ASSEMBLY_USAGE_OCCURRENCE('5','=>[0:1:1:7]','',#11964,
  #11987,$);
#13587 = PRODUCT_RELATED_PRODUCT_CATEGORY('part',$,(#11989));
#13588 = SHAPE_DEFINITION_REPRESENTATION(#13589,#13595);
#13589 = PRODUCT_DEFINITION_SHAPE('','',#13590);
#13590 = PRODUCT_DEFINITION('design','',#13591,#13594);
#13591 = PRODUCT_DEFINITION_FORMATION('','',#13592);
#13592 = PRODUCT('Jaw Right','Jaw Right','',(#13593));
#13593 = PRODUCT_CONTEXT('',#2,'mechanical');
#13594 = PRODUCT_DEFINITION_CONTEXT('part definition',#2,'design');
#13595 = SHAPE_REPRESENTATION('',(#11,#13596),#13600);
#13596 = AXIS2_PLACEMENT_3D('',#13597,#13598,#13599);
#13597 = CARTESIAN_POINT('',(0.,0.,0.));
#13598 = DIRECTION('',(0.,0.,1.));
#13599 = DIRECTION('',(1.,0.,-0.));
#13600 = ( GEOMETRIC_REPRESENTATION_CONTEXT(3) 
GLOBAL_UNCERTAINTY_ASSIGNED_CONTEXT((#13604)) 
GLOBAL_UNIT_ASSIGNED_CONTEXT((#13601,#13602,#13603)) 
REPRESENTATION_CONTEXT('Context #1',
  '3D Context with UNIT and UNCERTAINTY') );
#13601 = ( LENGTH_UNIT() NAMED_UNIT(*) SI_UNIT(.MILLI.,.METRE.) );
#13602 = ( NAMED_UNIT(*) PLANE_ANGLE_UNIT() SI_UNIT($,.RADIAN.) );
#13603 = ( NAMED_UNIT(*) SI_UNIT($,.STERADIAN.) SOLID_ANGLE_UNIT() );
#13604 = UNCERTAINTY_MEASURE_WITH_UNIT(LENGTH_MEASURE(1.E-07),#13601,
  'distance_accuracy_value','confusion accuracy');
#13605 = CONTEXT_DEPENDENT_SHAPE_REPRESENTATION(#13606,#13608);
#13606 = ( REPRESENTATION_RELATIONSHIP('','',#13595,#10) 
REPRESENTATION_RELATIONSHIP_WITH_TRANSFORMATION(#13607) 
SHAPE_REPRESENTATION_RELATIONSHIP() );
#13607 = ITEM_DEFINED_TRANSFORMATION('','',#11,#27);
#13608 = PRODUCT_DEFINITION_SHAPE('Placement','Placement of an item',
  #13609);
#13609 = NEXT_ASSEMBLY_USAGE_OCCURRENCE('8','=>[0:1:1:8]','',#5,#13590,$
  );
#13610 = PRODUCT_RELATED_PRODUCT_CATEGORY('part',$,(#13592));
#13611 = SHAPE_DEFINITION_REPRESENTATION(#13612,#13618);
#13612 = PRODUCT_DEFINITION_SHAPE('','',#13613);
#13613 = PRODUCT_DEFINITION('design','',#13614,#13617);
#13614 = PRODUCT_DEFINITION_FORMATION('','',#13615);
#13615 = PRODUCT('SOLID','SOLID','',(#13616));
#13616 = PRODUCT_CONTEXT('',#2,'mechanical');
#13617 = PRODUCT_DEFINITION_CONTEXT('part definition',#2,'design');
#13618 = ADVANCED_BREP_SHAPE_REPRESENTATION('',(#11,#13619),#15223);
#13619 = MANIFOLD_SOLID_BREP('',#13620);
#13620 = CLOSED_SHELL('',(#13621,#13741,#14211,#14261,#14311,#14678,
    #14725,#14752,#14779,#14806,#14833,#14860,#14887,#14914,#14939,
    #14964,#14971,#14978,#15005,#15064,#15123,#15162,#15196));
#13621 = ADVANCED_FACE('',(#13622),#13636,.F.);
#13622 = FACE_BOUND('',#13623,.T.);
#13623 = EDGE_LOOP('',(#13624,#13659,#13687,#13715));
#13624 = ORIENTED_EDGE('',*,*,#13625,.F.);
#13625 = EDGE_CURVE('',#13626,#13628,#13630,.T.);
#13626 = VERTEX_POINT('',#13627);
#13627 = CARTESIAN_POINT('',(1.348709419915,0.635803619064,0.));
#13628 = VERTEX_POINT('',#13629);
#13629 = CARTESIAN_POINT('',(1.851076712958,6.161843842543,0.));
#13630 = SURFACE_CURVE('',#13631,(#13635,#13647),.PCURVE_S1.);
#13631 = LINE('',#13632,#13633);
#13632 = CARTESIAN_POINT('',(1.2,-1.,0.));
#13633 = VECTOR('',#13634,1.);
#13634 = DIRECTION('',(9.053574604252E-02,0.995893206468,0.));
#13635 = PCURVE('',#13636,#13641);
#13636 = PLANE('',#13637);
#13637 = AXIS2_PLACEMENT_3D('',#13638,#13639,#13640);
#13638 = CARTESIAN_POINT('',(1.2,-1.,0.));
#13639 = DIRECTION('',(0.995893206468,-9.053574604252E-02,0.));
#13640 = DIRECTION('',(-9.053574604252E-02,-0.995893206468,0.));
#13641 = DEFINITIONAL_REPRESENTATION('',(#13642),#13646);
#13642 = LINE('',#13643,#13644);
#13643 = CARTESIAN_POINT('',(-0.,0.));
#13644 = VECTOR('',#13645,1.);
#13645 = DIRECTION('',(-1.,0.));
#13646 = ( GEOMETRIC_REPRESENTATION_CONTEXT(2) 
PARAMETRIC_REPRESENTATION_CONTEXT() REPRESENTATION_CONTEXT('2D SPACE',''
  ) );
#13647 = PCURVE('',#13648,#13653);
#13648 = PLANE('',#13649);
#13649 = AXIS2_PLACEMENT_3D('',#13650,#13651,#13652);
#13650 = CARTESIAN_POINT('',(6.112698047566,15.468257753269,0.));
#13651 = DIRECTION('',(0.,-0.,1.));
#13652 = DIRECTION('',(1.,0.,0.));
#13653 = DEFINITIONAL_REPRESENTATION('',(#13654),#13658);
#13654 = LINE('',#13655,#13656);
#13655 = CARTESIAN_POINT('',(-4.912698047566,-16.46825775326));
#13656 = VECTOR('',#13657,1.);
#13657 = DIRECTION('',(9.053574604252E-02,0.995893206468));
#13658 = ( GEOMETRIC_REPRESENTATION_CONTEXT(2) 
PARAMETRIC_REPRESENTATION_CONTEXT() REPRESENTATION_CONTEXT('2D SPACE',''
  ) );
#13659 = ORIENTED_EDGE('',*,*,#13660,.T.);
#13660 = EDGE_CURVE('',#13626,#13661,#13663,.T.);
#13661 = VERTEX_POINT('',#13662);
#13662 = CARTESIAN_POINT('',(1.348709419915,0.635803619064,10.));
#13663 = SURFACE_CURVE('',#13664,(#13668,#13675),.PCURVE_S1.);
#13664 = LINE('',#13665,#13666);
#13665 = CARTESIAN_POINT('',(1.348709419915,0.635803619064,0.));
#13666 = VECTOR('',#13667,1.);
#13667 = DIRECTION('',(0.,-0.,1.));
#13668 = PCURVE('',#13636,#13669);
#13669 = DEFINITIONAL_REPRESENTATION('',(#13670),#13674);
#13670 = LINE('',#13671,#13672);
#13671 = CARTESIAN_POINT('',(-1.642549229616,0.));
#13672 = VECTOR('',#13673,1.);
#13673 = DIRECTION('',(-0.,-1.));
#13674 = ( GEOMETRIC_REPRESENTATION_CONTEXT(2) 
PARAMETRIC_REPRESENTATION_CONTEXT() REPRESENTATION_CONTEXT('2D SPACE',''
  ) );
#13675 = PCURVE('',#13676,#13681);
#13676 = CYLINDRICAL_SURFACE('',#13677,1.5);
#13677 = AXIS2_PLACEMENT_3D('',#13678,#13679,#13680);
#13678 = CARTESIAN_POINT('',(2.842549229616,0.5,0.));
#13679 = DIRECTION('',(0.,-0.,1.));
#13680 = DIRECTION('',(-0.995893206468,9.053574604252E-02,0.));
#13681 = DEFINITIONAL_REPRESENTATION('',(#13682),#13686);
#13682 = LINE('',#13683,#13684);
#13683 = CARTESIAN_POINT('',(0.,0.));
#13684 = VECTOR('',#13685,1.);
#13685 = DIRECTION('',(0.,1.));
#13686 = ( GEOMETRIC_REPRESENTATION_CONTEXT(2) 
PARAMETRIC_REPRESENTATION_CONTEXT() REPRESENTATION_CONTEXT('2D SPACE',''
  ) );
#13687 = ORIENTED_EDGE('',*,*,#13688,.T.);
#13688 = EDGE_CURVE('',#13661,#13689,#13691,.T.);
#13689 = VERTEX_POINT('',#13690);
#13690 = CARTESIAN_POINT('',(1.851076712958,6.161843842543,10.));
#13691 = SURFACE_CURVE('',#13692,(#13696,#13703),.PCURVE_S1.);
#13692 = LINE('',#13693,#13694);
#13693 = CARTESIAN_POINT('',(1.2,-1.,10.));
#13694 = VECTOR('',#13695,1.);
#13695 = DIRECTION('',(9.053574604252E-02,0.995893206468,0.));
#13696 = PCURVE('',#13636,#13697);
#13697 = DEFINITIONAL_REPRESENTATION('',(#13698),#13702);
#13698 = LINE('',#13699,#13700);
#13699 = CARTESIAN_POINT('',(-0.,-10.));
#13700 = VECTOR('',#13701,1.);
#13701 = DIRECTION('',(-1.,0.));
#13702 = ( GEOMETRIC_REPRESENTATION_CONTEXT(2) 
PARAMETRIC_REPRESENTATION_CONTEXT() REPRESENTATION_CONTEXT('2D SPACE',''
  ) );
#13703 = PCURVE('',#13704,#13709);
#13704 = PLANE('',#13705);
#13705 = AXIS2_PLACEMENT_3D('',#13706,#13707,#13708);
#13706 = CARTESIAN_POINT('',(6.112698047566,15.468257753269,10.));
#13707 = DIRECTION('',(0.,-0.,1.));
#13708 = DIRECTION('',(1.,0.,0.));
#13709 = DEFINITIONAL_REPRESENTATION('',(#13710),#13714);
#13710 = LINE('',#13711,#13712);
#13711 = CARTESIAN_POINT('',(-4.912698047566,-16.46825775326));
#13712 = VECTOR('',#13713,1.);
#13713 = DIRECTION('',(9.053574604252E-02,0.995893206468));
#13714 = ( GEOMETRIC_REPRESENTATION_CONTEXT(2) 
PARAMETRIC_REPRESENTATION_CONTEXT() REPRESENTATION_CONTEXT('2D SPACE',''
  ) );
#13715 = ORIENTED_EDGE('',*,*,#13716,.F.);
#13716 = EDGE_CURVE('',#13628,#13689,#13717,.T.);
#13717 = SURFACE_CURVE('',#13718,(#13722,#13729),.PCURVE_S1.);
#13718 = LINE('',#13719,#13720);
#13719 = CARTESIAN_POINT('',(1.851076712958,6.161843842543,0.));
#13720 = VECTOR('',#13721,1.);
#13721 = DIRECTION('',(0.,-0.,1.));
#13722 = PCURVE('',#13636,#13723);
#13723 = DEFINITIONAL_REPRESENTATION('',(#13724),#13728);
#13724 = LINE('',#13725,#13726);
#13725 = CARTESIAN_POINT('',(-7.191377344509,0.));
#13726 = VECTOR('',#13727,1.);
#13727 = DIRECTION('',(-0.,-1.));
#13728 = ( GEOMETRIC_REPRESENTATION_CONTEXT(2) 
PARAMETRIC_REPRESENTATION_CONTEXT() REPRESENTATION_CONTEXT('2D SPACE',''
  ) );
#13729 = PCURVE('',#13730,#13735);
#13730 = CYLINDRICAL_SURFACE('',#13731,1.5);
#13731 = AXIS2_PLACEMENT_3D('',#13732,#13733,#13734);
#13732 = CARTESIAN_POINT('',(0.357236903257,6.297647461606,0.));
#13733 = DIRECTION('',(0.,-0.,1.));
#13734 = DIRECTION('',(0.995893206468,-9.053574604252E-02,0.));
#13735 = DEFINITIONAL_REPRESENTATION('',(#13736),#13740);
#13736 = LINE('',#13737,#13738);
#13737 = CARTESIAN_POINT('',(1.7763568394E-15,0.));
#13738 = VECTOR('',#13739,1.);
#13739 = DIRECTION('',(0.,1.));
#13740 = ( GEOMETRIC_REPRESENTATION_CONTEXT(2) 
PARAMETRIC_REPRESENTATION_CONTEXT() REPRESENTATION_CONTEXT('2D SPACE',''
  ) );
#13741 = ADVANCED_FACE('',(#13742,#14141,#14176),#13648,.F.);
#13742 = FACE_BOUND('',#13743,.T.);
#13743 = EDGE_LOOP('',(#13744,#13775,#13803,#13825,#13826,#13850,#13879,
    #13908,#13936,#13964,#13992,#14020,#14053,#14082,#14115));
#13744 = ORIENTED_EDGE('',*,*,#13745,.F.);
#13745 = EDGE_CURVE('',#13746,#13748,#13750,.T.);
#13746 = VERTEX_POINT('',#13747);
#13747 = CARTESIAN_POINT('',(7.028835390393,-1.,0.));
#13748 = VERTEX_POINT('',#13749);
#13749 = CARTESIAN_POINT('',(8.484049140611,0.136196562445,0.));
#13750 = SURFACE_CURVE('',#13751,(#13756,#13763),.PCURVE_S1.);
#13751 = CIRCLE('',#13752,1.5);
#13752 = AXIS2_PLACEMENT_3D('',#13753,#13754,#13755);
#13753 = CARTESIAN_POINT('',(7.028835390393,0.5,0.));
#13754 = DIRECTION('',(0.,-0.,1.));
#13755 = DIRECTION('',(0.,-1.,-0.));
#13756 = PCURVE('',#13648,#13757);
#13757 = DEFINITIONAL_REPRESENTATION('',(#13758),#13762);
#13758 = CIRCLE('',#13759,1.5);
#13759 = AXIS2_PLACEMENT_2D('',#13760,#13761);
#13760 = CARTESIAN_POINT('',(0.916137342827,-14.96825775326));
#13761 = DIRECTION('',(-0.,-1.));
#13762 = ( GEOMETRIC_REPRESENTATION_CONTEXT(2) 
PARAMETRIC_REPRESENTATION_CONTEXT() REPRESENTATION_CONTEXT('2D SPACE',''
  ) );
#13763 = PCURVE('',#13764,#13769);
#13764 = CYLINDRICAL_SURFACE('',#13765,1.5);
#13765 = AXIS2_PLACEMENT_3D('',#13766,#13767,#13768);
#13766 = CARTESIAN_POINT('',(7.028835390393,0.5,0.));
#13767 = DIRECTION('',(0.,-0.,1.));
#13768 = DIRECTION('',(0.,-1.,-0.));
#13769 = DEFINITIONAL_REPRESENTATION('',(#13770),#13774);
#13770 = LINE('',#13771,#13772);
#13771 = CARTESIAN_POINT('',(0.,0.));
#13772 = VECTOR('',#13773,1.);
#13773 = DIRECTION('',(1.,0.));
#13774 = ( GEOMETRIC_REPRESENTATION_CONTEXT(2) 
PARAMETRIC_REPRESENTATION_CONTEXT() REPRESENTATION_CONTEXT('2D SPACE',''
  ) );
#13775 = ORIENTED_EDGE('',*,*,#13776,.T.);
#13776 = EDGE_CURVE('',#13746,#13777,#13779,.T.);
#13777 = VERTEX_POINT('',#13778);
#13778 = CARTESIAN_POINT('',(2.842549229616,-1.,0.));
#13779 = SURFACE_CURVE('',#13780,(#13784,#13791),.PCURVE_S1.);
#13780 = LINE('',#13781,#13782);
#13781 = CARTESIAN_POINT('',(8.2,-1.,0.));
#13782 = VECTOR('',#13783,1.);
#13783 = DIRECTION('',(-1.,-0.,-0.));
#13784 = PCURVE('',#13648,#13785);
#13785 = DEFINITIONAL_REPRESENTATION('',(#13786),#13790);
#13786 = LINE('',#13787,#13788);
#13787 = CARTESIAN_POINT('',(2.087301952434,-16.46825775326));
#13788 = VECTOR('',#13789,1.);
#13789 = DIRECTION('',(-1.,0.));
#13790 = ( GEOMETRIC_REPRESENTATION_CONTEXT(2) 
PARAMETRIC_REPRESENTATION_CONTEXT() REPRESENTATION_CONTEXT('2D SPACE',''
  ) );
#13791 = PCURVE('',#13792,#13797);
#13792 = PLANE('',#13793);
#13793 = AXIS2_PLACEMENT_3D('',#13794,#13795,#13796);
#13794 = CARTESIAN_POINT('',(8.2,-1.,0.));
#13795 = DIRECTION('',(-0.,1.,0.));
#13796 = DIRECTION('',(1.,0.,0.));
#13797 = DEFINITIONAL_REPRESENTATION('',(#13798),#13802);
#13798 = LINE('',#13799,#13800);
#13799 = CARTESIAN_POINT('',(-0.,-0.));
#13800 = VECTOR('',#13801,1.);
#13801 = DIRECTION('',(-1.,0.));
#13802 = ( GEOMETRIC_REPRESENTATION_CONTEXT(2) 
PARAMETRIC_REPRESENTATION_CONTEXT() REPRESENTATION_CONTEXT('2D SPACE',''
  ) );
#13803 = ORIENTED_EDGE('',*,*,#13804,.F.);
#13804 = EDGE_CURVE('',#13626,#13777,#13805,.T.);
#13805 = SURFACE_CURVE('',#13806,(#13811,#13818),.PCURVE_S1.);
#13806 = CIRCLE('',#13807,1.5);
#13807 = AXIS2_PLACEMENT_3D('',#13808,#13809,#13810);
#13808 = CARTESIAN_POINT('',(2.842549229616,0.5,0.));
#13809 = DIRECTION('',(0.,-0.,1.));
#13810 = DIRECTION('',(0.,-1.,-0.));
#13811 = PCURVE('',#13648,#13812);
#13812 = DEFINITIONAL_REPRESENTATION('',(#13813),#13817);
#13813 = CIRCLE('',#13814,1.5);
#13814 = AXIS2_PLACEMENT_2D('',#13815,#13816);
#13815 = CARTESIAN_POINT('',(-3.27014881795,-14.96825775326));
#13816 = DIRECTION('',(-0.,-1.));
#13817 = ( GEOMETRIC_REPRESENTATION_CONTEXT(2) 
PARAMETRIC_REPRESENTATION_CONTEXT() REPRESENTATION_CONTEXT('2D SPACE',''
  ) );
#13818 = PCURVE('',#13676,#13819);
#13819 = DEFINITIONAL_REPRESENTATION('',(#13820),#13824);
#13820 = LINE('',#13821,#13822);
#13821 = CARTESIAN_POINT('',(-4.621729093184,0.));
#13822 = VECTOR('',#13823,1.);
#13823 = DIRECTION('',(1.,0.));
#13824 = ( GEOMETRIC_REPRESENTATION_CONTEXT(2) 
PARAMETRIC_REPRESENTATION_CONTEXT() REPRESENTATION_CONTEXT('2D SPACE',''
  ) );
#13825 = ORIENTED_EDGE('',*,*,#13625,.T.);
#13826 = ORIENTED_EDGE('',*,*,#13827,.T.);
#13827 = EDGE_CURVE('',#13628,#13828,#13830,.T.);
#13828 = VERTEX_POINT('',#13829);
#13829 = CARTESIAN_POINT('',(1.525789522605,7.238117969285,0.));
#13830 = SURFACE_CURVE('',#13831,(#13836,#13843),.PCURVE_S1.);
#13831 = CIRCLE('',#13832,1.5);
#13832 = AXIS2_PLACEMENT_3D('',#13833,#13834,#13835);
#13833 = CARTESIAN_POINT('',(0.357236903257,6.297647461606,0.));
#13834 = DIRECTION('',(0.,-0.,1.));
#13835 = DIRECTION('',(0.,-1.,-0.));
#13836 = PCURVE('',#13648,#13837);
#13837 = DEFINITIONAL_REPRESENTATION('',(#13838),#13842);
#13838 = CIRCLE('',#13839,1.5);
#13839 = AXIS2_PLACEMENT_2D('',#13840,#13841);
#13840 = CARTESIAN_POINT('',(-5.755461144309,-9.170610291662));
#13841 = DIRECTION('',(-0.,-1.));
#13842 = ( GEOMETRIC_REPRESENTATION_CONTEXT(2) 
PARAMETRIC_REPRESENTATION_CONTEXT() REPRESENTATION_CONTEXT('2D SPACE',''
  ) );
#13843 = PCURVE('',#13730,#13844);
#13844 = DEFINITIONAL_REPRESENTATION('',(#13845),#13849);
#13845 = LINE('',#13846,#13847);
#13846 = CARTESIAN_POINT('',(-1.480136439594,0.));
#13847 = VECTOR('',#13848,1.);
#13848 = DIRECTION('',(1.,0.));
#13849 = ( GEOMETRIC_REPRESENTATION_CONTEXT(2) 
PARAMETRIC_REPRESENTATION_CONTEXT() REPRESENTATION_CONTEXT('2D SPACE',''
  ) );
#13850 = ORIENTED_EDGE('',*,*,#13851,.F.);
#13851 = EDGE_CURVE('',#13852,#13828,#13854,.T.);
#13852 = VERTEX_POINT('',#13853);
#13853 = CARTESIAN_POINT('',(0.286250162366,12.013687751667,0.));
#13854 = SURFACE_CURVE('',#13855,(#13860,#13867),.PCURVE_S1.);
#13855 = CIRCLE('',#13856,6.);
#13856 = AXIS2_PLACEMENT_3D('',#13857,#13858,#13859);
#13857 = CARTESIAN_POINT('',(6.2,11.,0.));
#13858 = DIRECTION('',(0.,-0.,1.));
#13859 = DIRECTION('',(-0.716616289341,0.69746762925,0.));
#13860 = PCURVE('',#13648,#13861);
#13861 = DEFINITIONAL_REPRESENTATION('',(#13862),#13866);
#13862 = CIRCLE('',#13863,6.);
#13863 = AXIS2_PLACEMENT_2D('',#13864,#13865);
#13864 = CARTESIAN_POINT('',(8.73019524339E-02,-4.468257753269));
#13865 = DIRECTION('',(-0.716616289341,0.69746762925));
#13866 = ( GEOMETRIC_REPRESENTATION_CONTEXT(2) 
PARAMETRIC_REPRESENTATION_CONTEXT() REPRESENTATION_CONTEXT('2D SPACE',''
  ) );
#13867 = PCURVE('',#13868,#13873);
#13868 = CYLINDRICAL_SURFACE('',#13869,6.);
#13869 = AXIS2_PLACEMENT_3D('',#13870,#13871,#13872);
#13870 = CARTESIAN_POINT('',(6.2,11.,0.));
#13871 = DIRECTION('',(0.,-0.,1.));
#13872 = DIRECTION('',(-1.,0.,-0.));
#13873 = DEFINITIONAL_REPRESENTATION('',(#13874),#13878);
#13874 = LINE('',#13875,#13876);
#13875 = CARTESIAN_POINT('',(-7.05504290941,0.));
#13876 = VECTOR('',#13877,1.);
#13877 = DIRECTION('',(1.,-0.));
#13878 = ( GEOMETRIC_REPRESENTATION_CONTEXT(2) 
PARAMETRIC_REPRESENTATION_CONTEXT() REPRESENTATION_CONTEXT('2D SPACE',''
  ) );
#13879 = ORIENTED_EDGE('',*,*,#13880,.T.);
#13880 = EDGE_CURVE('',#13852,#13881,#13883,.T.);
#13881 = VERTEX_POINT('',#13882);
#13882 = CARTESIAN_POINT('',(2.172777295653,17.068583772414,0.));
#13883 = SURFACE_CURVE('',#13884,(#13889,#13896),.PCURVE_S1.);
#13884 = CIRCLE('',#13885,3.);
#13885 = AXIS2_PLACEMENT_3D('',#13886,#13887,#13888);
#13886 = CARTESIAN_POINT('',(0.,15.,0.));
#13887 = DIRECTION('',(-0.,0.,1.));
#13888 = DIRECTION('',(9.541672078853E-02,-0.995437416111,0.));
#13889 = PCURVE('',#13648,#13890);
#13890 = DEFINITIONAL_REPRESENTATION('',(#13891),#13895);
#13891 = CIRCLE('',#13892,3.);
#13892 = AXIS2_PLACEMENT_2D('',#13893,#13894);
#13893 = CARTESIAN_POINT('',(-6.112698047566,-0.468257753269));
#13894 = DIRECTION('',(9.541672078853E-02,-0.995437416111));
#13895 = ( GEOMETRIC_REPRESENTATION_CONTEXT(2) 
PARAMETRIC_REPRESENTATION_CONTEXT() REPRESENTATION_CONTEXT('2D SPACE',''
  ) );
#13896 = PCURVE('',#13897,#13902);
#13897 = CYLINDRICAL_SURFACE('',#13898,3.);
#13898 = AXIS2_PLACEMENT_3D('',#13899,#13900,#13901);
#13899 = CARTESIAN_POINT('',(0.,15.,-90.));
#13900 = DIRECTION('',(0.,0.,1.));
#13901 = DIRECTION('',(1.,0.,0.));
#13902 = DEFINITIONAL_REPRESENTATION('',(#13903),#13907);
#13903 = LINE('',#13904,#13905);
#13904 = CARTESIAN_POINT('',(4.807951082131,90.));
#13905 = VECTOR('',#13906,1.);
#13906 = DIRECTION('',(1.,0.));
#13907 = ( GEOMETRIC_REPRESENTATION_CONTEXT(2) 
PARAMETRIC_REPRESENTATION_CONTEXT() REPRESENTATION_CONTEXT('2D SPACE',''
  ) );
#13908 = ORIENTED_EDGE('',*,*,#13909,.T.);
#13909 = EDGE_CURVE('',#13881,#13910,#13912,.T.);
#13910 = VERTEX_POINT('',#13911);
#13911 = CARTESIAN_POINT('',(3.32,25.,0.));
#13912 = SURFACE_CURVE('',#13913,(#13917,#13924),.PCURVE_S1.);
#13913 = LINE('',#13914,#13915);
#13914 = CARTESIAN_POINT('',(1.7,13.8,0.));
#13915 = VECTOR('',#13916,1.);
#13916 = DIRECTION('',(0.143153115763,0.989700553424,0.));
#13917 = PCURVE('',#13648,#13918);
#13918 = DEFINITIONAL_REPRESENTATION('',(#13919),#13923);
#13919 = LINE('',#13920,#13921);
#13920 = CARTESIAN_POINT('',(-4.412698047566,-1.668257753269));
#13921 = VECTOR('',#13922,1.);
#13922 = DIRECTION('',(0.143153115763,0.989700553424));
#13923 = ( GEOMETRIC_REPRESENTATION_CONTEXT(2) 
PARAMETRIC_REPRESENTATION_CONTEXT() REPRESENTATION_CONTEXT('2D SPACE',''
  ) );
#13924 = PCURVE('',#13925,#13930);
#13925 = PLANE('',#13926);
#13926 = AXIS2_PLACEMENT_3D('',#13927,#13928,#13929);
#13927 = CARTESIAN_POINT('',(1.7,13.8,0.));
#13928 = DIRECTION('',(0.989700553424,-0.143153115763,0.));
#13929 = DIRECTION('',(-0.143153115763,-0.989700553424,0.));
#13930 = DEFINITIONAL_REPRESENTATION('',(#13931),#13935);
#13931 = LINE('',#13932,#13933);
#13932 = CARTESIAN_POINT('',(-0.,0.));
#13933 = VECTOR('',#13934,1.);
#13934 = DIRECTION('',(-1.,0.));
#13935 = ( GEOMETRIC_REPRESENTATION_CONTEXT(2) 
PARAMETRIC_REPRESENTATION_CONTEXT() REPRESENTATION_CONTEXT('2D SPACE',''
  ) );
#13936 = ORIENTED_EDGE('',*,*,#13937,.T.);
#13937 = EDGE_CURVE('',#13910,#13938,#13940,.T.);
#13938 = VERTEX_POINT('',#13939);
#13939 = CARTESIAN_POINT('',(5.68,34.6,0.));
#13940 = SURFACE_CURVE('',#13941,(#13945,#13952),.PCURVE_S1.);
#13941 = LINE('',#13942,#13943);
#13942 = CARTESIAN_POINT('',(3.32,25.,0.));
#13943 = VECTOR('',#13944,1.);
#13944 = DIRECTION('',(0.238725571858,0.971087071967,0.));
#13945 = PCURVE('',#13648,#13946);
#13946 = DEFINITIONAL_REPRESENTATION('',(#13947),#13951);
#13947 = LINE('',#13948,#13949);
#13948 = CARTESIAN_POINT('',(-2.792698047566,9.531742246731));
#13949 = VECTOR('',#13950,1.);
#13950 = DIRECTION('',(0.238725571858,0.971087071967));
#13951 = ( GEOMETRIC_REPRESENTATION_CONTEXT(2) 
PARAMETRIC_REPRESENTATION_CONTEXT() REPRESENTATION_CONTEXT('2D SPACE',''
  ) );
#13952 = PCURVE('',#13953,#13958);
#13953 = PLANE('',#13954);
#13954 = AXIS2_PLACEMENT_3D('',#13955,#13956,#13957);
#13955 = CARTESIAN_POINT('',(3.32,25.,0.));
#13956 = DIRECTION('',(0.971087071967,-0.238725571858,0.));
#13957 = DIRECTION('',(-0.238725571858,-0.971087071967,0.));
#13958 = DEFINITIONAL_REPRESENTATION('',(#13959),#13963);
#13959 = LINE('',#13960,#13961);
#13960 = CARTESIAN_POINT('',(-0.,0.));
#13961 = VECTOR('',#13962,1.);
#13962 = DIRECTION('',(-1.,0.));
#13963 = ( GEOMETRIC_REPRESENTATION_CONTEXT(2) 
PARAMETRIC_REPRESENTATION_CONTEXT() REPRESENTATION_CONTEXT('2D SPACE',''
  ) );
#13964 = ORIENTED_EDGE('',*,*,#13965,.T.);
#13965 = EDGE_CURVE('',#13938,#13966,#13968,.T.);
#13966 = VERTEX_POINT('',#13967);
#13967 = CARTESIAN_POINT('',(7.,34.2,0.));
#13968 = SURFACE_CURVE('',#13969,(#13973,#13980),.PCURVE_S1.);
#13969 = LINE('',#13970,#13971);
#13970 = CARTESIAN_POINT('',(5.68,34.6,0.));
#13971 = VECTOR('',#13972,1.);
#13972 = DIRECTION('',(0.957024404433,-0.290007395283,0.));
#13973 = PCURVE('',#13648,#13974);
#13974 = DEFINITIONAL_REPRESENTATION('',(#13975),#13979);
#13975 = LINE('',#13976,#13977);
#13976 = CARTESIAN_POINT('',(-0.432698047566,19.131742246731));
#13977 = VECTOR('',#13978,1.);
#13978 = DIRECTION('',(0.957024404433,-0.290007395283));
#13979 = ( GEOMETRIC_REPRESENTATION_CONTEXT(2) 
PARAMETRIC_REPRESENTATION_CONTEXT() REPRESENTATION_CONTEXT('2D SPACE',''
  ) );
#13980 = PCURVE('',#13981,#13986);
#13981 = PLANE('',#13982);
#13982 = AXIS2_PLACEMENT_3D('',#13983,#13984,#13985);
#13983 = CARTESIAN_POINT('',(5.68,34.6,0.));
#13984 = DIRECTION('',(-0.290007395283,-0.957024404433,-0.));
#13985 = DIRECTION('',(-0.957024404433,0.290007395283,0.));
#13986 = DEFINITIONAL_REPRESENTATION('',(#13987),#13991);
#13987 = LINE('',#13988,#13989);
#13988 = CARTESIAN_POINT('',(-0.,-0.));
#13989 = VECTOR('',#13990,1.);
#13990 = DIRECTION('',(-1.,0.));
#13991 = ( GEOMETRIC_REPRESENTATION_CONTEXT(2) 
PARAMETRIC_REPRESENTATION_CONTEXT() REPRESENTATION_CONTEXT('2D SPACE',''
  ) );
#13992 = ORIENTED_EDGE('',*,*,#13993,.T.);
#13993 = EDGE_CURVE('',#13966,#13994,#13996,.T.);
#13994 = VERTEX_POINT('',#13995);
#13995 = CARTESIAN_POINT('',(11.591713902595,13.713891819192,0.));
#13996 = SURFACE_CURVE('',#13997,(#14001,#14008),.PCURVE_S1.);
#13997 = LINE('',#13998,#13999);
#13998 = CARTESIAN_POINT('',(7.,34.2,0.));
#13999 = VECTOR('',#14000,1.);
#14000 = DIRECTION('',(0.218711456917,-0.975789577016,0.));
#14001 = PCURVE('',#13648,#14002);
#14002 = DEFINITIONAL_REPRESENTATION('',(#14003),#14007);
#14003 = LINE('',#14004,#14005);
#14004 = CARTESIAN_POINT('',(0.887301952434,18.731742246731));
#14005 = VECTOR('',#14006,1.);
#14006 = DIRECTION('',(0.218711456917,-0.975789577016));
#14007 = ( GEOMETRIC_REPRESENTATION_CONTEXT(2) 
PARAMETRIC_REPRESENTATION_CONTEXT() REPRESENTATION_CONTEXT('2D SPACE',''
  ) );
#14008 = PCURVE('',#14009,#14014);
#14009 = PLANE('',#14010);
#14010 = AXIS2_PLACEMENT_3D('',#14011,#14012,#14013);
#14011 = CARTESIAN_POINT('',(7.,34.2,0.));
#14012 = DIRECTION('',(-0.975789577016,-0.218711456917,-0.));
#14013 = DIRECTION('',(-0.218711456917,0.975789577016,0.));
#14014 = DEFINITIONAL_REPRESENTATION('',(#14015),#14019);
#14015 = LINE('',#14016,#14017);
#14016 = CARTESIAN_POINT('',(-0.,-0.));
#14017 = VECTOR('',#14018,1.);
#14018 = DIRECTION('',(-1.,0.));
#14019 = ( GEOMETRIC_REPRESENTATION_CONTEXT(2) 
PARAMETRIC_REPRESENTATION_CONTEXT() REPRESENTATION_CONTEXT('2D SPACE',''
  ) );
#14020 = ORIENTED_EDGE('',*,*,#14021,.F.);
#14021 = EDGE_CURVE('',#14022,#13994,#14024,.T.);
#14022 = VERTEX_POINT('',#14023);
#14023 = CARTESIAN_POINT('',(11.684318614495,13.433567203654,0.));
#14024 = SURFACE_CURVE('',#14025,(#14030,#14041),.PCURVE_S1.);
#14025 = CIRCLE('',#14026,1.5);
#14026 = AXIS2_PLACEMENT_3D('',#14027,#14028,#14029);
#14027 = CARTESIAN_POINT('',(13.055398268119,14.041959004568,0.));
#14028 = DIRECTION('',(0.,0.,-1.));
#14029 = DIRECTION('',(0.,-1.,-0.));
#14030 = PCURVE('',#13648,#14031);
#14031 = DEFINITIONAL_REPRESENTATION('',(#14032),#14040);
#14032 = ( BOUNDED_CURVE() B_SPLINE_CURVE(2,(#14033,#14034,#14035,#14036
    ,#14037,#14038,#14039),.UNSPECIFIED.,.T.,.F.) 
B_SPLINE_CURVE_WITH_KNOTS((1,2,2,2,2,1),(-2.094395102393,0.,
    2.094395102393,4.188790204786,6.28318530718,8.377580409573),
.UNSPECIFIED.) CURVE() GEOMETRIC_REPRESENTATION_ITEM() 
RATIONAL_B_SPLINE_CURVE((1.,0.5,1.,0.5,1.,0.5,1.)) REPRESENTATION_ITEM(
  '') );
#14033 = CARTESIAN_POINT('',(6.942700220553,-2.926298748701));
#14034 = CARTESIAN_POINT('',(4.3446240092,-2.926298748701));
#14035 = CARTESIAN_POINT('',(5.643662114876,-0.676298748701));
#14036 = CARTESIAN_POINT('',(6.942700220553,1.573701251299));
#14037 = CARTESIAN_POINT('',(8.241738326229,-0.676298748701));
#14038 = CARTESIAN_POINT('',(9.540776431906,-2.926298748701));
#14039 = CARTESIAN_POINT('',(6.942700220553,-2.926298748701));
#14040 = ( GEOMETRIC_REPRESENTATION_CONTEXT(2) 
PARAMETRIC_REPRESENTATION_CONTEXT() REPRESENTATION_CONTEXT('2D SPACE',''
  ) );
#14041 = PCURVE('',#14042,#14047);
#14042 = CYLINDRICAL_SURFACE('',#14043,1.5);
#14043 = AXIS2_PLACEMENT_3D('',#14044,#14045,#14046);
#14044 = CARTESIAN_POINT('',(13.055398268119,14.041959004568,0.));
#14045 = DIRECTION('',(0.,-0.,1.));
#14046 = DIRECTION('',(-0.914053102416,-0.405594533942,-0.));
#14047 = DEFINITIONAL_REPRESENTATION('',(#14048),#14052);
#14048 = LINE('',#14049,#14050);
#14049 = CARTESIAN_POINT('',(1.153167152984,-0.));
#14050 = VECTOR('',#14051,1.);
#14051 = DIRECTION('',(-1.,0.));
#14052 = ( GEOMETRIC_REPRESENTATION_CONTEXT(2) 
PARAMETRIC_REPRESENTATION_CONTEXT() REPRESENTATION_CONTEXT('2D SPACE',''
  ) );
#14053 = ORIENTED_EDGE('',*,*,#14054,.F.);
#14054 = EDGE_CURVE('',#14055,#14022,#14057,.T.);
#14055 = VERTEX_POINT('',#14056);
#14056 = CARTESIAN_POINT('',(10.3547432693,6.671246326457,0.));
#14057 = SURFACE_CURVE('',#14058,(#14063,#14070),.PCURVE_S1.);
#14058 = CIRCLE('',#14059,6.);
#14059 = AXIS2_PLACEMENT_3D('',#14060,#14061,#14062);
#14060 = CARTESIAN_POINT('',(6.2,11.,0.));
#14061 = DIRECTION('',(-0.,0.,1.));
#14062 = DIRECTION('',(0.641566472759,-0.767067442297,0.));
#14063 = PCURVE('',#13648,#14064);
#14064 = DEFINITIONAL_REPRESENTATION('',(#14065),#14069);
#14065 = CIRCLE('',#14066,6.);
#14066 = AXIS2_PLACEMENT_2D('',#14067,#14068);
#14067 = CARTESIAN_POINT('',(8.73019524339E-02,-4.468257753269));
#14068 = DIRECTION('',(0.641566472759,-0.767067442297));
#14069 = ( GEOMETRIC_REPRESENTATION_CONTEXT(2) 
PARAMETRIC_REPRESENTATION_CONTEXT() REPRESENTATION_CONTEXT('2D SPACE',''
  ) );
#14070 = PCURVE('',#14071,#14076);
#14071 = CYLINDRICAL_SURFACE('',#14072,6.);
#14072 = AXIS2_PLACEMENT_3D('',#14073,#14074,#14075);
#14073 = CARTESIAN_POINT('',(6.2,11.,0.));
#14074 = DIRECTION('',(0.,-0.,1.));
#14075 = DIRECTION('',(-1.,0.,-0.));
#14076 = DEFINITIONAL_REPRESENTATION('',(#14077),#14081);
#14077 = LINE('',#14078,#14079);
#14078 = CARTESIAN_POINT('',(-4.015850296614,0.));
#14079 = VECTOR('',#14080,1.);
#14080 = DIRECTION('',(1.,-0.));
#14081 = ( GEOMETRIC_REPRESENTATION_CONTEXT(2) 
PARAMETRIC_REPRESENTATION_CONTEXT() REPRESENTATION_CONTEXT('2D SPACE',''
  ) );
#14082 = ORIENTED_EDGE('',*,*,#14083,.F.);
#14083 = EDGE_CURVE('',#14084,#14055,#14086,.T.);
#14084 = VERTEX_POINT('',#14085);
#14085 = CARTESIAN_POINT('',(9.938215336407,5.952861345626,0.));
#14086 = SURFACE_CURVE('',#14087,(#14092,#14103),.PCURVE_S1.);
#14087 = CIRCLE('',#14088,1.5);
#14088 = AXIS2_PLACEMENT_3D('',#14089,#14090,#14091);
#14089 = CARTESIAN_POINT('',(11.393429086625,5.589057908072,0.));
#14090 = DIRECTION('',(0.,0.,-1.));
#14091 = DIRECTION('',(0.,-1.,-0.));
#14092 = PCURVE('',#13648,#14093);
#14093 = DEFINITIONAL_REPRESENTATION('',(#14094),#14102);
#14094 = ( BOUNDED_CURVE() B_SPLINE_CURVE(2,(#14095,#14096,#14097,#14098
    ,#14099,#14100,#14101),.UNSPECIFIED.,.T.,.F.) 
B_SPLINE_CURVE_WITH_KNOTS((1,2,2,2,2,1),(-2.094395102393,0.,
    2.094395102393,4.188790204786,6.28318530718,8.377580409573),
.UNSPECIFIED.) CURVE() GEOMETRIC_REPRESENTATION_ITEM() 
RATIONAL_B_SPLINE_CURVE((1.,0.5,1.,0.5,1.,0.5,1.)) REPRESENTATION_ITEM(
  '') );
#14095 = CARTESIAN_POINT('',(5.280731039058,-11.37919984519));
#14096 = CARTESIAN_POINT('',(2.682654827705,-11.37919984519));
#14097 = CARTESIAN_POINT('',(3.981692933382,-9.129199845197));
#14098 = CARTESIAN_POINT('',(5.280731039058,-6.879199845197));
#14099 = CARTESIAN_POINT('',(6.579769144735,-9.129199845197));
#14100 = CARTESIAN_POINT('',(7.878807250412,-11.37919984519));
#14101 = CARTESIAN_POINT('',(5.280731039058,-11.37919984519));
#14102 = ( GEOMETRIC_REPRESENTATION_CONTEXT(2) 
PARAMETRIC_REPRESENTATION_CONTEXT() REPRESENTATION_CONTEXT('2D SPACE',''
  ) );
#14103 = PCURVE('',#14104,#14109);
#14104 = CYLINDRICAL_SURFACE('',#14105,1.5);
#14105 = AXIS2_PLACEMENT_3D('',#14106,#14107,#14108);
#14106 = CARTESIAN_POINT('',(11.393429086625,5.589057908072,0.));
#14107 = DIRECTION('',(0.,-0.,1.));
#14108 = DIRECTION('',(-0.970142500145,0.242535625036,0.));
#14109 = DEFINITIONAL_REPRESENTATION('',(#14110),#14114);
#14110 = LINE('',#14111,#14112);
#14111 = CARTESIAN_POINT('',(1.815774989922,-0.));
#14112 = VECTOR('',#14113,1.);
#14113 = DIRECTION('',(-1.,0.));
#14114 = ( GEOMETRIC_REPRESENTATION_CONTEXT(2) 
PARAMETRIC_REPRESENTATION_CONTEXT() REPRESENTATION_CONTEXT('2D SPACE',''
  ) );
#14115 = ORIENTED_EDGE('',*,*,#14116,.T.);
#14116 = EDGE_CURVE('',#14084,#13748,#14117,.T.);
#14117 = SURFACE_CURVE('',#14118,(#14122,#14129),.PCURVE_S1.);
#14118 = LINE('',#14119,#14120);
#14119 = CARTESIAN_POINT('',(10.4,7.8,0.));
#14120 = VECTOR('',#14121,1.);
#14121 = DIRECTION('',(-0.242535625036,-0.970142500145,-0.));
#14122 = PCURVE('',#13648,#14123);
#14123 = DEFINITIONAL_REPRESENTATION('',(#14124),#14128);
#14124 = LINE('',#14125,#14126);
#14125 = CARTESIAN_POINT('',(4.287301952434,-7.668257753269));
#14126 = VECTOR('',#14127,1.);
#14127 = DIRECTION('',(-0.242535625036,-0.970142500145));
#14128 = ( GEOMETRIC_REPRESENTATION_CONTEXT(2) 
PARAMETRIC_REPRESENTATION_CONTEXT() REPRESENTATION_CONTEXT('2D SPACE',''
  ) );
#14129 = PCURVE('',#14130,#14135);
#14130 = PLANE('',#14131);
#14131 = AXIS2_PLACEMENT_3D('',#14132,#14133,#14134);
#14132 = CARTESIAN_POINT('',(10.4,7.8,0.));
#14133 = DIRECTION('',(-0.970142500145,0.242535625036,0.));
#14134 = DIRECTION('',(0.242535625036,0.970142500145,0.));
#14135 = DEFINITIONAL_REPRESENTATION('',(#14136),#14140);
#14136 = LINE('',#14137,#14138);
#14137 = CARTESIAN_POINT('',(-0.,-0.));
#14138 = VECTOR('',#14139,1.);
#14139 = DIRECTION('',(-1.,0.));
#14140 = ( GEOMETRIC_REPRESENTATION_CONTEXT(2) 
PARAMETRIC_REPRESENTATION_CONTEXT() REPRESENTATION_CONTEXT('2D SPACE',''
  ) );
#14141 = FACE_BOUND('',#14142,.T.);
#14142 = EDGE_LOOP('',(#14143));
#14143 = ORIENTED_EDGE('',*,*,#14144,.F.);
#14144 = EDGE_CURVE('',#14145,#14145,#14147,.T.);
#14145 = VERTEX_POINT('',#14146);
#14146 = CARTESIAN_POINT('',(3.6,3.,0.));
#14147 = SURFACE_CURVE('',#14148,(#14153,#14164),.PCURVE_S1.);
#14148 = CIRCLE('',#14149,1.6);
#14149 = AXIS2_PLACEMENT_3D('',#14150,#14151,#14152);
#14150 = CARTESIAN_POINT('',(5.2,3.,0.));
#14151 = DIRECTION('',(0.,0.,-1.));
#14152 = DIRECTION('',(-1.,0.,-0.));
#14153 = PCURVE('',#13648,#14154);
#14154 = DEFINITIONAL_REPRESENTATION('',(#14155),#14163);
#14155 = ( BOUNDED_CURVE() B_SPLINE_CURVE(2,(#14156,#14157,#14158,#14159
    ,#14160,#14161,#14162),.UNSPECIFIED.,.T.,.F.) 
B_SPLINE_CURVE_WITH_KNOTS((1,2,2,2,2,1),(-2.094395102393,0.,
    2.094395102393,4.188790204786,6.28318530718,8.377580409573),
.UNSPECIFIED.) CURVE() GEOMETRIC_REPRESENTATION_ITEM() 
RATIONAL_B_SPLINE_CURVE((1.,0.5,1.,0.5,1.,0.5,1.)) REPRESENTATION_ITEM(
  '') );
#14156 = CARTESIAN_POINT('',(-2.512698047566,-12.46825775326));
#14157 = CARTESIAN_POINT('',(-2.512698047566,-9.696976461159));
#14158 = CARTESIAN_POINT('',(-0.112698047566,-11.08261710721));
#14159 = CARTESIAN_POINT('',(2.287301952434,-12.46825775326));
#14160 = CARTESIAN_POINT('',(-0.112698047566,-13.85389839932));
#14161 = CARTESIAN_POINT('',(-2.512698047566,-15.23953904537));
#14162 = CARTESIAN_POINT('',(-2.512698047566,-12.46825775326));
#14163 = ( GEOMETRIC_REPRESENTATION_CONTEXT(2) 
PARAMETRIC_REPRESENTATION_CONTEXT() REPRESENTATION_CONTEXT('2D SPACE',''
  ) );
#14164 = PCURVE('',#14165,#14170);
#14165 = CYLINDRICAL_SURFACE('',#14166,1.6);
#14166 = AXIS2_PLACEMENT_3D('',#14167,#14168,#14169);
#14167 = CARTESIAN_POINT('',(5.2,3.,-9.));
#14168 = DIRECTION('',(0.,0.,1.));
#14169 = DIRECTION('',(-1.,-0.,-0.));
#14170 = DEFINITIONAL_REPRESENTATION('',(#14171),#14175);
#14171 = LINE('',#14172,#14173);
#14172 = CARTESIAN_POINT('',(-0.,9.));
#14173 = VECTOR('',#14174,1.);
#14174 = DIRECTION('',(-1.,0.));
#14175 = ( GEOMETRIC_REPRESENTATION_CONTEXT(2) 
PARAMETRIC_REPRESENTATION_CONTEXT() REPRESENTATION_CONTEXT('2D SPACE',''
  ) );
#14176 = FACE_BOUND('',#14177,.T.);
#14177 = EDGE_LOOP('',(#14178));
#14178 = ORIENTED_EDGE('',*,*,#14179,.F.);
#14179 = EDGE_CURVE('',#14180,#14180,#14182,.T.);
#14180 = VERTEX_POINT('',#14181);
#14181 = CARTESIAN_POINT('',(3.1,11.,0.));
#14182 = SURFACE_CURVE('',#14183,(#14188,#14199),.PCURVE_S1.);
#14183 = CIRCLE('',#14184,3.1);
#14184 = AXIS2_PLACEMENT_3D('',#14185,#14186,#14187);
#14185 = CARTESIAN_POINT('',(6.2,11.,0.));
#14186 = DIRECTION('',(0.,0.,-1.));
#14187 = DIRECTION('',(-1.,-0.,-0.));
#14188 = PCURVE('',#13648,#14189);
#14189 = DEFINITIONAL_REPRESENTATION('',(#14190),#14198);
#14190 = ( BOUNDED_CURVE() B_SPLINE_CURVE(2,(#14191,#14192,#14193,#14194
    ,#14195,#14196,#14197),.UNSPECIFIED.,.T.,.F.) 
B_SPLINE_CURVE_WITH_KNOTS((1,2,2,2,2,1),(-2.094395102393,0.,
    2.094395102393,4.188790204786,6.28318530718,8.377580409573),
.UNSPECIFIED.) CURVE() GEOMETRIC_REPRESENTATION_ITEM() 
RATIONAL_B_SPLINE_CURVE((1.,0.5,1.,0.5,1.,0.5,1.)) REPRESENTATION_ITEM(
  '') );
#14191 = CARTESIAN_POINT('',(-3.012698047566,-4.468257753269));
#14192 = CARTESIAN_POINT('',(-3.012698047566,0.901099750195));
#14193 = CARTESIAN_POINT('',(1.637301952434,-1.783579001537));
#14194 = CARTESIAN_POINT('',(6.287301952434,-4.468257753269));
#14195 = CARTESIAN_POINT('',(1.637301952434,-7.152936505));
#14196 = CARTESIAN_POINT('',(-3.012698047566,-9.837615256732));
#14197 = CARTESIAN_POINT('',(-3.012698047566,-4.468257753269));
#14198 = ( GEOMETRIC_REPRESENTATION_CONTEXT(2) 
PARAMETRIC_REPRESENTATION_CONTEXT() REPRESENTATION_CONTEXT('2D SPACE',''
  ) );
#14199 = PCURVE('',#14200,#14205);
#14200 = CYLINDRICAL_SURFACE('',#14201,3.1);
#14201 = AXIS2_PLACEMENT_3D('',#14202,#14203,#14204);
#14202 = CARTESIAN_POINT('',(6.2,11.,0.));
#14203 = DIRECTION('',(0.,0.,1.));
#14204 = DIRECTION('',(-1.,-0.,-0.));
#14205 = DEFINITIONAL_REPRESENTATION('',(#14206),#14210);
#14206 = LINE('',#14207,#14208);
#14207 = CARTESIAN_POINT('',(-0.,0.));
#14208 = VECTOR('',#14209,1.);
#14209 = DIRECTION('',(-1.,0.));
#14210 = ( GEOMETRIC_REPRESENTATION_CONTEXT(2) 
PARAMETRIC_REPRESENTATION_CONTEXT() REPRESENTATION_CONTEXT('2D SPACE',''
  ) );
#14211 = ADVANCED_FACE('',(#14212),#13676,.T.);
#14212 = FACE_BOUND('',#14213,.T.);
#14213 = EDGE_LOOP('',(#14214,#14215,#14238,#14260));
#14214 = ORIENTED_EDGE('',*,*,#13804,.T.);
#14215 = ORIENTED_EDGE('',*,*,#14216,.T.);
#14216 = EDGE_CURVE('',#13777,#14217,#14219,.T.);
#14217 = VERTEX_POINT('',#14218);
#14218 = CARTESIAN_POINT('',(2.842549229616,-1.,10.));
#14219 = SURFACE_CURVE('',#14220,(#14224,#14231),.PCURVE_S1.);
#14220 = LINE('',#14221,#14222);
#14221 = CARTESIAN_POINT('',(2.842549229616,-1.,0.));
#14222 = VECTOR('',#14223,1.);
#14223 = DIRECTION('',(0.,-0.,1.));
#14224 = PCURVE('',#13676,#14225);
#14225 = DEFINITIONAL_REPRESENTATION('',(#14226),#14230);
#14226 = LINE('',#14227,#14228);
#14227 = CARTESIAN_POINT('',(1.661456213996,0.));
#14228 = VECTOR('',#14229,1.);
#14229 = DIRECTION('',(0.,1.));
#14230 = ( GEOMETRIC_REPRESENTATION_CONTEXT(2) 
PARAMETRIC_REPRESENTATION_CONTEXT() REPRESENTATION_CONTEXT('2D SPACE',''
  ) );
#14231 = PCURVE('',#13792,#14232);
#14232 = DEFINITIONAL_REPRESENTATION('',(#14233),#14237);
#14233 = LINE('',#14234,#14235);
#14234 = CARTESIAN_POINT('',(-5.357450770384,0.));
#14235 = VECTOR('',#14236,1.);
#14236 = DIRECTION('',(-0.,-1.));
#14237 = ( GEOMETRIC_REPRESENTATION_CONTEXT(2) 
PARAMETRIC_REPRESENTATION_CONTEXT() REPRESENTATION_CONTEXT('2D SPACE',''
  ) );
#14238 = ORIENTED_EDGE('',*,*,#14239,.F.);
#14239 = EDGE_CURVE('',#13661,#14217,#14240,.T.);
#14240 = SURFACE_CURVE('',#14241,(#14246,#14253),.PCURVE_S1.);
#14241 = CIRCLE('',#14242,1.5);
#14242 = AXIS2_PLACEMENT_3D('',#14243,#14244,#14245);
#14243 = CARTESIAN_POINT('',(2.842549229616,0.5,10.));
#14244 = DIRECTION('',(0.,-0.,1.));
#14245 = DIRECTION('',(0.,-1.,-0.));
#14246 = PCURVE('',#13676,#14247);
#14247 = DEFINITIONAL_REPRESENTATION('',(#14248),#14252);
#14248 = LINE('',#14249,#14250);
#14249 = CARTESIAN_POINT('',(-4.621729093184,10.));
#14250 = VECTOR('',#14251,1.);
#14251 = DIRECTION('',(1.,0.));
#14252 = ( GEOMETRIC_REPRESENTATION_CONTEXT(2) 
PARAMETRIC_REPRESENTATION_CONTEXT() REPRESENTATION_CONTEXT('2D SPACE',''
  ) );
#14253 = PCURVE('',#13704,#14254);
#14254 = DEFINITIONAL_REPRESENTATION('',(#14255),#14259);
#14255 = CIRCLE('',#14256,1.5);
#14256 = AXIS2_PLACEMENT_2D('',#14257,#14258);
#14257 = CARTESIAN_POINT('',(-3.27014881795,-14.96825775326));
#14258 = DIRECTION('',(-0.,-1.));
#14259 = ( GEOMETRIC_REPRESENTATION_CONTEXT(2) 
PARAMETRIC_REPRESENTATION_CONTEXT() REPRESENTATION_CONTEXT('2D SPACE',''
  ) );
#14260 = ORIENTED_EDGE('',*,*,#13660,.F.);
#14261 = ADVANCED_FACE('',(#14262),#13730,.F.);
#14262 = FACE_BOUND('',#14263,.F.);
#14263 = EDGE_LOOP('',(#14264,#14265,#14288,#14310));
#14264 = ORIENTED_EDGE('',*,*,#13827,.T.);
#14265 = ORIENTED_EDGE('',*,*,#14266,.T.);
#14266 = EDGE_CURVE('',#13828,#14267,#14269,.T.);
#14267 = VERTEX_POINT('',#14268);
#14268 = CARTESIAN_POINT('',(1.525789522605,7.238117969285,10.));
#14269 = SURFACE_CURVE('',#14270,(#14274,#14281),.PCURVE_S1.);
#14270 = LINE('',#14271,#14272);
#14271 = CARTESIAN_POINT('',(1.525789522605,7.238117969285,0.));
#14272 = VECTOR('',#14273,1.);
#14273 = DIRECTION('',(0.,-0.,1.));
#14274 = PCURVE('',#13730,#14275);
#14275 = DEFINITIONAL_REPRESENTATION('',(#14276),#14280);
#14276 = LINE('',#14277,#14278);
#14277 = CARTESIAN_POINT('',(0.768330867972,0.));
#14278 = VECTOR('',#14279,1.);
#14279 = DIRECTION('',(0.,1.));
#14280 = ( GEOMETRIC_REPRESENTATION_CONTEXT(2) 
PARAMETRIC_REPRESENTATION_CONTEXT() REPRESENTATION_CONTEXT('2D SPACE',''
  ) );
#14281 = PCURVE('',#13868,#14282);
#14282 = DEFINITIONAL_REPRESENTATION('',(#14283),#14287);
#14283 = LINE('',#14284,#14285);
#14284 = CARTESIAN_POINT('',(-5.605514326408,0.));
#14285 = VECTOR('',#14286,1.);
#14286 = DIRECTION('',(-0.,1.));
#14287 = ( GEOMETRIC_REPRESENTATION_CONTEXT(2) 
PARAMETRIC_REPRESENTATION_CONTEXT() REPRESENTATION_CONTEXT('2D SPACE',''
  ) );
#14288 = ORIENTED_EDGE('',*,*,#14289,.F.);
#14289 = EDGE_CURVE('',#13689,#14267,#14290,.T.);
#14290 = SURFACE_CURVE('',#14291,(#14296,#14303),.PCURVE_S1.);
#14291 = CIRCLE('',#14292,1.5);
#14292 = AXIS2_PLACEMENT_3D('',#14293,#14294,#14295);
#14293 = CARTESIAN_POINT('',(0.357236903257,6.297647461606,10.));
#14294 = DIRECTION('',(0.,-0.,1.));
#14295 = DIRECTION('',(0.,-1.,-0.));
#14296 = PCURVE('',#13730,#14297);
#14297 = DEFINITIONAL_REPRESENTATION('',(#14298),#14302);
#14298 = LINE('',#14299,#14300);
#14299 = CARTESIAN_POINT('',(-1.480136439594,10.));
#14300 = VECTOR('',#14301,1.);
#14301 = DIRECTION('',(1.,0.));
#14302 = ( GEOMETRIC_REPRESENTATION_CONTEXT(2) 
PARAMETRIC_REPRESENTATION_CONTEXT() REPRESENTATION_CONTEXT('2D SPACE',''
  ) );
#14303 = PCURVE('',#13704,#14304);
#14304 = DEFINITIONAL_REPRESENTATION('',(#14305),#14309);
#14305 = CIRCLE('',#14306,1.5);
#14306 = AXIS2_PLACEMENT_2D('',#14307,#14308);
#14307 = CARTESIAN_POINT('',(-5.755461144309,-9.170610291662));
#14308 = DIRECTION('',(-0.,-1.));
#14309 = ( GEOMETRIC_REPRESENTATION_CONTEXT(2) 
PARAMETRIC_REPRESENTATION_CONTEXT() REPRESENTATION_CONTEXT('2D SPACE',''
  ) );
#14310 = ORIENTED_EDGE('',*,*,#13716,.F.);
#14311 = ADVANCED_FACE('',(#14312,#14613,#14643),#13704,.T.);
#14312 = FACE_BOUND('',#14313,.F.);
#14313 = EDGE_LOOP('',(#14314,#14340,#14361,#14362,#14363,#14364,#14388,
    #14416,#14439,#14462,#14485,#14508,#14536,#14564,#14592));
#14314 = ORIENTED_EDGE('',*,*,#14315,.F.);
#14315 = EDGE_CURVE('',#14316,#14318,#14320,.T.);
#14316 = VERTEX_POINT('',#14317);
#14317 = CARTESIAN_POINT('',(7.028835390393,-1.,10.));
#14318 = VERTEX_POINT('',#14319);
#14319 = CARTESIAN_POINT('',(8.484049140611,0.136196562445,10.));
#14320 = SURFACE_CURVE('',#14321,(#14326,#14333),.PCURVE_S1.);
#14321 = CIRCLE('',#14322,1.5);
#14322 = AXIS2_PLACEMENT_3D('',#14323,#14324,#14325);
#14323 = CARTESIAN_POINT('',(7.028835390393,0.5,10.));
#14324 = DIRECTION('',(0.,-0.,1.));
#14325 = DIRECTION('',(0.,-1.,-0.));
#14326 = PCURVE('',#13704,#14327);
#14327 = DEFINITIONAL_REPRESENTATION('',(#14328),#14332);
#14328 = CIRCLE('',#14329,1.5);
#14329 = AXIS2_PLACEMENT_2D('',#14330,#14331);
#14330 = CARTESIAN_POINT('',(0.916137342827,-14.96825775326));
#14331 = DIRECTION('',(-0.,-1.));
#14332 = ( GEOMETRIC_REPRESENTATION_CONTEXT(2) 
PARAMETRIC_REPRESENTATION_CONTEXT() REPRESENTATION_CONTEXT('2D SPACE',''
  ) );
#14333 = PCURVE('',#13764,#14334);
#14334 = DEFINITIONAL_REPRESENTATION('',(#14335),#14339);
#14335 = LINE('',#14336,#14337);
#14336 = CARTESIAN_POINT('',(0.,10.));
#14337 = VECTOR('',#14338,1.);
#14338 = DIRECTION('',(1.,0.));
#14339 = ( GEOMETRIC_REPRESENTATION_CONTEXT(2) 
PARAMETRIC_REPRESENTATION_CONTEXT() REPRESENTATION_CONTEXT('2D SPACE',''
  ) );
#14340 = ORIENTED_EDGE('',*,*,#14341,.T.);
#14341 = EDGE_CURVE('',#14316,#14217,#14342,.T.);
#14342 = SURFACE_CURVE('',#14343,(#14347,#14354),.PCURVE_S1.);
#14343 = LINE('',#14344,#14345);
#14344 = CARTESIAN_POINT('',(8.2,-1.,10.));
#14345 = VECTOR('',#14346,1.);
#14346 = DIRECTION('',(-1.,-0.,-0.));
#14347 = PCURVE('',#13704,#14348);
#14348 = DEFINITIONAL_REPRESENTATION('',(#14349),#14353);
#14349 = LINE('',#14350,#14351);
#14350 = CARTESIAN_POINT('',(2.087301952434,-16.46825775326));
#14351 = VECTOR('',#14352,1.);
#14352 = DIRECTION('',(-1.,0.));
#14353 = ( GEOMETRIC_REPRESENTATION_CONTEXT(2) 
PARAMETRIC_REPRESENTATION_CONTEXT() REPRESENTATION_CONTEXT('2D SPACE',''
  ) );
#14354 = PCURVE('',#13792,#14355);
#14355 = DEFINITIONAL_REPRESENTATION('',(#14356),#14360);
#14356 = LINE('',#14357,#14358);
#14357 = CARTESIAN_POINT('',(-0.,-10.));
#14358 = VECTOR('',#14359,1.);
#14359 = DIRECTION('',(-1.,0.));
#14360 = ( GEOMETRIC_REPRESENTATION_CONTEXT(2) 
PARAMETRIC_REPRESENTATION_CONTEXT() REPRESENTATION_CONTEXT('2D SPACE',''
  ) );
#14361 = ORIENTED_EDGE('',*,*,#14239,.F.);
#14362 = ORIENTED_EDGE('',*,*,#13688,.T.);
#14363 = ORIENTED_EDGE('',*,*,#14289,.T.);
#14364 = ORIENTED_EDGE('',*,*,#14365,.F.);
#14365 = EDGE_CURVE('',#14366,#14267,#14368,.T.);
#14366 = VERTEX_POINT('',#14367);
#14367 = CARTESIAN_POINT('',(0.286250162366,12.013687751667,10.));
#14368 = SURFACE_CURVE('',#14369,(#14374,#14381),.PCURVE_S1.);
#14369 = CIRCLE('',#14370,6.);
#14370 = AXIS2_PLACEMENT_3D('',#14371,#14372,#14373);
#14371 = CARTESIAN_POINT('',(6.2,11.,10.));
#14372 = DIRECTION('',(0.,-0.,1.));
#14373 = DIRECTION('',(-0.716616289341,0.69746762925,0.));
#14374 = PCURVE('',#13704,#14375);
#14375 = DEFINITIONAL_REPRESENTATION('',(#14376),#14380);
#14376 = CIRCLE('',#14377,6.);
#14377 = AXIS2_PLACEMENT_2D('',#14378,#14379);
#14378 = CARTESIAN_POINT('',(8.73019524339E-02,-4.468257753269));
#14379 = DIRECTION('',(-0.716616289341,0.69746762925));
#14380 = ( GEOMETRIC_REPRESENTATION_CONTEXT(2) 
PARAMETRIC_REPRESENTATION_CONTEXT() REPRESENTATION_CONTEXT('2D SPACE',''
  ) );
#14381 = PCURVE('',#13868,#14382);
#14382 = DEFINITIONAL_REPRESENTATION('',(#14383),#14387);
#14383 = LINE('',#14384,#14385);
#14384 = CARTESIAN_POINT('',(-7.05504290941,10.));
#14385 = VECTOR('',#14386,1.);
#14386 = DIRECTION('',(1.,-0.));
#14387 = ( GEOMETRIC_REPRESENTATION_CONTEXT(2) 
PARAMETRIC_REPRESENTATION_CONTEXT() REPRESENTATION_CONTEXT('2D SPACE',''
  ) );
#14388 = ORIENTED_EDGE('',*,*,#14389,.F.);
#14389 = EDGE_CURVE('',#14390,#14366,#14392,.T.);
#14390 = VERTEX_POINT('',#14391);
#14391 = CARTESIAN_POINT('',(2.172777295653,17.068583772414,10.));
#14392 = SURFACE_CURVE('',#14393,(#14398,#14409),.PCURVE_S1.);
#14393 = CIRCLE('',#14394,3.);
#14394 = AXIS2_PLACEMENT_3D('',#14395,#14396,#14397);
#14395 = CARTESIAN_POINT('',(0.,15.,10.));
#14396 = DIRECTION('',(0.,0.,-1.));
#14397 = DIRECTION('',(0.724259098551,0.689527924138,0.));
#14398 = PCURVE('',#13704,#14399);
#14399 = DEFINITIONAL_REPRESENTATION('',(#14400),#14408);
#14400 = ( BOUNDED_CURVE() B_SPLINE_CURVE(2,(#14401,#14402,#14403,#14404
    ,#14405,#14406,#14407),.UNSPECIFIED.,.T.,.F.) 
B_SPLINE_CURVE_WITH_KNOTS((1,2,2,2,2,1),(-2.094395102393,0.,
    2.094395102393,4.188790204786,6.28318530718,8.377580409573),
.UNSPECIFIED.) CURVE() GEOMETRIC_REPRESENTATION_ITEM() 
RATIONAL_B_SPLINE_CURVE((1.,0.5,1.,0.5,1.,0.5,1.)) REPRESENTATION_ITEM(
  '') );
#14401 = CARTESIAN_POINT('',(-3.939920751913,1.600326019146));
#14402 = CARTESIAN_POINT('',(-0.357028558379,-2.163034650457));
#14403 = CARTESIAN_POINT('',(-5.407640598625,-3.384229974277));
#14404 = CARTESIAN_POINT('',(-10.45825263887,-4.605425298097));
#14405 = CARTESIAN_POINT('',(-8.99053279216,0.379130695325));
#14406 = CARTESIAN_POINT('',(-7.522812945448,5.363686688748));
#14407 = CARTESIAN_POINT('',(-3.939920751913,1.600326019146));
#14408 = ( GEOMETRIC_REPRESENTATION_CONTEXT(2) 
PARAMETRIC_REPRESENTATION_CONTEXT() REPRESENTATION_CONTEXT('2D SPACE',''
  ) );
#14409 = PCURVE('',#13897,#14410);
#14410 = DEFINITIONAL_REPRESENTATION('',(#14411),#14415);
#14411 = LINE('',#14412,#14413);
#14412 = CARTESIAN_POINT('',(7.044022352296,100.));
#14413 = VECTOR('',#14414,1.);
#14414 = DIRECTION('',(-1.,-0.));
#14415 = ( GEOMETRIC_REPRESENTATION_CONTEXT(2) 
PARAMETRIC_REPRESENTATION_CONTEXT() REPRESENTATION_CONTEXT('2D SPACE',''
  ) );
#14416 = ORIENTED_EDGE('',*,*,#14417,.T.);
#14417 = EDGE_CURVE('',#14390,#14418,#14420,.T.);
#14418 = VERTEX_POINT('',#14419);
#14419 = CARTESIAN_POINT('',(3.32,25.,10.));
#14420 = SURFACE_CURVE('',#14421,(#14425,#14432),.PCURVE_S1.);
#14421 = LINE('',#14422,#14423);
#14422 = CARTESIAN_POINT('',(1.7,13.8,10.));
#14423 = VECTOR('',#14424,1.);
#14424 = DIRECTION('',(0.143153115763,0.989700553424,0.));
#14425 = PCURVE('',#13704,#14426);
#14426 = DEFINITIONAL_REPRESENTATION('',(#14427),#14431);
#14427 = LINE('',#14428,#14429);
#14428 = CARTESIAN_POINT('',(-4.412698047566,-1.668257753269));
#14429 = VECTOR('',#14430,1.);
#14430 = DIRECTION('',(0.143153115763,0.989700553424));
#14431 = ( GEOMETRIC_REPRESENTATION_CONTEXT(2) 
PARAMETRIC_REPRESENTATION_CONTEXT() REPRESENTATION_CONTEXT('2D SPACE',''
  ) );
#14432 = PCURVE('',#13925,#14433);
#14433 = DEFINITIONAL_REPRESENTATION('',(#14434),#14438);
#14434 = LINE('',#14435,#14436);
#14435 = CARTESIAN_POINT('',(-0.,-10.));
#14436 = VECTOR('',#14437,1.);
#14437 = DIRECTION('',(-1.,0.));
#14438 = ( GEOMETRIC_REPRESENTATION_CONTEXT(2) 
PARAMETRIC_REPRESENTATION_CONTEXT() REPRESENTATION_CONTEXT('2D SPACE',''
  ) );
#14439 = ORIENTED_EDGE('',*,*,#14440,.T.);
#14440 = EDGE_CURVE('',#14418,#14441,#14443,.T.);
#14441 = VERTEX_POINT('',#14442);
#14442 = CARTESIAN_POINT('',(5.68,34.6,10.));
#14443 = SURFACE_CURVE('',#14444,(#14448,#14455),.PCURVE_S1.);
#14444 = LINE('',#14445,#14446);
#14445 = CARTESIAN_POINT('',(3.32,25.,10.));
#14446 = VECTOR('',#14447,1.);
#14447 = DIRECTION('',(0.238725571858,0.971087071967,0.));
#14448 = PCURVE('',#13704,#14449);
#14449 = DEFINITIONAL_REPRESENTATION('',(#14450),#14454);
#14450 = LINE('',#14451,#14452);
#14451 = CARTESIAN_POINT('',(-2.792698047566,9.531742246731));
#14452 = VECTOR('',#14453,1.);
#14453 = DIRECTION('',(0.238725571858,0.971087071967));
#14454 = ( GEOMETRIC_REPRESENTATION_CONTEXT(2) 
PARAMETRIC_REPRESENTATION_CONTEXT() REPRESENTATION_CONTEXT('2D SPACE',''
  ) );
#14455 = PCURVE('',#13953,#14456);
#14456 = DEFINITIONAL_REPRESENTATION('',(#14457),#14461);
#14457 = LINE('',#14458,#14459);
#14458 = CARTESIAN_POINT('',(-0.,-10.));
#14459 = VECTOR('',#14460,1.);
#14460 = DIRECTION('',(-1.,0.));
#14461 = ( GEOMETRIC_REPRESENTATION_CONTEXT(2) 
PARAMETRIC_REPRESENTATION_CONTEXT() REPRESENTATION_CONTEXT('2D SPACE',''
  ) );
#14462 = ORIENTED_EDGE('',*,*,#14463,.T.);
#14463 = EDGE_CURVE('',#14441,#14464,#14466,.T.);
#14464 = VERTEX_POINT('',#14465);
#14465 = CARTESIAN_POINT('',(7.,34.2,10.));
#14466 = SURFACE_CURVE('',#14467,(#14471,#14478),.PCURVE_S1.);
#14467 = LINE('',#14468,#14469);
#14468 = CARTESIAN_POINT('',(5.68,34.6,10.));
#14469 = VECTOR('',#14470,1.);
#14470 = DIRECTION('',(0.957024404433,-0.290007395283,0.));
#14471 = PCURVE('',#13704,#14472);
#14472 = DEFINITIONAL_REPRESENTATION('',(#14473),#14477);
#14473 = LINE('',#14474,#14475);
#14474 = CARTESIAN_POINT('',(-0.432698047566,19.131742246731));
#14475 = VECTOR('',#14476,1.);
#14476 = DIRECTION('',(0.957024404433,-0.290007395283));
#14477 = ( GEOMETRIC_REPRESENTATION_CONTEXT(2) 
PARAMETRIC_REPRESENTATION_CONTEXT() REPRESENTATION_CONTEXT('2D SPACE',''
  ) );
#14478 = PCURVE('',#13981,#14479);
#14479 = DEFINITIONAL_REPRESENTATION('',(#14480),#14484);
#14480 = LINE('',#14481,#14482);
#14481 = CARTESIAN_POINT('',(-0.,-10.));
#14482 = VECTOR('',#14483,1.);
#14483 = DIRECTION('',(-1.,0.));
#14484 = ( GEOMETRIC_REPRESENTATION_CONTEXT(2) 
PARAMETRIC_REPRESENTATION_CONTEXT() REPRESENTATION_CONTEXT('2D SPACE',''
  ) );
#14485 = ORIENTED_EDGE('',*,*,#14486,.T.);
#14486 = EDGE_CURVE('',#14464,#14487,#14489,.T.);
#14487 = VERTEX_POINT('',#14488);
#14488 = CARTESIAN_POINT('',(11.591713902595,13.713891819192,10.));
#14489 = SURFACE_CURVE('',#14490,(#14494,#14501),.PCURVE_S1.);
#14490 = LINE('',#14491,#14492);
#14491 = CARTESIAN_POINT('',(7.,34.2,10.));
#14492 = VECTOR('',#14493,1.);
#14493 = DIRECTION('',(0.218711456917,-0.975789577016,0.));
#14494 = PCURVE('',#13704,#14495);
#14495 = DEFINITIONAL_REPRESENTATION('',(#14496),#14500);
#14496 = LINE('',#14497,#14498);
#14497 = CARTESIAN_POINT('',(0.887301952434,18.731742246731));
#14498 = VECTOR('',#14499,1.);
#14499 = DIRECTION('',(0.218711456917,-0.975789577016));
#14500 = ( GEOMETRIC_REPRESENTATION_CONTEXT(2) 
PARAMETRIC_REPRESENTATION_CONTEXT() REPRESENTATION_CONTEXT('2D SPACE',''
  ) );
#14501 = PCURVE('',#14009,#14502);
#14502 = DEFINITIONAL_REPRESENTATION('',(#14503),#14507);
#14503 = LINE('',#14504,#14505);
#14504 = CARTESIAN_POINT('',(-0.,-10.));
#14505 = VECTOR('',#14506,1.);
#14506 = DIRECTION('',(-1.,0.));
#14507 = ( GEOMETRIC_REPRESENTATION_CONTEXT(2) 
PARAMETRIC_REPRESENTATION_CONTEXT() REPRESENTATION_CONTEXT('2D SPACE',''
  ) );
#14508 = ORIENTED_EDGE('',*,*,#14509,.F.);
#14509 = EDGE_CURVE('',#14510,#14487,#14512,.T.);
#14510 = VERTEX_POINT('',#14511);
#14511 = CARTESIAN_POINT('',(11.684318614495,13.433567203654,10.));
#14512 = SURFACE_CURVE('',#14513,(#14518,#14529),.PCURVE_S1.);
#14513 = CIRCLE('',#14514,1.5);
#14514 = AXIS2_PLACEMENT_3D('',#14515,#14516,#14517);
#14515 = CARTESIAN_POINT('',(13.055398268119,14.041959004568,10.));
#14516 = DIRECTION('',(0.,0.,-1.));
#14517 = DIRECTION('',(0.,-1.,-0.));
#14518 = PCURVE('',#13704,#14519);
#14519 = DEFINITIONAL_REPRESENTATION('',(#14520),#14528);
#14520 = ( BOUNDED_CURVE() B_SPLINE_CURVE(2,(#14521,#14522,#14523,#14524
    ,#14525,#14526,#14527),.UNSPECIFIED.,.T.,.F.) 
B_SPLINE_CURVE_WITH_KNOTS((1,2,2,2,2,1),(-2.094395102393,0.,
    2.094395102393,4.188790204786,6.28318530718,8.377580409573),
.UNSPECIFIED.) CURVE() GEOMETRIC_REPRESENTATION_ITEM() 
RATIONAL_B_SPLINE_CURVE((1.,0.5,1.,0.5,1.,0.5,1.)) REPRESENTATION_ITEM(
  '') );
#14521 = CARTESIAN_POINT('',(6.942700220553,-2.926298748701));
#14522 = CARTESIAN_POINT('',(4.3446240092,-2.926298748701));
#14523 = CARTESIAN_POINT('',(5.643662114876,-0.676298748701));
#14524 = CARTESIAN_POINT('',(6.942700220553,1.573701251299));
#14525 = CARTESIAN_POINT('',(8.241738326229,-0.676298748701));
#14526 = CARTESIAN_POINT('',(9.540776431906,-2.926298748701));
#14527 = CARTESIAN_POINT('',(6.942700220553,-2.926298748701));
#14528 = ( GEOMETRIC_REPRESENTATION_CONTEXT(2) 
PARAMETRIC_REPRESENTATION_CONTEXT() REPRESENTATION_CONTEXT('2D SPACE',''
  ) );
#14529 = PCURVE('',#14042,#14530);
#14530 = DEFINITIONAL_REPRESENTATION('',(#14531),#14535);
#14531 = LINE('',#14532,#14533);
#14532 = CARTESIAN_POINT('',(1.153167152984,10.));
#14533 = VECTOR('',#14534,1.);
#14534 = DIRECTION('',(-1.,0.));
#14535 = ( GEOMETRIC_REPRESENTATION_CONTEXT(2) 
PARAMETRIC_REPRESENTATION_CONTEXT() REPRESENTATION_CONTEXT('2D SPACE',''
  ) );
#14536 = ORIENTED_EDGE('',*,*,#14537,.T.);
#14537 = EDGE_CURVE('',#14510,#14538,#14540,.T.);
#14538 = VERTEX_POINT('',#14539);
#14539 = CARTESIAN_POINT('',(10.3547432693,6.671246326457,10.));
#14540 = SURFACE_CURVE('',#14541,(#14546,#14557),.PCURVE_S1.);
#14541 = CIRCLE('',#14542,6.);
#14542 = AXIS2_PLACEMENT_3D('',#14543,#14544,#14545);
#14543 = CARTESIAN_POINT('',(6.2,11.,10.));
#14544 = DIRECTION('',(0.,0.,-1.));
#14545 = DIRECTION('',(0.904330597226,0.426832720068,0.));
#14546 = PCURVE('',#13704,#14547);
#14547 = DEFINITIONAL_REPRESENTATION('',(#14548),#14556);
#14548 = ( BOUNDED_CURVE() B_SPLINE_CURVE(2,(#14549,#14550,#14551,#14552
    ,#14553,#14554,#14555),.UNSPECIFIED.,.T.,.F.) 
B_SPLINE_CURVE_WITH_KNOTS((1,2,2,2,2,1),(-2.094395102393,0.,
    2.094395102393,4.188790204786,6.28318530718,8.377580409573),
.UNSPECIFIED.) CURVE() GEOMETRIC_REPRESENTATION_ITEM() 
RATIONAL_B_SPLINE_CURVE((1.,0.5,1.,0.5,1.,0.5,1.)) REPRESENTATION_ITEM(
  '') );
#14549 = CARTESIAN_POINT('',(5.513285535791,-1.907261432861));
#14550 = CARTESIAN_POINT('',(9.949061280733,-11.30534068027));
#14551 = CARTESIAN_POINT('',(-0.407801966773,-10.44779553717));
#14552 = CARTESIAN_POINT('',(-10.76466521428,-9.590250394083));
#14553 = CARTESIAN_POINT('',(-4.843577711716,-1.049716289768));
#14554 = CARTESIAN_POINT('',(1.077509790849,7.490817814548));
#14555 = CARTESIAN_POINT('',(5.513285535791,-1.907261432861));
#14556 = ( GEOMETRIC_REPRESENTATION_CONTEXT(2) 
PARAMETRIC_REPRESENTATION_CONTEXT() REPRESENTATION_CONTEXT('2D SPACE',''
  ) );
#14557 = PCURVE('',#14071,#14558);
#14558 = DEFINITIONAL_REPRESENTATION('',(#14559),#14563);
#14559 = LINE('',#14560,#14561);
#14560 = CARTESIAN_POINT('',(-2.700605130857,10.));
#14561 = VECTOR('',#14562,1.);
#14562 = DIRECTION('',(-1.,0.));
#14563 = ( GEOMETRIC_REPRESENTATION_CONTEXT(2) 
PARAMETRIC_REPRESENTATION_CONTEXT() REPRESENTATION_CONTEXT('2D SPACE',''
  ) );
#14564 = ORIENTED_EDGE('',*,*,#14565,.F.);
#14565 = EDGE_CURVE('',#14566,#14538,#14568,.T.);
#14566 = VERTEX_POINT('',#14567);
#14567 = CARTESIAN_POINT('',(9.938215336407,5.952861345626,10.));
#14568 = SURFACE_CURVE('',#14569,(#14574,#14585),.PCURVE_S1.);
#14569 = CIRCLE('',#14570,1.5);
#14570 = AXIS2_PLACEMENT_3D('',#14571,#14572,#14573);
#14571 = CARTESIAN_POINT('',(11.393429086625,5.589057908072,10.));
#14572 = DIRECTION('',(0.,0.,-1.));
#14573 = DIRECTION('',(0.,-1.,-0.));
#14574 = PCURVE('',#13704,#14575);
#14575 = DEFINITIONAL_REPRESENTATION('',(#14576),#14584);
#14576 = ( BOUNDED_CURVE() B_SPLINE_CURVE(2,(#14577,#14578,#14579,#14580
    ,#14581,#14582,#14583),.UNSPECIFIED.,.T.,.F.) 
B_SPLINE_CURVE_WITH_KNOTS((1,2,2,2,2,1),(-2.094395102393,0.,
    2.094395102393,4.188790204786,6.28318530718,8.377580409573),
.UNSPECIFIED.) CURVE() GEOMETRIC_REPRESENTATION_ITEM() 
RATIONAL_B_SPLINE_CURVE((1.,0.5,1.,0.5,1.,0.5,1.)) REPRESENTATION_ITEM(
  '') );
#14577 = CARTESIAN_POINT('',(5.280731039058,-11.37919984519));
#14578 = CARTESIAN_POINT('',(2.682654827705,-11.37919984519));
#14579 = CARTESIAN_POINT('',(3.981692933382,-9.129199845197));
#14580 = CARTESIAN_POINT('',(5.280731039058,-6.879199845197));
#14581 = CARTESIAN_POINT('',(6.579769144735,-9.129199845197));
#14582 = CARTESIAN_POINT('',(7.878807250412,-11.37919984519));
#14583 = CARTESIAN_POINT('',(5.280731039058,-11.37919984519));
#14584 = ( GEOMETRIC_REPRESENTATION_CONTEXT(2) 
PARAMETRIC_REPRESENTATION_CONTEXT() REPRESENTATION_CONTEXT('2D SPACE',''
  ) );
#14585 = PCURVE('',#14104,#14586);
#14586 = DEFINITIONAL_REPRESENTATION('',(#14587),#14591);
#14587 = LINE('',#14588,#14589);
#14588 = CARTESIAN_POINT('',(1.815774989922,10.));
#14589 = VECTOR('',#14590,1.);
#14590 = DIRECTION('',(-1.,0.));
#14591 = ( GEOMETRIC_REPRESENTATION_CONTEXT(2) 
PARAMETRIC_REPRESENTATION_CONTEXT() REPRESENTATION_CONTEXT('2D SPACE',''
  ) );
#14592 = ORIENTED_EDGE('',*,*,#14593,.T.);
#14593 = EDGE_CURVE('',#14566,#14318,#14594,.T.);
#14594 = SURFACE_CURVE('',#14595,(#14599,#14606),.PCURVE_S1.);
#14595 = LINE('',#14596,#14597);
#14596 = CARTESIAN_POINT('',(10.4,7.8,10.));
#14597 = VECTOR('',#14598,1.);
#14598 = DIRECTION('',(-0.242535625036,-0.970142500145,-0.));
#14599 = PCURVE('',#13704,#14600);
#14600 = DEFINITIONAL_REPRESENTATION('',(#14601),#14605);
#14601 = LINE('',#14602,#14603);
#14602 = CARTESIAN_POINT('',(4.287301952434,-7.668257753269));
#14603 = VECTOR('',#14604,1.);
#14604 = DIRECTION('',(-0.242535625036,-0.970142500145));
#14605 = ( GEOMETRIC_REPRESENTATION_CONTEXT(2) 
PARAMETRIC_REPRESENTATION_CONTEXT() REPRESENTATION_CONTEXT('2D SPACE',''
  ) );
#14606 = PCURVE('',#14130,#14607);
#14607 = DEFINITIONAL_REPRESENTATION('',(#14608),#14612);
#14608 = LINE('',#14609,#14610);
#14609 = CARTESIAN_POINT('',(-0.,-10.));
#14610 = VECTOR('',#14611,1.);
#14611 = DIRECTION('',(-1.,0.));
#14612 = ( GEOMETRIC_REPRESENTATION_CONTEXT(2) 
PARAMETRIC_REPRESENTATION_CONTEXT() REPRESENTATION_CONTEXT('2D SPACE',''
  ) );
#14613 = FACE_BOUND('',#14614,.F.);
#14614 = EDGE_LOOP('',(#14615));
#14615 = ORIENTED_EDGE('',*,*,#14616,.F.);
#14616 = EDGE_CURVE('',#14617,#14617,#14619,.T.);
#14617 = VERTEX_POINT('',#14618);
#14618 = CARTESIAN_POINT('',(3.6,3.,10.));
#14619 = SURFACE_CURVE('',#14620,(#14625,#14636),.PCURVE_S1.);
#14620 = CIRCLE('',#14621,1.6);
#14621 = AXIS2_PLACEMENT_3D('',#14622,#14623,#14624);
#14622 = CARTESIAN_POINT('',(5.2,3.,10.));
#14623 = DIRECTION('',(0.,0.,-1.));
#14624 = DIRECTION('',(-1.,0.,-0.));
#14625 = PCURVE('',#13704,#14626);
#14626 = DEFINITIONAL_REPRESENTATION('',(#14627),#14635);
#14627 = ( BOUNDED_CURVE() B_SPLINE_CURVE(2,(#14628,#14629,#14630,#14631
    ,#14632,#14633,#14634),.UNSPECIFIED.,.T.,.F.) 
B_SPLINE_CURVE_WITH_KNOTS((1,2,2,2,2,1),(-2.094395102393,0.,
    2.094395102393,4.188790204786,6.28318530718,8.377580409573),
.UNSPECIFIED.) CURVE() GEOMETRIC_REPRESENTATION_ITEM() 
RATIONAL_B_SPLINE_CURVE((1.,0.5,1.,0.5,1.,0.5,1.)) REPRESENTATION_ITEM(
  '') );
#14628 = CARTESIAN_POINT('',(-2.512698047566,-12.46825775326));
#14629 = CARTESIAN_POINT('',(-2.512698047566,-9.696976461159));
#14630 = CARTESIAN_POINT('',(-0.112698047566,-11.08261710721));
#14631 = CARTESIAN_POINT('',(2.287301952434,-12.46825775326));
#14632 = CARTESIAN_POINT('',(-0.112698047566,-13.85389839932));
#14633 = CARTESIAN_POINT('',(-2.512698047566,-15.23953904537));
#14634 = CARTESIAN_POINT('',(-2.512698047566,-12.46825775326));
#14635 = ( GEOMETRIC_REPRESENTATION_CONTEXT(2) 
PARAMETRIC_REPRESENTATION_CONTEXT() REPRESENTATION_CONTEXT('2D SPACE',''
  ) );
#14636 = PCURVE('',#14165,#14637);
#14637 = DEFINITIONAL_REPRESENTATION('',(#14638),#14642);
#14638 = LINE('',#14639,#14640);
#14639 = CARTESIAN_POINT('',(-0.,19.));
#14640 = VECTOR('',#14641,1.);
#14641 = DIRECTION('',(-1.,0.));
#14642 = ( GEOMETRIC_REPRESENTATION_CONTEXT(2) 
PARAMETRIC_REPRESENTATION_CONTEXT() REPRESENTATION_CONTEXT('2D SPACE',''
  ) );
#14643 = FACE_BOUND('',#14644,.F.);
#14644 = EDGE_LOOP('',(#14645));
#14645 = ORIENTED_EDGE('',*,*,#14646,.F.);
#14646 = EDGE_CURVE('',#14647,#14647,#14649,.T.);
#14647 = VERTEX_POINT('',#14648);
#14648 = CARTESIAN_POINT('',(3.1,11.,10.));
#14649 = SURFACE_CURVE('',#14650,(#14655,#14666),.PCURVE_S1.);
#14650 = CIRCLE('',#14651,3.1);
#14651 = AXIS2_PLACEMENT_3D('',#14652,#14653,#14654);
#14652 = CARTESIAN_POINT('',(6.2,11.,10.));
#14653 = DIRECTION('',(0.,0.,-1.));
#14654 = DIRECTION('',(-1.,0.,-0.));
#14655 = PCURVE('',#13704,#14656);
#14656 = DEFINITIONAL_REPRESENTATION('',(#14657),#14665);
#14657 = ( BOUNDED_CURVE() B_SPLINE_CURVE(2,(#14658,#14659,#14660,#14661
    ,#14662,#14663,#14664),.UNSPECIFIED.,.T.,.F.) 
B_SPLINE_CURVE_WITH_KNOTS((1,2,2,2,2,1),(-2.094395102393,0.,
    2.094395102393,4.188790204786,6.28318530718,8.377580409573),
.UNSPECIFIED.) CURVE() GEOMETRIC_REPRESENTATION_ITEM() 
RATIONAL_B_SPLINE_CURVE((1.,0.5,1.,0.5,1.,0.5,1.)) REPRESENTATION_ITEM(
  '') );
#14658 = CARTESIAN_POINT('',(-3.012698047566,-4.468257753269));
#14659 = CARTESIAN_POINT('',(-3.012698047566,0.901099750195));
#14660 = CARTESIAN_POINT('',(1.637301952434,-1.783579001537));
#14661 = CARTESIAN_POINT('',(6.287301952434,-4.468257753269));
#14662 = CARTESIAN_POINT('',(1.637301952434,-7.152936505));
#14663 = CARTESIAN_POINT('',(-3.012698047566,-9.837615256732));
#14664 = CARTESIAN_POINT('',(-3.012698047566,-4.468257753269));
#14665 = ( GEOMETRIC_REPRESENTATION_CONTEXT(2) 
PARAMETRIC_REPRESENTATION_CONTEXT() REPRESENTATION_CONTEXT('2D SPACE',''
  ) );
#14666 = PCURVE('',#14667,#14672);
#14667 = CYLINDRICAL_SURFACE('',#14668,3.1);
#14668 = AXIS2_PLACEMENT_3D('',#14669,#14670,#14671);
#14669 = CARTESIAN_POINT('',(6.2,11.,7.5));
#14670 = DIRECTION('',(0.,0.,1.));
#14671 = DIRECTION('',(-1.,-0.,-0.));
#14672 = DEFINITIONAL_REPRESENTATION('',(#14673),#14677);
#14673 = LINE('',#14674,#14675);
#14674 = CARTESIAN_POINT('',(-0.,2.5));
#14675 = VECTOR('',#14676,1.);
#14676 = DIRECTION('',(-1.,0.));
#14677 = ( GEOMETRIC_REPRESENTATION_CONTEXT(2) 
PARAMETRIC_REPRESENTATION_CONTEXT() REPRESENTATION_CONTEXT('2D SPACE',''
  ) );
#14678 = ADVANCED_FACE('',(#14679),#13764,.T.);
#14679 = FACE_BOUND('',#14680,.T.);
#14680 = EDGE_LOOP('',(#14681,#14682,#14703,#14704));
#14681 = ORIENTED_EDGE('',*,*,#13745,.T.);
#14682 = ORIENTED_EDGE('',*,*,#14683,.T.);
#14683 = EDGE_CURVE('',#13748,#14318,#14684,.T.);
#14684 = SURFACE_CURVE('',#14685,(#14689,#14696),.PCURVE_S1.);
#14685 = LINE('',#14686,#14687);
#14686 = CARTESIAN_POINT('',(8.484049140611,0.136196562445,0.));
#14687 = VECTOR('',#14688,1.);
#14688 = DIRECTION('',(0.,-0.,1.));
#14689 = PCURVE('',#13764,#14690);
#14690 = DEFINITIONAL_REPRESENTATION('',(#14691),#14695);
#14691 = LINE('',#14692,#14693);
#14692 = CARTESIAN_POINT('',(1.325817663668,0.));
#14693 = VECTOR('',#14694,1.);
#14694 = DIRECTION('',(0.,1.));
#14695 = ( GEOMETRIC_REPRESENTATION_CONTEXT(2) 
PARAMETRIC_REPRESENTATION_CONTEXT() REPRESENTATION_CONTEXT('2D SPACE',''
  ) );
#14696 = PCURVE('',#14130,#14697);
#14697 = DEFINITIONAL_REPRESENTATION('',(#14698),#14702);
#14698 = LINE('',#14699,#14700);
#14699 = CARTESIAN_POINT('',(-7.899667766752,0.));
#14700 = VECTOR('',#14701,1.);
#14701 = DIRECTION('',(-0.,-1.));
#14702 = ( GEOMETRIC_REPRESENTATION_CONTEXT(2) 
PARAMETRIC_REPRESENTATION_CONTEXT() REPRESENTATION_CONTEXT('2D SPACE',''
  ) );
#14703 = ORIENTED_EDGE('',*,*,#14315,.F.);
#14704 = ORIENTED_EDGE('',*,*,#14705,.F.);
#14705 = EDGE_CURVE('',#13746,#14316,#14706,.T.);
#14706 = SURFACE_CURVE('',#14707,(#14711,#14718),.PCURVE_S1.);
#14707 = LINE('',#14708,#14709);
#14708 = CARTESIAN_POINT('',(7.028835390393,-1.,0.));
#14709 = VECTOR('',#14710,1.);
#14710 = DIRECTION('',(0.,-0.,1.));
#14711 = PCURVE('',#13764,#14712);
#14712 = DEFINITIONAL_REPRESENTATION('',(#14713),#14717);
#14713 = LINE('',#14714,#14715);
#14714 = CARTESIAN_POINT('',(0.,0.));
#14715 = VECTOR('',#14716,1.);
#14716 = DIRECTION('',(0.,1.));
#14717 = ( GEOMETRIC_REPRESENTATION_CONTEXT(2) 
PARAMETRIC_REPRESENTATION_CONTEXT() REPRESENTATION_CONTEXT('2D SPACE',''
  ) );
#14718 = PCURVE('',#13792,#14719);
#14719 = DEFINITIONAL_REPRESENTATION('',(#14720),#14724);
#14720 = LINE('',#14721,#14722);
#14721 = CARTESIAN_POINT('',(-1.171164609607,0.));
#14722 = VECTOR('',#14723,1.);
#14723 = DIRECTION('',(-0.,-1.));
#14724 = ( GEOMETRIC_REPRESENTATION_CONTEXT(2) 
PARAMETRIC_REPRESENTATION_CONTEXT() REPRESENTATION_CONTEXT('2D SPACE',''
  ) );
#14725 = ADVANCED_FACE('',(#14726),#14130,.F.);
#14726 = FACE_BOUND('',#14727,.T.);
#14727 = EDGE_LOOP('',(#14728,#14729,#14750,#14751));
#14728 = ORIENTED_EDGE('',*,*,#14116,.F.);
#14729 = ORIENTED_EDGE('',*,*,#14730,.T.);
#14730 = EDGE_CURVE('',#14084,#14566,#14731,.T.);
#14731 = SURFACE_CURVE('',#14732,(#14736,#14743),.PCURVE_S1.);
#14732 = LINE('',#14733,#14734);
#14733 = CARTESIAN_POINT('',(9.938215336407,5.952861345626,0.));
#14734 = VECTOR('',#14735,1.);
#14735 = DIRECTION('',(0.,-0.,1.));
#14736 = PCURVE('',#14130,#14737);
#14737 = DEFINITIONAL_REPRESENTATION('',(#14738),#14742);
#14738 = LINE('',#14739,#14740);
#14739 = CARTESIAN_POINT('',(-1.903986944286,0.));
#14740 = VECTOR('',#14741,1.);
#14741 = DIRECTION('',(-0.,-1.));
#14742 = ( GEOMETRIC_REPRESENTATION_CONTEXT(2) 
PARAMETRIC_REPRESENTATION_CONTEXT() REPRESENTATION_CONTEXT('2D SPACE',''
  ) );
#14743 = PCURVE('',#14104,#14744);
#14744 = DEFINITIONAL_REPRESENTATION('',(#14745),#14749);
#14745 = LINE('',#14746,#14747);
#14746 = CARTESIAN_POINT('',(-0.,0.));
#14747 = VECTOR('',#14748,1.);
#14748 = DIRECTION('',(-0.,1.));
#14749 = ( GEOMETRIC_REPRESENTATION_CONTEXT(2) 
PARAMETRIC_REPRESENTATION_CONTEXT() REPRESENTATION_CONTEXT('2D SPACE',''
  ) );
#14750 = ORIENTED_EDGE('',*,*,#14593,.T.);
#14751 = ORIENTED_EDGE('',*,*,#14683,.F.);
#14752 = ADVANCED_FACE('',(#14753),#14104,.F.);
#14753 = FACE_BOUND('',#14754,.T.);
#14754 = EDGE_LOOP('',(#14755,#14756,#14777,#14778));
#14755 = ORIENTED_EDGE('',*,*,#14083,.T.);
#14756 = ORIENTED_EDGE('',*,*,#14757,.T.);
#14757 = EDGE_CURVE('',#14055,#14538,#14758,.T.);
#14758 = SURFACE_CURVE('',#14759,(#14763,#14770),.PCURVE_S1.);
#14759 = LINE('',#14760,#14761);
#14760 = CARTESIAN_POINT('',(10.3547432693,6.671246326457,0.));
#14761 = VECTOR('',#14762,1.);
#14762 = DIRECTION('',(0.,-0.,1.));
#14763 = PCURVE('',#14104,#14764);
#14764 = DEFINITIONAL_REPRESENTATION('',(#14765),#14769);
#14765 = LINE('',#14766,#14767);
#14766 = CARTESIAN_POINT('',(-0.560928260742,0.));
#14767 = VECTOR('',#14768,1.);
#14768 = DIRECTION('',(-0.,1.));
#14769 = ( GEOMETRIC_REPRESENTATION_CONTEXT(2) 
PARAMETRIC_REPRESENTATION_CONTEXT() REPRESENTATION_CONTEXT('2D SPACE',''
  ) );
#14770 = PCURVE('',#14071,#14771);
#14771 = DEFINITIONAL_REPRESENTATION('',(#14772),#14776);
#14772 = LINE('',#14773,#14774);
#14773 = CARTESIAN_POINT('',(-3.947499577459,0.));
#14774 = VECTOR('',#14775,1.);
#14775 = DIRECTION('',(-0.,1.));
#14776 = ( GEOMETRIC_REPRESENTATION_CONTEXT(2) 
PARAMETRIC_REPRESENTATION_CONTEXT() REPRESENTATION_CONTEXT('2D SPACE',''
  ) );
#14777 = ORIENTED_EDGE('',*,*,#14565,.F.);
#14778 = ORIENTED_EDGE('',*,*,#14730,.F.);
#14779 = ADVANCED_FACE('',(#14780),#14071,.T.);
#14780 = FACE_BOUND('',#14781,.F.);
#14781 = EDGE_LOOP('',(#14782,#14783,#14804,#14805));
#14782 = ORIENTED_EDGE('',*,*,#14537,.F.);
#14783 = ORIENTED_EDGE('',*,*,#14784,.F.);
#14784 = EDGE_CURVE('',#14022,#14510,#14785,.T.);
#14785 = SURFACE_CURVE('',#14786,(#14790,#14797),.PCURVE_S1.);
#14786 = LINE('',#14787,#14788);
#14787 = CARTESIAN_POINT('',(11.684318614495,13.433567203654,0.));
#14788 = VECTOR('',#14789,1.);
#14789 = DIRECTION('',(0.,-0.,1.));
#14790 = PCURVE('',#14071,#14791);
#14791 = DEFINITIONAL_REPRESENTATION('',(#14792),#14796);
#14792 = LINE('',#14793,#14794);
#14793 = CARTESIAN_POINT('',(-2.723963479778,0.));
#14794 = VECTOR('',#14795,1.);
#14795 = DIRECTION('',(-0.,1.));
#14796 = ( GEOMETRIC_REPRESENTATION_CONTEXT(2) 
PARAMETRIC_REPRESENTATION_CONTEXT() REPRESENTATION_CONTEXT('2D SPACE',''
  ) );
#14797 = PCURVE('',#14042,#14798);
#14798 = DEFINITIONAL_REPRESENTATION('',(#14799),#14803);
#14799 = LINE('',#14800,#14801);
#14800 = CARTESIAN_POINT('',(-0.,0.));
#14801 = VECTOR('',#14802,1.);
#14802 = DIRECTION('',(-0.,1.));
#14803 = ( GEOMETRIC_REPRESENTATION_CONTEXT(2) 
PARAMETRIC_REPRESENTATION_CONTEXT() REPRESENTATION_CONTEXT('2D SPACE',''
  ) );
#14804 = ORIENTED_EDGE('',*,*,#14054,.F.);
#14805 = ORIENTED_EDGE('',*,*,#14757,.T.);
#14806 = ADVANCED_FACE('',(#14807),#14042,.F.);
#14807 = FACE_BOUND('',#14808,.T.);
#14808 = EDGE_LOOP('',(#14809,#14810,#14831,#14832));
#14809 = ORIENTED_EDGE('',*,*,#14021,.T.);
#14810 = ORIENTED_EDGE('',*,*,#14811,.T.);
#14811 = EDGE_CURVE('',#13994,#14487,#14812,.T.);
#14812 = SURFACE_CURVE('',#14813,(#14817,#14824),.PCURVE_S1.);
#14813 = LINE('',#14814,#14815);
#14814 = CARTESIAN_POINT('',(11.591713902595,13.713891819192,0.));
#14815 = VECTOR('',#14816,1.);
#14816 = DIRECTION('',(0.,-0.,1.));
#14817 = PCURVE('',#14042,#14818);
#14818 = DEFINITIONAL_REPRESENTATION('',(#14819),#14823);
#14819 = LINE('',#14820,#14821);
#14820 = CARTESIAN_POINT('',(-0.197135412445,0.));
#14821 = VECTOR('',#14822,1.);
#14822 = DIRECTION('',(-0.,1.));
#14823 = ( GEOMETRIC_REPRESENTATION_CONTEXT(2) 
PARAMETRIC_REPRESENTATION_CONTEXT() REPRESENTATION_CONTEXT('2D SPACE',''
  ) );
#14824 = PCURVE('',#14009,#14825);
#14825 = DEFINITIONAL_REPRESENTATION('',(#14826),#14830);
#14826 = LINE('',#14827,#14828);
#14827 = CARTESIAN_POINT('',(-20.99439127383,0.));
#14828 = VECTOR('',#14829,1.);
#14829 = DIRECTION('',(-0.,-1.));
#14830 = ( GEOMETRIC_REPRESENTATION_CONTEXT(2) 
PARAMETRIC_REPRESENTATION_CONTEXT() REPRESENTATION_CONTEXT('2D SPACE',''
  ) );
#14831 = ORIENTED_EDGE('',*,*,#14509,.F.);
#14832 = ORIENTED_EDGE('',*,*,#14784,.F.);
#14833 = ADVANCED_FACE('',(#14834),#14009,.F.);
#14834 = FACE_BOUND('',#14835,.T.);
#14835 = EDGE_LOOP('',(#14836,#14837,#14858,#14859));
#14836 = ORIENTED_EDGE('',*,*,#13993,.F.);
#14837 = ORIENTED_EDGE('',*,*,#14838,.T.);
#14838 = EDGE_CURVE('',#13966,#14464,#14839,.T.);
#14839 = SURFACE_CURVE('',#14840,(#14844,#14851),.PCURVE_S1.);
#14840 = LINE('',#14841,#14842);
#14841 = CARTESIAN_POINT('',(7.,34.2,0.));
#14842 = VECTOR('',#14843,1.);
#14843 = DIRECTION('',(0.,-0.,1.));
#14844 = PCURVE('',#14009,#14845);
#14845 = DEFINITIONAL_REPRESENTATION('',(#14846),#14850);
#14846 = LINE('',#14847,#14848);
#14847 = CARTESIAN_POINT('',(-0.,-0.));
#14848 = VECTOR('',#14849,1.);
#14849 = DIRECTION('',(-0.,-1.));
#14850 = ( GEOMETRIC_REPRESENTATION_CONTEXT(2) 
PARAMETRIC_REPRESENTATION_CONTEXT() REPRESENTATION_CONTEXT('2D SPACE',''
  ) );
#14851 = PCURVE('',#13981,#14852);
#14852 = DEFINITIONAL_REPRESENTATION('',(#14853),#14857);
#14853 = LINE('',#14854,#14855);
#14854 = CARTESIAN_POINT('',(-1.379275171965,0.));
#14855 = VECTOR('',#14856,1.);
#14856 = DIRECTION('',(-0.,-1.));
#14857 = ( GEOMETRIC_REPRESENTATION_CONTEXT(2) 
PARAMETRIC_REPRESENTATION_CONTEXT() REPRESENTATION_CONTEXT('2D SPACE',''
  ) );
#14858 = ORIENTED_EDGE('',*,*,#14486,.T.);
#14859 = ORIENTED_EDGE('',*,*,#14811,.F.);
#14860 = ADVANCED_FACE('',(#14861),#13981,.F.);
#14861 = FACE_BOUND('',#14862,.T.);
#14862 = EDGE_LOOP('',(#14863,#14884,#14885,#14886));
#14863 = ORIENTED_EDGE('',*,*,#14864,.T.);
#14864 = EDGE_CURVE('',#13938,#14441,#14865,.T.);
#14865 = SURFACE_CURVE('',#14866,(#14870,#14877),.PCURVE_S1.);
#14866 = LINE('',#14867,#14868);
#14867 = CARTESIAN_POINT('',(5.68,34.6,0.));
#14868 = VECTOR('',#14869,1.);
#14869 = DIRECTION('',(0.,-0.,1.));
#14870 = PCURVE('',#13981,#14871);
#14871 = DEFINITIONAL_REPRESENTATION('',(#14872),#14876);
#14872 = LINE('',#14873,#14874);
#14873 = CARTESIAN_POINT('',(-0.,-0.));
#14874 = VECTOR('',#14875,1.);
#14875 = DIRECTION('',(-0.,-1.));
#14876 = ( GEOMETRIC_REPRESENTATION_CONTEXT(2) 
PARAMETRIC_REPRESENTATION_CONTEXT() REPRESENTATION_CONTEXT('2D SPACE',''
  ) );
#14877 = PCURVE('',#13953,#14878);
#14878 = DEFINITIONAL_REPRESENTATION('',(#14879),#14883);
#14879 = LINE('',#14880,#14881);
#14880 = CARTESIAN_POINT('',(-9.885828240466,0.));
#14881 = VECTOR('',#14882,1.);
#14882 = DIRECTION('',(-0.,-1.));
#14883 = ( GEOMETRIC_REPRESENTATION_CONTEXT(2) 
PARAMETRIC_REPRESENTATION_CONTEXT() REPRESENTATION_CONTEXT('2D SPACE',''
  ) );
#14884 = ORIENTED_EDGE('',*,*,#14463,.T.);
#14885 = ORIENTED_EDGE('',*,*,#14838,.F.);
#14886 = ORIENTED_EDGE('',*,*,#13965,.F.);
#14887 = ADVANCED_FACE('',(#14888),#13953,.F.);
#14888 = FACE_BOUND('',#14889,.T.);
#14889 = EDGE_LOOP('',(#14890,#14911,#14912,#14913));
#14890 = ORIENTED_EDGE('',*,*,#14891,.T.);
#14891 = EDGE_CURVE('',#13910,#14418,#14892,.T.);
#14892 = SURFACE_CURVE('',#14893,(#14897,#14904),.PCURVE_S1.);
#14893 = LINE('',#14894,#14895);
#14894 = CARTESIAN_POINT('',(3.32,25.,0.));
#14895 = VECTOR('',#14896,1.);
#14896 = DIRECTION('',(0.,-0.,1.));
#14897 = PCURVE('',#13953,#14898);
#14898 = DEFINITIONAL_REPRESENTATION('',(#14899),#14903);
#14899 = LINE('',#14900,#14901);
#14900 = CARTESIAN_POINT('',(-0.,0.));
#14901 = VECTOR('',#14902,1.);
#14902 = DIRECTION('',(-0.,-1.));
#14903 = ( GEOMETRIC_REPRESENTATION_CONTEXT(2) 
PARAMETRIC_REPRESENTATION_CONTEXT() REPRESENTATION_CONTEXT('2D SPACE',''
  ) );
#14904 = PCURVE('',#13925,#14905);
#14905 = DEFINITIONAL_REPRESENTATION('',(#14906),#14910);
#14906 = LINE('',#14907,#14908);
#14907 = CARTESIAN_POINT('',(-11.31655424588,0.));
#14908 = VECTOR('',#14909,1.);
#14909 = DIRECTION('',(-0.,-1.));
#14910 = ( GEOMETRIC_REPRESENTATION_CONTEXT(2) 
PARAMETRIC_REPRESENTATION_CONTEXT() REPRESENTATION_CONTEXT('2D SPACE',''
  ) );
#14911 = ORIENTED_EDGE('',*,*,#14440,.T.);
#14912 = ORIENTED_EDGE('',*,*,#14864,.F.);
#14913 = ORIENTED_EDGE('',*,*,#13937,.F.);
#14914 = ADVANCED_FACE('',(#14915),#13925,.F.);
#14915 = FACE_BOUND('',#14916,.T.);
#14916 = EDGE_LOOP('',(#14917,#14918,#14937,#14938));
#14917 = ORIENTED_EDGE('',*,*,#13909,.F.);
#14918 = ORIENTED_EDGE('',*,*,#14919,.T.);
#14919 = EDGE_CURVE('',#13881,#14390,#14920,.T.);
#14920 = SURFACE_CURVE('',#14921,(#14925,#14931),.PCURVE_S1.);
#14921 = LINE('',#14922,#14923);
#14922 = CARTESIAN_POINT('',(2.172777295653,17.068583772414,-90.));
#14923 = VECTOR('',#14924,1.);
#14924 = DIRECTION('',(0.,0.,1.));
#14925 = PCURVE('',#13925,#14926);
#14926 = DEFINITIONAL_REPRESENTATION('',(#14927),#14930);
#14927 = B_SPLINE_CURVE_WITH_KNOTS('',1,(#14928,#14929),.UNSPECIFIED.,
  .F.,.F.,(2,2),(89.,100.0000006),.PIECEWISE_BEZIER_KNOTS.);
#14928 = CARTESIAN_POINT('',(-3.302598711405,1.));
#14929 = CARTESIAN_POINT('',(-3.302598711405,-10.0000006));
#14930 = ( GEOMETRIC_REPRESENTATION_CONTEXT(2) 
PARAMETRIC_REPRESENTATION_CONTEXT() REPRESENTATION_CONTEXT('2D SPACE',''
  ) );
#14931 = PCURVE('',#13897,#14932);
#14932 = DEFINITIONAL_REPRESENTATION('',(#14933),#14936);
#14933 = B_SPLINE_CURVE_WITH_KNOTS('',1,(#14934,#14935),.UNSPECIFIED.,
  .F.,.F.,(2,2),(90.,100.),.PIECEWISE_BEZIER_KNOTS.);
#14934 = CARTESIAN_POINT('',(7.044022352296,90.));
#14935 = CARTESIAN_POINT('',(7.044022352296,100.));
#14936 = ( GEOMETRIC_REPRESENTATION_CONTEXT(2) 
PARAMETRIC_REPRESENTATION_CONTEXT() REPRESENTATION_CONTEXT('2D SPACE',''
  ) );
#14937 = ORIENTED_EDGE('',*,*,#14417,.T.);
#14938 = ORIENTED_EDGE('',*,*,#14891,.F.);
#14939 = ADVANCED_FACE('',(#14940),#13897,.F.);
#14940 = FACE_BOUND('',#14941,.F.);
#14941 = EDGE_LOOP('',(#14942,#14943,#14962,#14963));
#14942 = ORIENTED_EDGE('',*,*,#14389,.T.);
#14943 = ORIENTED_EDGE('',*,*,#14944,.F.);
#14944 = EDGE_CURVE('',#13852,#14366,#14945,.T.);
#14945 = SURFACE_CURVE('',#14946,(#14950,#14956),.PCURVE_S1.);
#14946 = LINE('',#14947,#14948);
#14947 = CARTESIAN_POINT('',(0.286250162366,12.013687751667,0.));
#14948 = VECTOR('',#14949,1.);
#14949 = DIRECTION('',(0.,-0.,1.));
#14950 = PCURVE('',#13897,#14951);
#14951 = DEFINITIONAL_REPRESENTATION('',(#14952),#14955);
#14952 = B_SPLINE_CURVE_WITH_KNOTS('',1,(#14953,#14954),.UNSPECIFIED.,
  .F.,.F.,(2,2),(0.,10.),.PIECEWISE_BEZIER_KNOTS.);
#14953 = CARTESIAN_POINT('',(4.807951082131,90.));
#14954 = CARTESIAN_POINT('',(4.807951082131,100.));
#14955 = ( GEOMETRIC_REPRESENTATION_CONTEXT(2) 
PARAMETRIC_REPRESENTATION_CONTEXT() REPRESENTATION_CONTEXT('2D SPACE',''
  ) );
#14956 = PCURVE('',#13868,#14957);
#14957 = DEFINITIONAL_REPRESENTATION('',(#14958),#14961);
#14958 = B_SPLINE_CURVE_WITH_KNOTS('',1,(#14959,#14960),.UNSPECIFIED.,
  .F.,.F.,(2,2),(-6.E-07,10.0000006),.PIECEWISE_BEZIER_KNOTS.);
#14959 = CARTESIAN_POINT('',(-6.452947493364,-6.E-07));
#14960 = CARTESIAN_POINT('',(-6.452947493364,10.0000006));
#14961 = ( GEOMETRIC_REPRESENTATION_CONTEXT(2) 
PARAMETRIC_REPRESENTATION_CONTEXT() REPRESENTATION_CONTEXT('2D SPACE',''
  ) );
#14962 = ORIENTED_EDGE('',*,*,#13880,.T.);
#14963 = ORIENTED_EDGE('',*,*,#14919,.T.);
#14964 = ADVANCED_FACE('',(#14965),#13868,.T.);
#14965 = FACE_BOUND('',#14966,.F.);
#14966 = EDGE_LOOP('',(#14967,#14968,#14969,#14970));
#14967 = ORIENTED_EDGE('',*,*,#13851,.F.);
#14968 = ORIENTED_EDGE('',*,*,#14944,.T.);
#14969 = ORIENTED_EDGE('',*,*,#14365,.T.);
#14970 = ORIENTED_EDGE('',*,*,#14266,.F.);
#14971 = ADVANCED_FACE('',(#14972),#13792,.F.);
#14972 = FACE_BOUND('',#14973,.T.);
#14973 = EDGE_LOOP('',(#14974,#14975,#14976,#14977));
#14974 = ORIENTED_EDGE('',*,*,#13776,.F.);
#14975 = ORIENTED_EDGE('',*,*,#14705,.T.);
#14976 = ORIENTED_EDGE('',*,*,#14341,.T.);
#14977 = ORIENTED_EDGE('',*,*,#14216,.F.);
#14978 = ADVANCED_FACE('',(#14979),#14165,.F.);
#14979 = FACE_BOUND('',#14980,.T.);
#14980 = EDGE_LOOP('',(#14981,#14982,#15003,#15004));
#14981 = ORIENTED_EDGE('',*,*,#14616,.F.);
#14982 = ORIENTED_EDGE('',*,*,#14983,.F.);
#14983 = EDGE_CURVE('',#14145,#14617,#14984,.T.);
#14984 = SEAM_CURVE('',#14985,(#14989,#14996),.PCURVE_S1.);
#14985 = LINE('',#14986,#14987);
#14986 = CARTESIAN_POINT('',(3.6,3.,-9.));
#14987 = VECTOR('',#14988,1.);
#14988 = DIRECTION('',(0.,0.,1.));
#14989 = PCURVE('',#14165,#14990);
#14990 = DEFINITIONAL_REPRESENTATION('',(#14991),#14995);
#14991 = LINE('',#14992,#14993);
#14992 = CARTESIAN_POINT('',(-6.28318530718,-0.));
#14993 = VECTOR('',#14994,1.);
#14994 = DIRECTION('',(-0.,1.));
#14995 = ( GEOMETRIC_REPRESENTATION_CONTEXT(2) 
PARAMETRIC_REPRESENTATION_CONTEXT() REPRESENTATION_CONTEXT('2D SPACE',''
  ) );
#14996 = PCURVE('',#14165,#14997);
#14997 = DEFINITIONAL_REPRESENTATION('',(#14998),#15002);
#14998 = LINE('',#14999,#15000);
#14999 = CARTESIAN_POINT('',(-0.,-0.));
#15000 = VECTOR('',#15001,1.);
#15001 = DIRECTION('',(-0.,1.));
#15002 = ( GEOMETRIC_REPRESENTATION_CONTEXT(2) 
PARAMETRIC_REPRESENTATION_CONTEXT() REPRESENTATION_CONTEXT('2D SPACE',''
  ) );
#15003 = ORIENTED_EDGE('',*,*,#14144,.T.);
#15004 = ORIENTED_EDGE('',*,*,#14983,.T.);
#15005 = ADVANCED_FACE('',(#15006),#14200,.F.);
#15006 = FACE_BOUND('',#15007,.T.);
#15007 = EDGE_LOOP('',(#15008,#15041,#15062,#15063));
#15008 = ORIENTED_EDGE('',*,*,#15009,.F.);
#15009 = EDGE_CURVE('',#15010,#15010,#15012,.T.);
#15010 = VERTEX_POINT('',#15011);
#15011 = CARTESIAN_POINT('',(3.1,11.,2.7));
#15012 = SURFACE_CURVE('',#15013,(#15018,#15025),.PCURVE_S1.);
#15013 = CIRCLE('',#15014,3.1);
#15014 = AXIS2_PLACEMENT_3D('',#15015,#15016,#15017);
#15015 = CARTESIAN_POINT('',(6.2,11.,2.7));
#15016 = DIRECTION('',(0.,0.,-1.));
#15017 = DIRECTION('',(-1.,-0.,-0.));
#15018 = PCURVE('',#14200,#15019);
#15019 = DEFINITIONAL_REPRESENTATION('',(#15020),#15024);
#15020 = LINE('',#15021,#15022);
#15021 = CARTESIAN_POINT('',(-0.,2.7));
#15022 = VECTOR('',#15023,1.);
#15023 = DIRECTION('',(-1.,0.));
#15024 = ( GEOMETRIC_REPRESENTATION_CONTEXT(2) 
PARAMETRIC_REPRESENTATION_CONTEXT() REPRESENTATION_CONTEXT('2D SPACE',''
  ) );
#15025 = PCURVE('',#15026,#15031);
#15026 = PLANE('',#15027);
#15027 = AXIS2_PLACEMENT_3D('',#15028,#15029,#15030);
#15028 = CARTESIAN_POINT('',(6.2,11.,2.7));
#15029 = DIRECTION('',(0.,0.,1.));
#15030 = DIRECTION('',(1.,0.,0.));
#15031 = DEFINITIONAL_REPRESENTATION('',(#15032),#15040);
#15032 = ( BOUNDED_CURVE() B_SPLINE_CURVE(2,(#15033,#15034,#15035,#15036
    ,#15037,#15038,#15039),.UNSPECIFIED.,.T.,.F.) 
B_SPLINE_CURVE_WITH_KNOTS((1,2,2,2,2,1),(-2.094395102393,0.,
    2.094395102393,4.188790204786,6.28318530718,8.377580409573),
.UNSPECIFIED.) CURVE() GEOMETRIC_REPRESENTATION_ITEM() 
RATIONAL_B_SPLINE_CURVE((1.,0.5,1.,0.5,1.,0.5,1.)) REPRESENTATION_ITEM(
  '') );
#15033 = CARTESIAN_POINT('',(-3.1,0.));
#15034 = CARTESIAN_POINT('',(-3.1,5.369357503464));
#15035 = CARTESIAN_POINT('',(1.55,2.684678751732));
#15036 = CARTESIAN_POINT('',(6.2,7.592810154714E-16));
#15037 = CARTESIAN_POINT('',(1.55,-2.684678751732));
#15038 = CARTESIAN_POINT('',(-3.1,-5.369357503464));
#15039 = CARTESIAN_POINT('',(-3.1,0.));
#15040 = ( GEOMETRIC_REPRESENTATION_CONTEXT(2) 
PARAMETRIC_REPRESENTATION_CONTEXT() REPRESENTATION_CONTEXT('2D SPACE',''
  ) );
#15041 = ORIENTED_EDGE('',*,*,#15042,.F.);
#15042 = EDGE_CURVE('',#14180,#15010,#15043,.T.);
#15043 = SEAM_CURVE('',#15044,(#15048,#15055),.PCURVE_S1.);
#15044 = LINE('',#15045,#15046);
#15045 = CARTESIAN_POINT('',(3.1,11.,0.));
#15046 = VECTOR('',#15047,1.);
#15047 = DIRECTION('',(0.,0.,1.));
#15048 = PCURVE('',#14200,#15049);
#15049 = DEFINITIONAL_REPRESENTATION('',(#15050),#15054);
#15050 = LINE('',#15051,#15052);
#15051 = CARTESIAN_POINT('',(-6.28318530718,-0.));
#15052 = VECTOR('',#15053,1.);
#15053 = DIRECTION('',(-0.,1.));
#15054 = ( GEOMETRIC_REPRESENTATION_CONTEXT(2) 
PARAMETRIC_REPRESENTATION_CONTEXT() REPRESENTATION_CONTEXT('2D SPACE',''
  ) );
#15055 = PCURVE('',#14200,#15056);
#15056 = DEFINITIONAL_REPRESENTATION('',(#15057),#15061);
#15057 = LINE('',#15058,#15059);
#15058 = CARTESIAN_POINT('',(-0.,-0.));
#15059 = VECTOR('',#15060,1.);
#15060 = DIRECTION('',(-0.,1.));
#15061 = ( GEOMETRIC_REPRESENTATION_CONTEXT(2) 
PARAMETRIC_REPRESENTATION_CONTEXT() REPRESENTATION_CONTEXT('2D SPACE',''
  ) );
#15062 = ORIENTED_EDGE('',*,*,#14179,.T.);
#15063 = ORIENTED_EDGE('',*,*,#15042,.T.);
#15064 = ADVANCED_FACE('',(#15065),#14667,.F.);
#15065 = FACE_BOUND('',#15066,.T.);
#15066 = EDGE_LOOP('',(#15067,#15068,#15091,#15122));
#15067 = ORIENTED_EDGE('',*,*,#14646,.F.);
#15068 = ORIENTED_EDGE('',*,*,#15069,.F.);
#15069 = EDGE_CURVE('',#15070,#14647,#15072,.T.);
#15070 = VERTEX_POINT('',#15071);
#15071 = CARTESIAN_POINT('',(3.1,11.,7.5));
#15072 = SEAM_CURVE('',#15073,(#15077,#15084),.PCURVE_S1.);
#15073 = LINE('',#15074,#15075);
#15074 = CARTESIAN_POINT('',(3.1,11.,7.5));
#15075 = VECTOR('',#15076,1.);
#15076 = DIRECTION('',(0.,0.,1.));
#15077 = PCURVE('',#14667,#15078);
#15078 = DEFINITIONAL_REPRESENTATION('',(#15079),#15083);
#15079 = LINE('',#15080,#15081);
#15080 = CARTESIAN_POINT('',(-6.28318530718,-0.));
#15081 = VECTOR('',#15082,1.);
#15082 = DIRECTION('',(-0.,1.));
#15083 = ( GEOMETRIC_REPRESENTATION_CONTEXT(2) 
PARAMETRIC_REPRESENTATION_CONTEXT() REPRESENTATION_CONTEXT('2D SPACE',''
  ) );
#15084 = PCURVE('',#14667,#15085);
#15085 = DEFINITIONAL_REPRESENTATION('',(#15086),#15090);
#15086 = LINE('',#15087,#15088);
#15087 = CARTESIAN_POINT('',(-0.,-0.));
#15088 = VECTOR('',#15089,1.);
#15089 = DIRECTION('',(-0.,1.));
#15090 = ( GEOMETRIC_REPRESENTATION_CONTEXT(2) 
PARAMETRIC_REPRESENTATION_CONTEXT() REPRESENTATION_CONTEXT('2D SPACE',''
  ) );
#15091 = ORIENTED_EDGE('',*,*,#15092,.T.);
#15092 = EDGE_CURVE('',#15070,#15070,#15093,.T.);
#15093 = SURFACE_CURVE('',#15094,(#15099,#15106),.PCURVE_S1.);
#15094 = CIRCLE('',#15095,3.1);
#15095 = AXIS2_PLACEMENT_3D('',#15096,#15097,#15098);
#15096 = CARTESIAN_POINT('',(6.2,11.,7.5));
#15097 = DIRECTION('',(0.,0.,-1.));
#15098 = DIRECTION('',(-1.,-0.,-0.));
#15099 = PCURVE('',#14667,#15100);
#15100 = DEFINITIONAL_REPRESENTATION('',(#15101),#15105);
#15101 = LINE('',#15102,#15103);
#15102 = CARTESIAN_POINT('',(-0.,0.));
#15103 = VECTOR('',#15104,1.);
#15104 = DIRECTION('',(-1.,0.));
#15105 = ( GEOMETRIC_REPRESENTATION_CONTEXT(2) 
PARAMETRIC_REPRESENTATION_CONTEXT() REPRESENTATION_CONTEXT('2D SPACE',''
  ) );
#15106 = PCURVE('',#15107,#15112);
#15107 = PLANE('',#15108);
#15108 = AXIS2_PLACEMENT_3D('',#15109,#15110,#15111);
#15109 = CARTESIAN_POINT('',(6.2,11.,7.5));
#15110 = DIRECTION('',(0.,0.,1.));
#15111 = DIRECTION('',(1.,0.,0.));
#15112 = DEFINITIONAL_REPRESENTATION('',(#15113),#15121);
#15113 = ( BOUNDED_CURVE() B_SPLINE_CURVE(2,(#15114,#15115,#15116,#15117
    ,#15118,#15119,#15120),.UNSPECIFIED.,.T.,.F.) 
B_SPLINE_CURVE_WITH_KNOTS((1,2,2,2,2,1),(-2.094395102393,0.,
    2.094395102393,4.188790204786,6.28318530718,8.377580409573),
.UNSPECIFIED.) CURVE() GEOMETRIC_REPRESENTATION_ITEM() 
RATIONAL_B_SPLINE_CURVE((1.,0.5,1.,0.5,1.,0.5,1.)) REPRESENTATION_ITEM(
  '') );
#15114 = CARTESIAN_POINT('',(-3.1,0.));
#15115 = CARTESIAN_POINT('',(-3.1,5.369357503464));
#15116 = CARTESIAN_POINT('',(1.55,2.684678751732));
#15117 = CARTESIAN_POINT('',(6.2,7.592810154714E-16));
#15118 = CARTESIAN_POINT('',(1.55,-2.684678751732));
#15119 = CARTESIAN_POINT('',(-3.1,-5.369357503464));
#15120 = CARTESIAN_POINT('',(-3.1,0.));
#15121 = ( GEOMETRIC_REPRESENTATION_CONTEXT(2) 
PARAMETRIC_REPRESENTATION_CONTEXT() REPRESENTATION_CONTEXT('2D SPACE',''
  ) );
#15122 = ORIENTED_EDGE('',*,*,#15069,.T.);
#15123 = ADVANCED_FACE('',(#15124,#15127),#15026,.F.);
#15124 = FACE_BOUND('',#15125,.T.);
#15125 = EDGE_LOOP('',(#15126));
#15126 = ORIENTED_EDGE('',*,*,#15009,.T.);
#15127 = FACE_BOUND('',#15128,.T.);
#15128 = EDGE_LOOP('',(#15129));
#15129 = ORIENTED_EDGE('',*,*,#15130,.F.);
#15130 = EDGE_CURVE('',#15131,#15131,#15133,.T.);
#15131 = VERTEX_POINT('',#15132);
#15132 = CARTESIAN_POINT('',(4.5,11.,2.7));
#15133 = SURFACE_CURVE('',#15134,(#15139,#15150),.PCURVE_S1.);
#15134 = CIRCLE('',#15135,1.7);
#15135 = AXIS2_PLACEMENT_3D('',#15136,#15137,#15138);
#15136 = CARTESIAN_POINT('',(6.2,11.,2.7));
#15137 = DIRECTION('',(0.,0.,-1.));
#15138 = DIRECTION('',(-1.,0.,-0.));
#15139 = PCURVE('',#15026,#15140);
#15140 = DEFINITIONAL_REPRESENTATION('',(#15141),#15149);
#15141 = ( BOUNDED_CURVE() B_SPLINE_CURVE(2,(#15142,#15143,#15144,#15145
    ,#15146,#15147,#15148),.UNSPECIFIED.,.T.,.F.) 
B_SPLINE_CURVE_WITH_KNOTS((1,2,2,2,2,1),(-2.094395102393,0.,
    2.094395102393,4.188790204786,6.28318530718,8.377580409573),
.UNSPECIFIED.) CURVE() GEOMETRIC_REPRESENTATION_ITEM() 
RATIONAL_B_SPLINE_CURVE((1.,0.5,1.,0.5,1.,0.5,1.)) REPRESENTATION_ITEM(
  '') );
#15142 = CARTESIAN_POINT('',(-1.7,0.));
#15143 = CARTESIAN_POINT('',(-1.7,2.944486372867));
#15144 = CARTESIAN_POINT('',(0.85,1.472243186434));
#15145 = CARTESIAN_POINT('',(3.4,4.163799117101E-16));
#15146 = CARTESIAN_POINT('',(0.85,-1.472243186434));
#15147 = CARTESIAN_POINT('',(-1.7,-2.944486372867));
#15148 = CARTESIAN_POINT('',(-1.7,0.));
#15149 = ( GEOMETRIC_REPRESENTATION_CONTEXT(2) 
PARAMETRIC_REPRESENTATION_CONTEXT() REPRESENTATION_CONTEXT('2D SPACE',''
  ) );
#15150 = PCURVE('',#15151,#15156);
#15151 = CYLINDRICAL_SURFACE('',#15152,1.7);
#15152 = AXIS2_PLACEMENT_3D('',#15153,#15154,#15155);
#15153 = CARTESIAN_POINT('',(6.2,11.,0.));
#15154 = DIRECTION('',(0.,0.,1.));
#15155 = DIRECTION('',(-1.,-0.,-0.));
#15156 = DEFINITIONAL_REPRESENTATION('',(#15157),#15161);
#15157 = LINE('',#15158,#15159);
#15158 = CARTESIAN_POINT('',(-0.,2.7));
#15159 = VECTOR('',#15160,1.);
#15160 = DIRECTION('',(-1.,0.));
#15161 = ( GEOMETRIC_REPRESENTATION_CONTEXT(2) 
PARAMETRIC_REPRESENTATION_CONTEXT() REPRESENTATION_CONTEXT('2D SPACE',''
  ) );
#15162 = ADVANCED_FACE('',(#15163,#15166),#15107,.T.);
#15163 = FACE_BOUND('',#15164,.F.);
#15164 = EDGE_LOOP('',(#15165));
#15165 = ORIENTED_EDGE('',*,*,#15092,.T.);
#15166 = FACE_BOUND('',#15167,.F.);
#15167 = EDGE_LOOP('',(#15168));
#15168 = ORIENTED_EDGE('',*,*,#15169,.F.);
#15169 = EDGE_CURVE('',#15170,#15170,#15172,.T.);
#15170 = VERTEX_POINT('',#15171);
#15171 = CARTESIAN_POINT('',(4.5,11.,7.5));
#15172 = SURFACE_CURVE('',#15173,(#15178,#15189),.PCURVE_S1.);
#15173 = CIRCLE('',#15174,1.7);
#15174 = AXIS2_PLACEMENT_3D('',#15175,#15176,#15177);
#15175 = CARTESIAN_POINT('',(6.2,11.,7.5));
#15176 = DIRECTION('',(0.,0.,-1.));
#15177 = DIRECTION('',(-1.,0.,-0.));
#15178 = PCURVE('',#15107,#15179);
#15179 = DEFINITIONAL_REPRESENTATION('',(#15180),#15188);
#15180 = ( BOUNDED_CURVE() B_SPLINE_CURVE(2,(#15181,#15182,#15183,#15184
    ,#15185,#15186,#15187),.UNSPECIFIED.,.T.,.F.) 
B_SPLINE_CURVE_WITH_KNOTS((1,2,2,2,2,1),(-2.094395102393,0.,
    2.094395102393,4.188790204786,6.28318530718,8.377580409573),
.UNSPECIFIED.) CURVE() GEOMETRIC_REPRESENTATION_ITEM() 
RATIONAL_B_SPLINE_CURVE((1.,0.5,1.,0.5,1.,0.5,1.)) REPRESENTATION_ITEM(
  '') );
#15181 = CARTESIAN_POINT('',(-1.7,0.));
#15182 = CARTESIAN_POINT('',(-1.7,2.944486372867));
#15183 = CARTESIAN_POINT('',(0.85,1.472243186434));
#15184 = CARTESIAN_POINT('',(3.4,4.163799117101E-16));
#15185 = CARTESIAN_POINT('',(0.85,-1.472243186434));
#15186 = CARTESIAN_POINT('',(-1.7,-2.944486372867));
#15187 = CARTESIAN_POINT('',(-1.7,0.));
#15188 = ( GEOMETRIC_REPRESENTATION_CONTEXT(2) 
PARAMETRIC_REPRESENTATION_CONTEXT() REPRESENTATION_CONTEXT('2D SPACE',''
  ) );
#15189 = PCURVE('',#15151,#15190);
#15190 = DEFINITIONAL_REPRESENTATION('',(#15191),#15195);
#15191 = LINE('',#15192,#15193);
#15192 = CARTESIAN_POINT('',(-0.,7.5));
#15193 = VECTOR('',#15194,1.);
#15194 = DIRECTION('',(-1.,0.));
#15195 = ( GEOMETRIC_REPRESENTATION_CONTEXT(2) 
PARAMETRIC_REPRESENTATION_CONTEXT() REPRESENTATION_CONTEXT('2D SPACE',''
  ) );
#15196 = ADVANCED_FACE('',(#15197),#15151,.F.);
#15197 = FACE_BOUND('',#15198,.T.);
#15198 = EDGE_LOOP('',(#15199,#15200,#15221,#15222));
#15199 = ORIENTED_EDGE('',*,*,#15130,.T.);
#15200 = ORIENTED_EDGE('',*,*,#15201,.T.);
#15201 = EDGE_CURVE('',#15131,#15170,#15202,.T.);
#15202 = SEAM_CURVE('',#15203,(#15207,#15214),.PCURVE_S1.);
#15203 = LINE('',#15204,#15205);
#15204 = CARTESIAN_POINT('',(4.5,11.,0.));
#15205 = VECTOR('',#15206,1.);
#15206 = DIRECTION('',(0.,0.,1.));
#15207 = PCURVE('',#15151,#15208);
#15208 = DEFINITIONAL_REPRESENTATION('',(#15209),#15213);
#15209 = LINE('',#15210,#15211);
#15210 = CARTESIAN_POINT('',(-0.,-0.));
#15211 = VECTOR('',#15212,1.);
#15212 = DIRECTION('',(-0.,1.));
#15213 = ( GEOMETRIC_REPRESENTATION_CONTEXT(2) 
PARAMETRIC_REPRESENTATION_CONTEXT() REPRESENTATION_CONTEXT('2D SPACE',''
  ) );
#15214 = PCURVE('',#15151,#15215);
#15215 = DEFINITIONAL_REPRESENTATION('',(#15216),#15220);
#15216 = LINE('',#15217,#15218);
#15217 = CARTESIAN_POINT('',(-6.28318530718,-0.));
#15218 = VECTOR('',#15219,1.);
#15219 = DIRECTION('',(-0.,1.));
#15220 = ( GEOMETRIC_REPRESENTATION_CONTEXT(2) 
PARAMETRIC_REPRESENTATION_CONTEXT() REPRESENTATION_CONTEXT('2D SPACE',''
  ) );
#15221 = ORIENTED_EDGE('',*,*,#15169,.F.);
#15222 = ORIENTED_EDGE('',*,*,#15201,.F.);
#15223 = ( GEOMETRIC_REPRESENTATION_CONTEXT(3) 
GLOBAL_UNCERTAINTY_ASSIGNED_CONTEXT((#15227)) 
GLOBAL_UNIT_ASSIGNED_CONTEXT((#15224,#15225,#15226)) 
REPRESENTATION_CONTEXT('Context #1',
  '3D Context with UNIT and UNCERTAINTY') );
#15224 = ( LENGTH_UNIT() NAMED_UNIT(*) SI_UNIT(.MILLI.,.METRE.) );
#15225 = ( NAMED_UNIT(*) PLANE_ANGLE_UNIT() SI_UNIT($,.RADIAN.) );
#15226 = ( NAMED_UNIT(*) SI_UNIT($,.STERADIAN.) SOLID_ANGLE_UNIT() );
#15227 = UNCERTAINTY_MEASURE_WITH_UNIT(LENGTH_MEASURE(1.E-07),#15224,
  'distance_accuracy_value','confusion accuracy');
#15228 = CONTEXT_DEPENDENT_SHAPE_REPRESENTATION(#15229,#15231);
#15229 = ( REPRESENTATION_RELATIONSHIP('','',#13618,#13595) 
REPRESENTATION_RELATIONSHIP_WITH_TRANSFORMATION(#15230) 
SHAPE_REPRESENTATION_RELATIONSHIP() );
#15230 = ITEM_DEFINED_TRANSFORMATION('','',#11,#13596);
#15231 = PRODUCT_DEFINITION_SHAPE('Placement','Placement of an item',
  #15232);
#15232 = NEXT_ASSEMBLY_USAGE_OCCURRENCE('7','=>[0:1:1:9]','',#13590,
  #13613,$);
#15233 = PRODUCT_RELATED_PRODUCT_CATEGORY('part',$,(#13615));
#15234 = MECHANICAL_DESIGN_GEOMETRIC_PRESENTATION_REPRESENTATION('',(
    #15235),#5783);
#15235 = STYLED_ITEM('color',(#15236),#68);
#15236 = PRESENTATION_STYLE_ASSIGNMENT((#15237));
#15237 = SURFACE_STYLE_USAGE(.BOTH.,#15238);
#15238 = SURFACE_SIDE_STYLE('',(#15239));
#15239 = SURFACE_STYLE_FILL_AREA(#15240);
#15240 = FILL_AREA_STYLE('',(#15241));
#15241 = FILL_AREA_STYLE_COLOUR('',#15242);
#15242 = COLOUR_RGB('',0.908292463519,0.749387990722,0.534186264218);
ENDSEC;
END-ISO-10303-21;
